title,guide,pdf_url
42Q Cloud MES on AWS,Architecture diagrams for manufacturing,https://docs.aws.amazon.com/pdfs/reference-architecture-diagrams/latest/42q-cloud-mes/42q-cloud-mes.pdf
Accelerate Industrial Machine Connectivity on AWS,Architecture diagrams for manufacturing,https://docs.aws.amazon.com/pdfs/reference-architecture-diagrams/latest/industrial-machine-connectivity-eot/industrial-machine-connectivity-eot.pdf
Accenture Enterprise AI – Scaling Machine Learning and Deep Learning Models,AWS Whitepaper,https://docs.aws.amazon.com/pdfs/whitepapers/latest/accenture-ai-scaling-ml-and-deep-learning-models/accenture-ai-scaling-ml-and-deep-learning-models.pdf
Access Amazon WorkSpaces with Common Access Cards,Installation Guide,https://docs.aws.amazon.com/pdfs/whitepapers/latest/access-workspaces-with-access-cards/access-workspaces-with-access-cards.pdf
Account and Security Strategy for the Serverless Data Platform,Architecture diagrams for travel,https://docs.aws.amazon.com/pdfs/reference-architecture-diagrams/latest/account-security-data-platform/account-security-data-platform.pdf
Accreditation Models for Secure Cloud Adoption,AWS Whitepaper,https://docs.aws.amazon.com/pdfs/whitepapers/latest/accreditation-models-for-secure-cloud-adoption/accreditation-models-for-secure-cloud-adoption.pdf
Active Directory Domain Services on AWS,AWS Whitepaper,https://docs.aws.amazon.com/pdfs/whitepapers/latest/active-directory-domain-services/active-directory-domain-services.pdf
Active/Active and Active/Passive Configurations in AWS Direct Connect,Architecture Diagrams,https://docs.aws.amazon.com/pdfs/reference-architecture-diagrams/latest/active-active-and-active-passive-configurations-in-aws-direct-connect/active-active-and-active-passive-configurations-in-aws-direct-connect.pdf
Adobe Commerce and Magento Open Source on AWS,Architecture diagrams for retail,https://docs.aws.amazon.com/pdfs/reference-architecture-diagrams/latest/magento-ecommerce-on-aws/magento-ecommerce-on-aws.pdf
Advanced Distribution Management System on AWS,Architecture diagrams for power and utilities,https://docs.aws.amazon.com/pdfs/reference-architecture-diagrams/latest/advanced-distribution-management-system/advanced-distribution-management-system.pdf
Advanced Multi-AZ Resilience Patterns,Detecting and Mitigating Gray Failures,https://docs.aws.amazon.com/pdfs/whitepapers/latest/advanced-multi-az-resilience-patterns/advanced-multi-az-resilience-patterns.pdf
Aerospace Virtual Desktop Infrastructure (VDI) and High Performance Computing (HPC) on AWS,Architecture Diagrams,https://docs.aws.amazon.com/pdfs/reference-architecture-diagrams/latest/aws-aerospace-vdi-reference-architecture/aws-aerospace-vdi-reference-architecture.pdf
Agent Toolkit for AWS,User Guide,https://docs.aws.amazon.com/pdfs/agent-toolkit/latest/userguide/mcp-ug.pdf
Agent Workspace,Developer Guide,https://docs.aws.amazon.com/pdfs/agentworkspace/latest/devguide/developer-guide.pdf
Agentic AI Lens,AWS Well-Architected Framework,https://docs.aws.amazon.com/pdfs/wellarchitected/latest/agentic-ai-lens/agentic-ai-lens.pdf
AI-Enabled Audio Insight Processing Pipeline,Architecture Diagrams,https://docs.aws.amazon.com/pdfs/reference-architecture-diagrams/latest/ai-audio-insight-pipeline/ai-audio-insight-pipeline.pdf
AI/ML Based Intelligent Email Responder,Architecture Diagrams,https://docs.aws.amazon.com/pdfs/reference-architecture-diagrams/latest/ai-ml-intelligent-email-responder/ai-ml-intelligent-email-responder.pdf
Aircraft Predictive Maintenance,Architecture diagrams for travel,https://docs.aws.amazon.com/pdfs/reference-architecture-diagrams/latest/aircraft-predictive-maintenance/aircraft-predictive-maintenance.pdf
Aircraft Turn Tracking Passive Data Collection,Architecture diagrams for travel,https://docs.aws.amazon.com/pdfs/reference-architecture-diagrams/latest/aircraft-turn-tracking/aircraft-turn-tracking.pdf
Airline Data Platform with Master Data Management,Architecture diagrams for travel,https://docs.aws.amazon.com/pdfs/reference-architecture-diagrams/latest/airlines-data-platform-mdm/airlines-data-platform-mdm.pdf
Airline Schedule Engine,Architecture diagrams for travel,https://docs.aws.amazon.com/pdfs/reference-architecture-diagrams/latest/airline-schedule-engine/airline-schedule-engine.pdf
Airlines Data Platform,Architecture diagrams for travel,https://docs.aws.amazon.com/pdfs/reference-architecture-diagrams/latest/airlines-data-platform/airlines-data-platform.pdf
Airport Terminal Optimizer,Architecture diagrams for travel,https://docs.aws.amazon.com/pdfs/reference-architecture-diagrams/latest/airport-terminal-optimizer/airport-terminal-optimizer.pdf
Alfresco Digital Business Platform on AWS,Architecture Diagrams,https://docs.aws.amazon.com/pdfs/reference-architecture-diagrams/latest/alfresco-digital-business-platform/alfresco-digital-business-platform.pdf
Algorithmic Trading on AWS,Architecture diagrams for financial services,https://docs.aws.amazon.com/pdfs/reference-architecture-diagrams/latest/algorithmic-trading-on-aws/algorithmic-trading-on-aws.pdf
Amazon Alexa Skill for Airlines,Architecture diagrams for travel,https://docs.aws.amazon.com/pdfs/reference-architecture-diagrams/latest/alexa-skill-airlines/alexa-skill-airlines.pdf
Amazon API Gateway,Developer Guide,https://docs.aws.amazon.com/pdfs/apigateway/latest/developerguide/apigateway-dg.pdf
Amazon AppFlow,User Guide,https://docs.aws.amazon.com/pdfs/appflow/latest/userguide/appflow.pdf
Amazon Application Recovery Controller (ARC),Developer Guide,https://docs.aws.amazon.com/pdfs/r53recovery/latest/dg/r53-recovery-guide.pdf.pdf
Amazon Athena,User Guide,https://docs.aws.amazon.com/pdfs/athena/latest/ug/athena-ug.pdf
Amazon Aurora,Aurora Extended Content,https://docs.aws.amazon.com/pdfs/rds/latest/auroraextendedcontent/aurora-extended.pdf
Amazon Aurora,Release Notes for Aurora MySQL,https://docs.aws.amazon.com/pdfs/AmazonRDS/latest/AuroraMySQLReleaseNotes/aurora-mysql-relnotes.pdf
Amazon Aurora,Release Notes for Aurora PostgreSQL,https://docs.aws.amazon.com/pdfs/AmazonRDS/latest/AuroraPostgreSQLReleaseNotes/aurora-postgresql-relnotes.pdf
Amazon Aurora,User Guide for Aurora,https://docs.aws.amazon.com/pdfs/AmazonRDS/latest/AuroraUserGuide/aurora-ug.pdf
Amazon Aurora DSQL,User Guide,https://docs.aws.amazon.com/pdfs/aurora-dsql/latest/userguide/aurora-dsql-ug.pdf
Amazon Bedrock,User Guide,https://docs.aws.amazon.com/pdfs/bedrock/latest/userguide/bedrock-ug.pdf
Amazon Bedrock AgentCore,Developer Guide,https://docs.aws.amazon.com/pdfs/bedrock-agentcore/latest/devguide/bedrock-agentcore-dg.pdf
Amazon Braket,Developer Guide,https://docs.aws.amazon.com/pdfs/braket/latest/developerguide/braket-developer-guide.pdf
Amazon Chime,Administration Guide,https://docs.aws.amazon.com/pdfs/chime/latest/ag/chime-ag.pdf
Amazon Chime,User Guide,https://docs.aws.amazon.com/pdfs/chime/latest/ug/chime-ug.pdf
Amazon Chime SDK,Administration Guide,https://docs.aws.amazon.com/pdfs/chime-sdk/latest/ag/chime-sdk-ag.pdf
Amazon Chime SDK,Developer Guide,https://docs.aws.amazon.com/pdfs/chime-sdk/latest/dg/chime-sdk-dg.pdf
Amazon Cloud Directory,Developer Guide,https://docs.aws.amazon.com/pdfs/clouddirectory/latest/developerguide/clouddirectory-dev-guide.pdf
Amazon CloudFront,Developer Guide,https://docs.aws.amazon.com/pdfs/AmazonCloudFront/latest/DeveloperGuide/AmazonCloudFront_DevGuide.pdf
Amazon CloudSearch,Developer Guide,https://docs.aws.amazon.com/pdfs/cloudsearch/latest/developerguide/cloudsearch-dg.pdf
Amazon CloudWatch,Observability Admin API Reference,https://docs.aws.amazon.com/pdfs/cloudwatch/latest/observabilityadmin/observabilityadmin.pdf
Amazon CloudWatch,User Guide,https://docs.aws.amazon.com/pdfs/AmazonCloudWatch/latest/monitoring/acw-ug.pdf
Amazon CloudWatch Logs,User Guide,https://docs.aws.amazon.com/pdfs/AmazonCloudWatch/latest/logs/cwl-ug.pdf
Amazon CodeCatalyst,Administrator Guide,https://docs.aws.amazon.com/pdfs/codecatalyst/latest/adminguide/codecatalyst-ag.pdf
Amazon CodeCatalyst,Developer Guide,https://docs.aws.amazon.com/pdfs/codecatalyst/latest/adk/codecatalyst-action-dg.pdf
Amazon CodeCatalyst,User Guide,https://docs.aws.amazon.com/pdfs/codecatalyst/latest/userguide/codecatalyst-ug.pdf
Amazon CodeGuru Profiler,API Reference,https://docs.aws.amazon.com/pdfs/codeguru/latest/profiler-api/profiler-api.pdf
Amazon CodeGuru Profiler,User Guide,https://docs.aws.amazon.com/pdfs/codeguru/latest/profiler-ug/profiler-ug.pdf
Amazon CodeGuru Reviewer,API Reference,https://docs.aws.amazon.com/pdfs/codeguru/latest/reviewer-api/reviewer-api.pdf
Amazon CodeGuru Reviewer,User Guide,https://docs.aws.amazon.com/pdfs/codeguru/latest/reviewer-ug/reviewer-ug.pdf
Amazon Cognito,Developer Guide,https://docs.aws.amazon.com/pdfs/cognito/latest/developerguide/cognito-dg.pdf
Amazon Comprehend,Developer Guide,https://docs.aws.amazon.com/pdfs/comprehend/latest/dg/comprehend-dg.pdf
Amazon Comprehend Medical,Developer Guide,https://docs.aws.amazon.com/pdfs/comprehend-medical/latest/dev/compmed-dev.pdf
Amazon Connect,Developer Guide,https://docs.aws.amazon.com/pdfs/connect/latest/devguide/connect-dg.pdf
Amazon Connect Customer,Administrator Guide,https://docs.aws.amazon.com/pdfs/connect/latest/adminguide/connect-ag.pdf
Amazon Connect Decisions,Administrator Guide,https://docs.aws.amazon.com/pdfs/connect-decisions/latest/adminguide/connect-decisions-ag.pdf
Amazon Connect Decisions,User Guide,https://docs.aws.amazon.com/pdfs/connect-decisions/latest/userguide/connect-decisions-ug.pdf
Amazon Connect Health,User Guide,https://docs.aws.amazon.com/pdfs/connecthealth/latest/userguide/connecthealth-ug.pdf
Amazon Connect Talent,Administrator Guide,https://docs.aws.amazon.com/pdfs/talent/latest/adminguide/Talent-ag.pdf
Amazon Connect Talent,User Guide,https://docs.aws.amazon.com/pdfs/talent/latest/userguide/Talent-ug.pdf
Amazon Corretto 11,Corretto 11 User Guide,https://docs.aws.amazon.com/pdfs/corretto/latest/corretto-11-ug/Corretto-11.pdf
Amazon Corretto 17,Corretto 17 User Guide,https://docs.aws.amazon.com/pdfs/corretto/latest/corretto-17-ug/Corretto-17.pdf
Amazon Corretto 21,Corretto 21 User Guide,https://docs.aws.amazon.com/pdfs/corretto/latest/corretto-21-ug/Corretto-21.pdf
Amazon Corretto 25,Corretto 25 User Guide,https://docs.aws.amazon.com/pdfs/corretto/latest/corretto-25-ug/Corretto-25.pdf
Amazon Corretto 26,Corretto 26 User Guide,https://docs.aws.amazon.com/pdfs/corretto/latest/corretto-26-ug/Corretto-26.pdf
Amazon Corretto 27,Corretto 27 User Guide,https://docs.aws.amazon.com/pdfs/corretto/latest/corretto-27-ug/Corretto-27.pdf
Amazon Corretto 8,Corretto 8 User Guide,https://docs.aws.amazon.com/pdfs/corretto/latest/corretto-8-ug/Corretto-8.pdf
Amazon Data Firehose,Developer Guide,https://docs.aws.amazon.com/pdfs/firehose/latest/dev/firehose-dg.pdf
Amazon DataZone,User Guide,https://docs.aws.amazon.com/pdfs/datazone/latest/userguide/datazone-ug.pdf
Amazon DCV,Administrator Guide,https://docs.aws.amazon.com/pdfs/dcv/latest/adminguide/dcv-ag.pdf
Amazon DCV,Extension SDK Developer Guide,https://docs.aws.amazon.com/pdfs/dcv/latest/extsdkguide/extsdkguide.pdf
Amazon DCV,User Guide,https://docs.aws.amazon.com/pdfs/dcv/latest/userguide/dcv-ug.pdf
Amazon DCV,Web Client SDK Developer Guide,https://docs.aws.amazon.com/pdfs/dcv/latest/websdkguide/websdkguide.pdf
Amazon DCV Access Console,Console Guide,https://docs.aws.amazon.com/pdfs/dcv/latest/access-console/access-console.pdf
Amazon DCV Connection Gateway,Administrator Guide,https://docs.aws.amazon.com/pdfs/dcv/latest/gw-admin/gw-admin.pdf
Amazon DCV Session Manager,Administrator Guide,https://docs.aws.amazon.com/pdfs/dcv/latest/sm-admin/sm-admin.pdf
Amazon DCV Session Manager,CLI Guide,https://docs.aws.amazon.com/pdfs/dcv/latest/sm-cli/sm-cli.pdf
Amazon DCV Session Manager,Developer Guide,https://docs.aws.amazon.com/pdfs/dcv/latest/sm-dev/sm-dev.pdf
Amazon Detective,User Guide,https://docs.aws.amazon.com/pdfs/detective/latest/userguide/detective-ug.pdf
Amazon DevOps Guru,User Guide,https://docs.aws.amazon.com/pdfs/devops-guru/latest/userguide/userguide.pdf
Amazon DocumentDB,Developer Guide,https://docs.aws.amazon.com/pdfs/documentdb/latest/devguide/devguide.pdf
Amazon DynamoDB,Developer Guide,https://docs.aws.amazon.com/pdfs/amazondynamodb/latest/developerguide/dynamodb-dg.pdf
Amazon EBS,User Guide,https://docs.aws.amazon.com/pdfs/ebs/latest/userguide/ebs-ug.pdf
Amazon EBS Backup & Restore using AWS Backup,Hands-on tutorials,https://docs.aws.amazon.com/pdfs/hands-on/latest/amazon-ebs-backup-and-restore-using-aws-backup/amazon-ebs-backup-and-restore-using-aws-backup.pdf
Amazon EC2,Instance Types,https://docs.aws.amazon.com/pdfs/ec2/latest/instancetypes/ec2-types.pdf
Amazon EC2 Auto Scaling,User Guide,https://docs.aws.amazon.com/pdfs/autoscaling/ec2/userguide/as-dg.pdf
Amazon EC2 Overview and Networking Introduction for Telecom Companies,AWS Whitepaper,https://docs.aws.amazon.com/pdfs/whitepapers/latest/ec2-networking-for-telecom/ec2-networking-for-telecom.pdf
Amazon ECR,User Guide,https://docs.aws.amazon.com/pdfs/AmazonECR/latest/userguide/ecr-ug.pdf
Amazon ECR Public,User Guide,https://docs.aws.amazon.com/pdfs/AmazonECR/latest/public/ecr-public-ug.pdf
Amazon EKS,Best Practices Guide,https://docs.aws.amazon.com/pdfs/eks/latest/best-practices/eks-bpg.pdf
Amazon EKS,User Guide,https://docs.aws.amazon.com/pdfs/eks/latest/userguide/eks-ug.pdf
Amazon EKS on AWS Outposts Rack,Architecture Diagrams,https://docs.aws.amazon.com/pdfs/reference-architecture-diagrams/latest/amazon-eks-on-aws-outposts-rack/amazon-eks-on-aws-outposts-rack.pdf
Amazon Elastic Compute Cloud,Developer Guide,https://docs.aws.amazon.com/pdfs/ec2/latest/devguide/ec2-dg.pdf
Amazon Elastic Compute Cloud,User Guide,https://docs.aws.amazon.com/pdfs/AWSEC2/latest/UserGuide/ec2-ug.pdf
Amazon Elastic Container Service,Developer Guide,https://docs.aws.amazon.com/pdfs/AmazonECS/latest/developerguide/ecs-dg.pdf
Amazon Elastic File System,User Guide,https://docs.aws.amazon.com/pdfs/efs/latest/ug/efs-ug.pdf
Amazon Elastic VMware Service,User Guide,https://docs.aws.amazon.com/pdfs/evs/latest/userguide/evs-ug.pdf
Amazon ElastiCache,User Guide,https://docs.aws.amazon.com/pdfs/AmazonElastiCache/latest/dg/redis-ug.pdf
Amazon EMR,Amazon EMR on EKS Development Guide,https://docs.aws.amazon.com/pdfs/emr/latest/EMR-on-EKS-DevelopmentGuide/emr-on-eks-dev-guide.pdf
Amazon EMR,Amazon EMR Serverless User Guide,https://docs.aws.amazon.com/pdfs/emr/latest/EMR-Serverless-UserGuide/emr-serverless-user-guide.pdf
Amazon EMR,Management Guide,https://docs.aws.amazon.com/pdfs/emr/latest/ManagementGuide/emr-mgmt.pdf
Amazon EventBridge,Amazon EventBridge Onboarding Guide,https://docs.aws.amazon.com/pdfs/eventbridge/latest/onboarding/eventbridge-onboarding.pdf
Amazon EventBridge,Events Reference,https://docs.aws.amazon.com/pdfs/eventbridge/latest/ref/ev-ref.pdf
Amazon EventBridge,User Guide,https://docs.aws.amazon.com/pdfs/eventbridge/latest/userguide/user-guide.pdf
Amazon EventBridge Pipes,APIReference,https://docs.aws.amazon.com/pdfs/eventbridge/latest/pipes-reference/eventbridge-pipes-api.pdf
Amazon EventBridge Schemas,REST API Reference,https://docs.aws.amazon.com/pdfs/eventbridge/latest/schema-reference/eventbridge-schema-api.pdf
Amazon File Cache,File Cache User Guide,https://docs.aws.amazon.com/pdfs/fsx/latest/FileCacheGuide/FileCacheGuide.pdf
Amazon FinSpace,Data API Reference,https://docs.aws.amazon.com/pdfs/finspace/latest/data-api/api-reference.pdf
Amazon FinSpace,Management API Reference,https://docs.aws.amazon.com/pdfs/finspace/latest/management-api/api-reference.pdf
Amazon FinSpace,User Guide,https://docs.aws.amazon.com/pdfs/finspace/latest/userguide/finspace-ug.pdf
Amazon Forecast,Developer Guide,https://docs.aws.amazon.com/pdfs/forecast/latest/dg/forecast.dg.pdf
Amazon Fraud Detector,User Guide,https://docs.aws.amazon.com/pdfs/frauddetector/latest/ug/frauddetector.pdf
Amazon FSx for Windows File Server,Windows User Guide,https://docs.aws.amazon.com/pdfs/fsx/latest/WindowsGuide/WindowsGuide.pdf
Amazon GameLift Servers,FleetIQ Developer Guide,https://docs.aws.amazon.com/pdfs/gameliftservers/latest/fleetiqguide/gameliftservers-fleetiq.pdf
Amazon GameLift Servers,FlexMatch Developer Guide,https://docs.aws.amazon.com/pdfs/gameliftservers/latest/flexmatchguide/gameliftservers-flexmatch.pdf
Amazon GameLift Servers,Hosting Guide,https://docs.aws.amazon.com/pdfs/gameliftservers/latest/developerguide/gameliftservers-dg.pdf
Amazon GameLift Servers,Realtime Servers Developer Guide,https://docs.aws.amazon.com/pdfs/gameliftservers/latest/realtimeguide/gameliftservers-realtime.pdf
Amazon GameLift Streams,Developer Guide,https://docs.aws.amazon.com/pdfs/gameliftstreams/latest/developerguide/AmazonGameLiftStreams_DeveloperGuide.pdf
Amazon Glacier,Developer Guide,https://docs.aws.amazon.com/pdfs/amazonglacier/latest/dev/glacier-dg.pdf
Amazon GuardDuty,Amazon GuardDuty User Guide,https://docs.aws.amazon.com/pdfs/guardduty/latest/ug/guardduty-ug.pdf
Amazon Inspector,User Guide,https://docs.aws.amazon.com/pdfs/inspector/latest/user/inspector-guide.pdf
Amazon IVS,Chat API Reference,https://docs.aws.amazon.com/pdfs/ivs/latest/ChatAPIReference/IVS Chat API.pdf
Amazon IVS,Chat Messaging API Reference,https://docs.aws.amazon.com/pdfs/ivs/latest/chatmsgapireference/ivs-chatmsgapireference.pdf
Amazon IVS,Chat User Guide,https://docs.aws.amazon.com/pdfs/ivs/latest/ChatUserGuide/ivs-chat-ug.pdf
Amazon IVS,Low-Latency Streaming API Reference,https://docs.aws.amazon.com/pdfs/ivs/latest/LowLatencyAPIReference/Low-Latency Streaming IVS API.pdf
Amazon IVS,Low-Latency Streaming User Guide,https://docs.aws.amazon.com/pdfs/ivs/latest/LowLatencyUserGuide/ivs-low-latency-ug.pdf
Amazon IVS,Multitrack Video Integration API Reference,https://docs.aws.amazon.com/pdfs/ivs/latest/BroadcastSWIntegAPIReference/ivs-broadcastswintegapireference.pdf
Amazon IVS,Real-Time Streaming API Reference,https://docs.aws.amazon.com/pdfs/ivs/latest/RealTimeAPIReference/IVS Real-Time API Streaming Reference.pdf
Amazon IVS,Real-Time Streaming User Guide,https://docs.aws.amazon.com/pdfs/ivs/latest/RealTimeUserGuide/ivs-real-time-ug.pdf
Amazon Kendra,Developer Guide,https://docs.aws.amazon.com/pdfs/kendra/latest/dg/kendra-dg.pdf
Amazon Keyspaces,Streams API Reference,https://docs.aws.amazon.com/pdfs/keyspaces/latest/StreamsAPIReference/keyspaces-streams-api.pdf
Amazon Keyspaces (for Apache Cassandra),Developer Guide,https://docs.aws.amazon.com/pdfs/keyspaces/latest/devguide/AmazonKeyspaces.pdf
Amazon Kinesis Agent for Microsoft Windows,User Guide,https://docs.aws.amazon.com/pdfs/kinesis-agent-windows/latest/userguide/kaw-user-guide.pdf.pdf
Amazon Kinesis Data Analytics for SQL Applications Developer Guide,SQL Developer Guide,https://docs.aws.amazon.com/pdfs/kinesisanalytics/latest/dev/analytics-api.pdf
Amazon Kinesis Data Analytics SQL Reference,SQL Reference,https://docs.aws.amazon.com/pdfs/kinesisanalytics/latest/sqlref/kinesis-analytics-sqlref.pdf
Amazon Kinesis Data Streams,Developer Guide,https://docs.aws.amazon.com/pdfs/streams/latest/dev/kinesis-dg.pdf
Amazon Kinesis Video Streams,Developer Guide,https://docs.aws.amazon.com/pdfs/kinesisvideostreams/latest/dg/kinesisvideo-dg.pdf
Amazon Lex,V2 Developer Guide,https://docs.aws.amazon.com/pdfs/lexv2/latest/dg/lex2.0.pdf
Amazon Lightsail,User Guide,https://docs.aws.amazon.com/pdfs/lightsail/latest/userguide/lightsail-ug.pdf
Amazon Lightsail for Research,User Guide,https://docs.aws.amazon.com/pdfs/lightsail-for-research/latest/ug/lightsail-for-research.pdf
Amazon Linux 1,User Guide,https://docs.aws.amazon.com/pdfs/linux/al1/ug/al1-ug.pdf
Amazon Linux 2,User Guide,https://docs.aws.amazon.com/pdfs/linux/al2/ug/al2-ug.pdf
Amazon Linux 2023,User Guide,https://docs.aws.amazon.com/pdfs/linux/al2023/ug/al2023-ug.pdf
Amazon Linux 2027,User Guide,https://docs.aws.amazon.com/pdfs/linux/al2027/ug/al2027-ug.pdf
Amazon Location Service,Developer Guide,https://docs.aws.amazon.com/pdfs/location/previous/developerguide/amazon-location-developer-guide.pdf
Amazon Location Service,Developer Guide,https://docs.aws.amazon.com/pdfs/location/latest/developerguide/amazon-location-developer-guide.pdf
Amazon Lookout for Equipment,User Guide,https://docs.aws.amazon.com/pdfs/lookout-for-equipment/latest/userguide/amazon-lookout-for-equipment-userguide.pdf
Amazon Lookout for Equipment,User Guide,https://docs.aws.amazon.com/pdfs/lookout-for-equipment/latest/ug/amazon-lookout-for-equipment-ug.pdf
Amazon Machine Learning,Developer Guide,https://docs.aws.amazon.com/pdfs/machine-learning/latest/dg/machinelearning-dg.pdf
Amazon Macie,User Guide,https://docs.aws.amazon.com/pdfs/macie/latest/user/macie-user-guide.pdf
Amazon Managed Blockchain,AMB Query API Reference,https://docs.aws.amazon.com/pdfs/managed-blockchain/latest/AMBQ-APIReference/managedblockchain-query-api.pdf
Amazon Managed Blockchain (AMB),Ethereum Developer Guide,https://docs.aws.amazon.com/pdfs/managed-blockchain/latest/ethereum-dev/amazon-managed-blockchain-ethereum-dev.pdf
Amazon Managed Blockchain (AMB),Hyperledger Fabric Developer Guide,https://docs.aws.amazon.com/pdfs/managed-blockchain/latest/hyperledger-fabric-dev/amazon-managed-blockchain-hyperledger-fabric-dev.pdf
Amazon Managed Blockchain Query,Developer Guide,https://docs.aws.amazon.com/pdfs/managed-blockchain/latest/ambq-dg/ambq-dg.pdf
Amazon Managed Grafana,User Guide,https://docs.aws.amazon.com/pdfs/grafana/latest/userguide/service-guide.pdf.pdf
Amazon Managed Service for Apache Flink (formerly Amazon Kinesis Data Analytics for Apache Flink),API Reference,https://docs.aws.amazon.com/pdfs/managed-flink/latest/apiv2/managed-service-for-apache-flink-java-api.pdf
Amazon Managed Service for Prometheus,User Guide,https://docs.aws.amazon.com/pdfs/prometheus/latest/userguide/amazon-managed-prometheus-user-guide.pdf
Amazon Managed Streaming for Apache Kafka,Amazon MSK Replicator API Reference,https://docs.aws.amazon.com/pdfs/msk/1.0/apireference-replicator/MSKAPIRefReplicator.pdf
Amazon Managed Streaming for Apache Kafka,Developer Guide,https://docs.aws.amazon.com/pdfs/msk/latest/developerguide/MSKDevGuide.pdf
Amazon Managed Workflows for Apache Airflow,Migration Guide,https://docs.aws.amazon.com/pdfs/mwaa/latest/migrationguide/amazon-mwaa-mg.pdf
Amazon Managed Workflows for Apache Airflow,User Guide,https://docs.aws.amazon.com/pdfs/mwaa/latest/userguide/amazon-mwaa-user-guide.pdf
Amazon Managed Workflows for Apache Airflow Serverless,Amazon MWAA Serverless User Guide,https://docs.aws.amazon.com/pdfs/mwaa/latest/mwaa-serverless-userguide/mwaa-serverless-userguide.pdf
Amazon MemoryDB,Developer Guide,https://docs.aws.amazon.com/pdfs/memorydb/latest/devguide/memorydb-guide.pdf.pdf
Amazon Mobile Analytics,User Guide,https://docs.aws.amazon.com/pdfs/mobileanalytics/latest/ug/mobile-analytics-ug.pdf
Amazon Monitron,Getting Started Guide,https://docs.aws.amazon.com/pdfs/Monitron/latest/getting-started-guide/amazon-monitron-gsg.pdf
Amazon Monitron,User Guide,https://docs.aws.amazon.com/pdfs/Monitron/latest/user-guide/AmazonMonitronUG.pdf
Amazon MQ,Amazon MQ Migration Guide,https://docs.aws.amazon.com/pdfs/amazon-mq/latest/migration-guide/amazon-mq-mg.pdf
Amazon MQ,Developer Guide,https://docs.aws.amazon.com/pdfs/amazon-mq/latest/developer-guide/amazon-mq-dg.pdf
Amazon MSK Connect,API Reference,https://docs.aws.amazon.com/pdfs/MSKC/latest/mskc/mskc-api.pdf
Amazon Neptune,API Reference,https://docs.aws.amazon.com/pdfs/neptune/latest/apiref/neptune-apiref.pdf
Amazon Neptune,User Guide,https://docs.aws.amazon.com/pdfs/neptune/latest/userguide/neptune-ug.pdf
Amazon Nova,Developer Guide for Amazon Nova 2,https://docs.aws.amazon.com/pdfs/nova/latest/nova2-userguide/nova2-ug.pdf
Amazon Nova,User Guide for Amazon Nova,https://docs.aws.amazon.com/pdfs/nova/latest/userguide/nova-ug.pdf
Amazon Nova Act,User Guide,https://docs.aws.amazon.com/pdfs/nova-act/latest/userguide/nova-act-ug.pdf
Amazon OpenSearch Serverless,API Reference,https://docs.aws.amazon.com/pdfs/opensearch-service/latest/ServerlessAPIReference/opensearchserverless-api.pdf
Amazon OpenSearch Service,Developer Guide,https://docs.aws.amazon.com/pdfs/opensearch-service/latest/developerguide/opensearch-service-dg.pdf
Amazon OpenSearch Service Lens,AWS Well-Architected Framework,https://docs.aws.amazon.com/pdfs/wellarchitected/latest/amazon-opensearch-service-lens/amazon-opensearch-service-lens.pdf
Amazon OpenSearch Trending Queries with AWS Glue and Amazon Bedrock,Architecture Diagrams,https://docs.aws.amazon.com/pdfs/reference-architecture-diagrams/latest/opensearch-trending-queries/opensearch-trending-queries.pdf
Amazon Personalize,Developer Guide,https://docs.aws.amazon.com/pdfs/personalize/latest/dg/personalize-dg.pdf
Amazon Pinpoint,Developer Guide,https://docs.aws.amazon.com/pdfs/pinpoint/latest/developerguide/pinpoint-dg.pdf
Amazon Pinpoint,Resilient Architecture Guide,https://docs.aws.amazon.com/pdfs/pinpoint/latest/archguide/pinpoint-resarchguide.pdf
Amazon Pinpoint,User Guide,https://docs.aws.amazon.com/pdfs/pinpoint/latest/userguide/pinpoint-ug.pdf
Amazon Polly,Developer Guide,https://docs.aws.amazon.com/pdfs/polly/latest/dg/polly-dg.pdf
Amazon Q Business,User Guide,https://docs.aws.amazon.com/pdfs/amazonq/latest/qbusiness-ug/qbusiness-ug.pdf
Amazon Q Developer,User Guide,https://docs.aws.amazon.com/pdfs/amazonq/latest/qdeveloper-ug/amazonq-developer-ug.pdf
Amazon Q Developer in chat applications,Administrator Guide,https://docs.aws.amazon.com/pdfs/chatbot/latest/adminguide/qdev-in-chat-applications-ag.pdf
Amazon Quick,User Guide,https://docs.aws.amazon.com/pdfs/quick/latest/userguide/amazon-quicksuite-user.pdf
Amazon Quick Sight,Developer Guide,https://docs.aws.amazon.com/pdfs/quicksight/latest/developerguide/amazon-quicksight-dg.pdf
Amazon RDS Backup & Restore Using AWS Backup,Hands-on tutorials,https://docs.aws.amazon.com/pdfs/hands-on/latest/amazon-rds-backup-restore-using-aws-backup/amazon-rds-backup-restore-using-aws-backup.pdf
Amazon RDS on AWS Outposts,Architecture Diagrams,https://docs.aws.amazon.com/pdfs/reference-architecture-diagrams/latest/amazon-rds-on-aws-outposts/amazon-rds-on-aws-outposts.pdf
Amazon Redshift,Database Developer Guide,https://docs.aws.amazon.com/pdfs/redshift/latest/dg/redshift-dg.pdf
Amazon Redshift,Getting Started Guide,https://docs.aws.amazon.com/pdfs/redshift/latest/gsg/redshift-gsg.pdf
Amazon Redshift,Management Guide,https://docs.aws.amazon.com/pdfs/redshift/latest/mgmt/redshift-mgmt.pdf
Amazon Rekognition,Developer Guide,https://docs.aws.amazon.com/pdfs/rekognition/latest/dg/rekognition-dg.pdf
Amazon Relational Database Service,Amazon RDS for Oracle Release Notes,https://docs.aws.amazon.com/pdfs/AmazonRDS/latest/OracleReleaseNotes/rds-oracle-relnotes.pdf
Amazon Relational Database Service,Amazon RDS for PostgreSQL Release Notes,https://docs.aws.amazon.com/pdfs/AmazonRDS/latest/PostgreSQLReleaseNotes/rds-postgresql-relnotes.pdf
Amazon Relational Database Service,Getting Started Guide,https://docs.aws.amazon.com/pdfs/AmazonRDS/latest/gettingstartedguide/rds-gsg.pdf
Amazon Relational Database Service,User Guide,https://docs.aws.amazon.com/pdfs/AmazonRDS/latest/UserGuide/rds-ug.pdf
Amazon Route 53,Developer Guide,https://docs.aws.amazon.com/pdfs/Route53/latest/DeveloperGuide/route53-dg.pdf
Amazon S3 Encryption Client,Developer Guide,https://docs.aws.amazon.com/pdfs/amazon-s3-encryption-client/latest/developerguide/amazon-s3-encryption-client.pdf
Amazon S3 on Outposts,User Guide,https://docs.aws.amazon.com/pdfs/AmazonS3/latest/s3-outposts/s3-outposts.pdf
Amazon SageMaker,User Guide,https://docs.aws.amazon.com/pdfs/next-generation-sagemaker/latest/userguide/next-generation-sagemaker-ug.pdf
Amazon SageMaker AI,Developer Guide,https://docs.aws.amazon.com/pdfs/sagemaker/latest/dg/sagemaker-dg.pdf
Amazon SageMaker Unified Studio,Administrator Guide,https://docs.aws.amazon.com/pdfs/sagemaker-unified-studio/latest/adminguide/sagemaker-unified-studio-admin.pdf
Amazon SageMaker Unified Studio,User Guide,https://docs.aws.amazon.com/pdfs/sagemaker-unified-studio/latest/userguide/sagemaker-unified-studio-user-guide.pdf
Amazon Security Lake,User Guide,https://docs.aws.amazon.com/pdfs/security-lake/latest/userguide/security-lake-userguide.pdf
Amazon Silk,User Guide,https://docs.aws.amazon.com/pdfs/silk/latest/developerguide/silk-dg.pdf
Amazon Simple Email Service,API v2 Reference,https://docs.aws.amazon.com/pdfs/ses/latest/APIReference-V2/ses-apiv2.pdf
Amazon Simple Email Service,Developer Guide,https://docs.aws.amazon.com/pdfs/ses/latest/dg/ses-dg.pdf
Amazon Simple Notification Service,Developer Guide,https://docs.aws.amazon.com/pdfs/sns/latest/dg/sns-dg.pdf
Amazon Simple Queue Service,Developer Guide,https://docs.aws.amazon.com/pdfs/AWSSimpleQueueService/latest/SQSDeveloperGuide/sqs-dg.pdf
Amazon Simple Storage Service,Developer Guide,https://docs.aws.amazon.com/pdfs/AmazonS3/latest/developerguide/s3-devguide.pdf
Amazon Simple Storage Service,User Guide,https://docs.aws.amazon.com/pdfs/AmazonS3/latest/userguide/s3-userguide.pdf
Amazon Simple Workflow Service,Developer Guide,https://docs.aws.amazon.com/pdfs/amazonswf/latest/developerguide/swf-dg.pdf
Amazon SimpleDB,Developer Guide,https://docs.aws.amazon.com/pdfs/AmazonSimpleDB/latest/DeveloperGuide/sdb-dg.pdf
Amazon Textract,Developer Guide,https://docs.aws.amazon.com/pdfs/textract/latest/dg/textract-dg.pdf
Amazon Timestream,Developer Guide,https://docs.aws.amazon.com/pdfs/timestream/latest/developerguide/timestream.pdf
Amazon Transcribe,Developer Guide,https://docs.aws.amazon.com/pdfs/transcribe/latest/dg/transcribe-dg.pdf
Amazon Translate,Developer Guide,https://docs.aws.amazon.com/pdfs/translate/latest/dg/translate-dg.pdf
Amazon Verified Permissions,User Guide,https://docs.aws.amazon.com/pdfs/verifiedpermissions/latest/userguide/amazon-verified-permissions-user-guide.pdf
Amazon Virtual Andon,AWS Reference Architecture Diagram,https://docs.aws.amazon.com/pdfs/architecture-diagrams/latest/amazon-virtual-andon/amazon-virtual-andon.pdf
Amazon Virtual Andon,AWS Reference Architecture Diagram,https://docs.aws.amazon.com/pdfs/reference-architecture-diagrams/latest/amazon-virtual-andon/amazon-virtual-andon.pdf
Amazon Virtual Private Cloud,AWS PrivateLink,https://docs.aws.amazon.com/pdfs/vpc/latest/privatelink/aws-privatelink.pdf
Amazon Virtual Private Cloud,IP Address Manager,https://docs.aws.amazon.com/pdfs/vpc/latest/ipam/vpc-ipam.pdf
Amazon Virtual Private Cloud,Network Access Analyzer,https://docs.aws.amazon.com/pdfs/vpc/latest/network-access-analyzer/network-access-analyzer.pdf
Amazon Virtual Private Cloud,Reachability Analyzer,https://docs.aws.amazon.com/pdfs/vpc/latest/reachability/reachability-ug.pdf
Amazon Virtual Private Cloud,Traffic Mirroring,https://docs.aws.amazon.com/pdfs/vpc/latest/mirroring/vpc-tm.pdf
Amazon Virtual Private Cloud,User Guide,https://docs.aws.amazon.com/pdfs/vpc/latest/userguide/vpc-ug.pdf
Amazon Virtual Private Cloud,VPC Peering,https://docs.aws.amazon.com/pdfs/vpc/latest/peering/vpc-pg.pdf
Amazon Virtual Private Cloud Connectivity Options,AWS Whitepaper,https://docs.aws.amazon.com/pdfs/whitepapers/latest/aws-vpc-connectivity-options/aws-vpc-connectivity-options.pdf
Amazon VPC,AWS Transit Gateway,https://docs.aws.amazon.com/pdfs/vpc/latest/tgw/vpc-tgw.pdf
Amazon VPC Lattice,User Guide,https://docs.aws.amazon.com/pdfs/vpc-lattice/latest/ug/vpc-lattice.pdf
Amazon VPC Lattice Reference Architectures,Architecture Diagrams,https://docs.aws.amazon.com/pdfs/reference-architecture-diagrams/latest/amazon-vpc-lattice-use-cases/amazon-vpc-lattice-use-cases.pdf
Amazon Web Services' Approach to Operational Resilience in the Financial Sector & Beyond,AWS Whitepaper,https://docs.aws.amazon.com/pdfs/whitepapers/latest/aws-operational-resilience/aws-operational-resilience.pdf
Amazon Web Services: Overview of Security Processes,AWS Whitepaper,https://docs.aws.amazon.com/pdfs/whitepapers/latest/aws-overview-security-processes/aws-overview-security-processes.pdf
Amazon Web Services: Risk and Compliance,AWS Whitepaper,https://docs.aws.amazon.com/pdfs/whitepapers/latest/aws-risk-and-compliance/aws-risk-and-compliance.pdf
Amazon WorkMail,Administrator Guide,https://docs.aws.amazon.com/pdfs/workmail/latest/adminguide/workmail-ag.pdf
Amazon WorkMail,User Guide,https://docs.aws.amazon.com/pdfs/workmail/latest/userguide/workmail-ug.pdf
Amazon WorkSpaces,Administration Guide,https://docs.aws.amazon.com/pdfs/workspaces/latest/adminguide/workspaces-ag.pdf
Amazon WorkSpaces,User Guide,https://docs.aws.amazon.com/pdfs/workspaces/latest/userguide/workspaces-ug.pdf
Amazon WorkSpaces Applications,Administration Guide,https://docs.aws.amazon.com/pdfs/appstream2/latest/developerguide/appstream2-dg.pdf
Amazon WorkSpaces Core,Administration Guide,https://docs.aws.amazon.com/pdfs/workspaces-core/latest/ag/workspacescore-ag.pdf
Amazon WorkSpaces Core,Technology Partner Integration Guide,https://docs.aws.amazon.com/pdfs/workspaces-core/latest/pg/workspacescore-pg.pdf
Amazon WorkSpaces Secure Browser,Administration Guide,https://docs.aws.amazon.com/pdfs/workspaces-web/latest/adminguide/administration-guide.pdf
Amazon WorkSpaces Thin Client,Administrator Guide,https://docs.aws.amazon.com/pdfs/workspaces-thin-client/latest/ag/workspaces-thin-client-admin-guide.pdf
Amazon WorkSpaces Thin Client,User Guide,https://docs.aws.amazon.com/pdfs/workspaces-thin-client/latest/ug/workspaces-thin-client-user-guide.pdf
AMB Access Bitcoin,Developer Guide,https://docs.aws.amazon.com/pdfs/managed-blockchain/latest/ambbtc-dg/amb-btc-dg.pdf
AMB Access Polygon,Developer Guide,https://docs.aws.amazon.com/pdfs/managed-blockchain/latest/ambp-dg/amb-polygon-dg.pdf
Amdocs Digital Brand Experience Platform in AWS Cloud,AWS Whitepaper,https://docs.aws.amazon.com/pdfs/whitepapers/latest/amdocs-digital-brand-experience-platform/amdocs-digital-brand-experience-platform.pdf
AMOS Implementation on AWS,Architecture diagrams for travel,https://docs.aws.amazon.com/pdfs/reference-architecture-diagrams/latest/amos-implementation/amos-implementation.pdf
AMS Accelerate User Guide,AMS Accelerate Concepts and Procedures,https://docs.aws.amazon.com/pdfs/managedservices/latest/accelerate-guide/accelerate-guide.pdf
AMS Advanced Application Developer's Guide,AMS Advanced Application Deployment Options,https://docs.aws.amazon.com/pdfs/managedservices/latest/appguide/ams-appguide.pdf
AMS Advanced Change Management User Guide,AMS Advanced Change Type Examples,https://docs.aws.amazon.com/pdfs/managedservices/latest/ctexguide/ams-ctex.pdf
AMS Advanced Change Type Reference,AMS Advanced Change Type Details,https://docs.aws.amazon.com/pdfs/managedservices/latest/ctref/ams-ct.pdf
AMS Advanced Onboarding Guide,AMS Advanced Account Onboarding Information,https://docs.aws.amazon.com/pdfs/managedservices/latest/onboardingguide/ams-og.pdf
AMS Advanced User Guide,AMS Advanced Concepts and Procedures,https://docs.aws.amazon.com/pdfs/managedservices/latest/userguide/ams-ug.pdf
An Overview of the AWS Cloud Adoption Framework,AWS Whitepaper,https://docs.aws.amazon.com/pdfs/whitepapers/latest/overview-aws-cloud-adoption-framework/overview-aws-cloud-adoption-framework.pdf
Apache MXNet on AWS,Developer Guide,https://docs.aws.amazon.com/pdfs/mxnet/latest/dg/mxnet-dg.pdf
Application Auto Scaling,User Guide,https://docs.aws.amazon.com/pdfs/autoscaling/application/userguide/app-as-ug.pdf
Application Monitoring with Amazon CloudWatch,Implementation Guide,https://docs.aws.amazon.com/pdfs/solutions/latest/application-monitoring-with-cloudwatch/application-monitoring-with-cloudwatch.pdf
Application Pattern Orchestrator on AWS,Implementation Guide,https://docs.aws.amazon.com/pdfs/solutions/latest/application-pattern-orchestrator-on-aws/application-pattern-orchestrator-on-aws.pdf
Applying Security Practices to a Network Workload on AWS for Communications Service Providers,AWS Whitepaper,https://docs.aws.amazon.com/pdfs/whitepapers/latest/applying-security-practices-to-network-workload-for-csps/applying-security-practices-to-network-workload-for-csps.pdf
Architecting for HIPAA Security and Compliance on Amazon EKS,AWS Whitepaper,https://docs.aws.amazon.com/pdfs/whitepapers/latest/architecting-hipaa-security-and-compliance-on-amazon-eks/architecting-hipaa-security-and-compliance-on-amazon-eks.pdf
Architecting for HIPAA Security and Compliance on Amazon Web Services,AWS Whitepaper,https://docs.aws.amazon.com/pdfs/whitepapers/latest/architecting-hipaa-security-and-compliance-on-aws/architecting-hipaa-security-and-compliance-on-aws.pdf
Architectural Patterns to Build End-to-End Data Driven Applications on AWS,AWS Whitepaper,https://docs.aws.amazon.com/pdfs/whitepapers/latest/build-e2e-data-driven-applications/build-e2e-data-driven-applications.pdf
Architecture for Airline Crew Management Systems,Architecture diagrams for travel,https://docs.aws.amazon.com/pdfs/reference-architecture-diagrams/latest/crew-management-systems/crew-management-systems.pdf
Architecture for Unified Communications,Architecture Diagrams,https://docs.aws.amazon.com/pdfs/reference-architecture-diagrams/latest/architecture-unified-communications/architecture-unified-communications.pdf
Architecture of Crew Management System,Architecture diagrams for travel,https://docs.aws.amazon.com/pdfs/reference-architecture-diagrams/latest/crew-management-architecture/crew-management-architecture.pdf
Asynchronous Online Gaming,Architecture Diagrams Game Tech,https://docs.aws.amazon.com/pdfs/reference-architecture-diagrams/latest/asynchronous-online-gaming/asynchronous-online-gaming.pdf
Audience Uploader from AWS Clean Rooms,Implementation Guide,https://docs.aws.amazon.com/pdfs/solutions/latest/audience-uploader-from-aws-clean-rooms/audience-uploader-from-aws-clean-rooms.pdf
Automated Archival for Amazon Redshift,Architecture Diagrams,https://docs.aws.amazon.com/pdfs/reference-architecture-diagrams/latest/automated-archival-redshift/automated-archival-redshift.pdf
Automated Forensics Orchestrator for Amazon EC2 and EKS,Implementation Guide,https://docs.aws.amazon.com/pdfs/solutions/latest/automated-forensics-orchestrator-for-amazon-ec2/automated-forensics-orchestrator-for-amazon-ec2.pdf
Automated Security Response on AWS,Implementation Guide,https://docs.aws.amazon.com/pdfs/solutions/latest/automated-security-response-on-aws/automated-security-response-on-aws.pdf
Automating Elasticity,AWS Whitepaper,https://docs.aws.amazon.com/pdfs/whitepapers/latest/cost-optimization-automating-elasticity/cost-optimization-automating-elasticity.pdf
Automating PeopleSoft Environments in the AWS Cloud,AWS Whitepaper,https://docs.aws.amazon.com/pdfs/whitepapers/latest/automating-peoplesoft-environments/automating-peoplesoft-environments.pdf
Automotive Call Center Architecture,Architecture Diagrams,https://docs.aws.amazon.com/pdfs/reference-architecture-diagrams/latest/automotive-call-center-architecture/automotive-call-center-architecture.pdf
Autoscaling Asynchronous Job Queues,Architecture Diagrams,https://docs.aws.amazon.com/pdfs/reference-architecture-diagrams/latest/autoscaling-async-job-queues/autoscaling-async-job-queues.pdf
Autosphere iRPA on AWS for Telecom Enterprise Automation,AWS Whitepaper,https://docs.aws.amazon.com/pdfs/whitepapers/latest/autosphere-irpa-on-aws-for-telecom-enterprise-automation/autosphere-irpa-on-aws-for-telecom-enterprise-automation.pdf
Availability and Beyond: Understanding and Improving the Resilience of Distributed Systems on AWS,AWS Whitepaper,https://docs.aws.amazon.com/pdfs/whitepapers/latest/availability-and-beyond-improving-resilience/availability-and-beyond-improving-resilience.pdf
AVEVA Unified Engineering Deployment on AWS,Architecture diagrams for manufacturing,https://docs.aws.amazon.com/pdfs/reference-architecture-diagrams/latest/aveva-unified-engineering/aveva-unified-engineering.pdf
AWS AI Service Cards,Amazon Bedrock Guardrails,https://docs.aws.amazon.com/pdfs/ai/responsible-ai/bedrock-guardrails/bedrock-guardrails.pdf
AWS AI Service Cards,Amazon Comprehend Detect PII,https://docs.aws.amazon.com/pdfs/ai/responsible-ai/comprehend-detectpii/comprehend-detectpii.pdf
AWS AI Service Cards,Amazon Nova 2 Lite,https://docs.aws.amazon.com/pdfs/ai/responsible-ai/nova-2-lite/nova-2-lite.pdf
AWS AI Service Cards,Amazon Nova 2 Sonic,https://docs.aws.amazon.com/pdfs/ai/responsible-ai/nova-2-sonic/nova-2-sonic.pdf
AWS AI Service Cards,Amazon Nova Act,https://docs.aws.amazon.com/pdfs/ai/responsible-ai/nova-act/nova-act.pdf
AWS AI Service Cards,Amazon Nova Canvas,https://docs.aws.amazon.com/pdfs/ai/responsible-ai/nova-canvas/nova-canvas.pdf
AWS AI Service Cards,"Amazon Nova Micro, Lite, Pro, and Premier",https://docs.aws.amazon.com/pdfs/ai/responsible-ai/nova-micro-lite-pro/nova-micro-lite-pro.pdf
AWS AI Service Cards,Amazon Nova Multimodal Embeddings,https://docs.aws.amazon.com/pdfs/ai/responsible-ai/nova-multimodal-embeddings/nova-multimodal-embeddings.pdf
AWS AI Service Cards,Amazon Nova Reel,https://docs.aws.amazon.com/pdfs/ai/responsible-ai/nova-reel/nova-reel.pdf
AWS AI Service Cards,Amazon Nova Sonic,https://docs.aws.amazon.com/pdfs/ai/responsible-ai/nova-sonic/nova-sonic.pdf
AWS AI Service Cards,Amazon Polly,https://docs.aws.amazon.com/pdfs/ai/responsible-ai/amazon-polly/amazon-polly.pdf
AWS AI Service Cards,Amazon Q Business for RAG Applications,https://docs.aws.amazon.com/pdfs/ai/responsible-ai/q-business-for-rag-apps/q-business-for-rag-apps.pdf
AWS AI Service Cards,Amazon Rekognition Face Liveness,https://docs.aws.amazon.com/pdfs/ai/responsible-ai/rekognition-face-liveness/rekognition-face-liveness.pdf
AWS AI Service Cards,Amazon Rekognition Face Matching,https://docs.aws.amazon.com/pdfs/ai/responsible-ai/rekognition-face-matching/rekognition-face-matching.pdf
AWS AI Service Cards,Amazon Titan Image Generator,https://docs.aws.amazon.com/pdfs/ai/responsible-ai/titan-image-generator/titan-image-generator.pdf
AWS AI Service Cards,Amazon Titan Text Embeddings,https://docs.aws.amazon.com/pdfs/ai/responsible-ai/titan-text-embeddings/titan-text-embeddings.pdf
AWS AI Service Cards,Amazon Transcribe,https://docs.aws.amazon.com/pdfs/ai/responsible-ai/transcribe-speech-recognition/transcribe-speech-recognition.pdf
AWS AI Service Cards,Amazon Transcribe Toxicity Detection,https://docs.aws.amazon.com/pdfs/ai/responsible-ai/transcribe-toxicity-detection/transcribe-toxicity-detection.pdf
AWS AI Service Cards,AWS Healthscribe,https://docs.aws.amazon.com/pdfs/ai/responsible-ai/aws-healthscribe/aws-healthscribe.pdf
AWS Amplify Hosting,User Guide,https://docs.aws.amazon.com/pdfs/amplify/latest/userguide/amplify-console-ug.pdf
AWS App Mesh,User Guide,https://docs.aws.amazon.com/pdfs/app-mesh/latest/userguide/app-mesh-ug.pdf
AWS App Runner,Developer Guide,https://docs.aws.amazon.com/pdfs/apprunner/latest/dg/apprunner-guide.pdf
AWS App Studio,User Guide,https://docs.aws.amazon.com/pdfs/appstudio/latest/userguide/appstudio-ug.pdf
AWS App2Container,User Guide,https://docs.aws.amazon.com/pdfs/app2container/latest/UserGuide/a2c-ug.pdf
AWS AppConfig,User Guide,https://docs.aws.amazon.com/pdfs/appconfig/latest/userguide/appconfig-ug.pdf
AWS AppFabric,Administration Guide,https://docs.aws.amazon.com/pdfs/appfabric/latest/adminguide/AppFabricDocs.pdf
AWS Application Discovery Service,User Guide,https://docs.aws.amazon.com/pdfs/application-discovery/latest/userguide/appdiscovery-ug.pdf
AWS AppSync Events,Developer Guide,https://docs.aws.amazon.com/pdfs/appsync/latest/eventapi/appsync-eventapi-dg.pdf
AWS AppSync GraphQL,Developer Guide,https://docs.aws.amazon.com/pdfs/appsync/latest/devguide/appsync-dg.pdf
AWS Artifact,User Guide,https://docs.aws.amazon.com/pdfs/artifact/latest/ug/artifact-ug.pdf
AWS Audit Manager,User Guide,https://docs.aws.amazon.com/pdfs/audit-manager/latest/userguide/audit-manager-ug.pdf
AWS Auto Scaling,Scaling Plans User Guide,https://docs.aws.amazon.com/pdfs/autoscaling/plans/userguide/as-plans-ug.pdf
AWS B2B Data Interchange,User Guide,https://docs.aws.amazon.com/pdfs/b2bi/latest/userguide/b2bi-ug.pdf
AWS Backup,Developer Guide,https://docs.aws.amazon.com/pdfs/aws-backup/latest/devguide/AWSBackup-dg.pdf
AWS Batch,User Guide,https://docs.aws.amazon.com/pdfs/batch/latest/userguide/batch_user.pdf
AWS Best Practices for DDoS Resiliency,AWS Whitepaper,https://docs.aws.amazon.com/pdfs/whitepapers/latest/aws-best-practices-ddos-resiliency/aws-best-practices-ddos-resiliency.pdf
AWS Billing,User Guide,https://docs.aws.amazon.com/pdfs/awsaccountbilling/latest/aboutv2/awsaccountbilling-aboutv2.pdf
AWS Billing Conductor,User Guide,https://docs.aws.amazon.com/pdfs/billingconductor/latest/userguide/billingconductor-user-guide.pdf
AWS Blockchain Templates,Developer Guide,https://docs.aws.amazon.com/pdfs/blockchain-templates/latest/developerguide/blockchain-templates-dg.pdf
AWS Blocks,Developer Guide,https://docs.aws.amazon.com/pdfs/blocks/latest/devguide/blocks-dg.pdf
AWS Certificate Manager,User Guide,https://docs.aws.amazon.com/pdfs/acm/latest/userguide/acm-ug.pdf
AWS Certification Exam Guides,Exam Guides,https://docs.aws.amazon.com/pdfs/aws-certification/latest/examguides/aws-certification-exam-guides.pdf
AWS Certification Exams (Arabic),Exam Guides - Arabic Versions,https://docs.aws.amazon.com/pdfs/aws-certification/latest/arabic-exams/arabic-exams.pdf
AWS Certified Advanced Networking - Specialty,Exam Guide (ANS-C01),https://docs.aws.amazon.com/pdfs/aws-certification/latest/advanced-networking-specialty-01/advanced-networking-specialty-01.pdf
AWS Certified AI Business Strategist,Exam Guide (AIB-C01),https://docs.aws.amazon.com/pdfs/aws-certification/latest/ai-business-strategist-01/ai-business-strategist-01.pdf
AWS Certified AI Practitioner,Exam Guide (AIF-C01),https://docs.aws.amazon.com/pdfs/aws-certification/latest/ai-practitioner-01/ai-practitioner-01.pdf
AWS Certified Cloud Practitioner,Exam Guide (CLF-C02),https://docs.aws.amazon.com/pdfs/aws-certification/latest/cloud-practitioner-02/cloud-practitioner-02.pdf
AWS Certified CloudOps Engineer - Associate,Exam Guide (SOA-C03),https://docs.aws.amazon.com/pdfs/aws-certification/latest/sysops-administrator-associate-03/sysops-administrator-associate-03.pdf
AWS Certified Data Engineer - Associate,Exam Guide (DEA-C01),https://docs.aws.amazon.com/pdfs/aws-certification/latest/data-engineer-associate-01/data-engineer-associate-01.pdf
AWS Certified Developer - Associate,Exam Guide (DVA-C02),https://docs.aws.amazon.com/pdfs/aws-certification/latest/developer-associate-02/developer-associate-02.pdf
AWS Certified DevOps Engineer - Professional,Exam Guide (DOP-C02),https://docs.aws.amazon.com/pdfs/aws-certification/latest/devops-engineer-professional-02/devops-engineer-professional-02.pdf
AWS Certified Generative AI Developer - Professional,Exam Guide (AIP-C01),https://docs.aws.amazon.com/pdfs/aws-certification/latest/ai-professional-01/ai-professional-01.pdf
AWS Certified Machine Learning - Specialty,Exam Guide (MLS-C01),https://docs.aws.amazon.com/pdfs/aws-certification/latest/machine-learning-specialty-01/machine-learning-specialty-01.pdf
AWS Certified Machine Learning Engineer - Associate,Exam Guide (MLA-C02),https://docs.aws.amazon.com/pdfs/aws-certification/latest/machine-learning-engineer-associate-02/machine-learning-engineer-associate-02.pdf
AWS Certified Security - Specialty,Exam Guide (SCS-C03),https://docs.aws.amazon.com/pdfs/aws-certification/latest/security-specialty-03/security-specialty-03.pdf
AWS Certified Solutions Architect - Associate,Exam Guide (SAA-C03),https://docs.aws.amazon.com/pdfs/aws-certification/latest/solutions-architect-associate-03/solutions-architect-associate-03.pdf
AWS Certified Solutions Architect - Professional,Exam Guide (SAP-C02),https://docs.aws.amazon.com/pdfs/aws-certification/latest/solutions-architect-professional-02/solutions-architect-professional-02.pdf
AWS Clean Rooms,SQL Reference,https://docs.aws.amazon.com/pdfs/clean-rooms/latest/sql-reference/sql-reference.pdf
AWS Clean Rooms,User Guide,https://docs.aws.amazon.com/pdfs/clean-rooms/latest/userguide/user-guide.pdf
AWS Client VPN,Administrator Guide,https://docs.aws.amazon.com/pdfs/vpn/latest/clientvpn-admin/client-vpn-admin-guide.pdf
AWS Client VPN,User Guide,https://docs.aws.amazon.com/pdfs/vpn/latest/clientvpn-user/client-vpn-user-guide.pdf
"AWS Cloud Adoption Framework for Artificial Intelligence, Machine Learning, and Generative AI",AWS Whitepaper,https://docs.aws.amazon.com/pdfs/whitepapers/latest/aws-caf-for-ai/aws-caf-for-ai.pdf
AWS Cloud Adoption Framework: Business Perspective,AWS Whitepaper,https://docs.aws.amazon.com/pdfs/whitepapers/latest/aws-caf-business-perspective/aws-caf-business-perspective.pdf
AWS Cloud Adoption Framework: Governance Perspective,AWS Whitepaper,https://docs.aws.amazon.com/pdfs/whitepapers/latest/aws-caf-governance-perspective/aws-caf-governance-perspective.pdf
AWS Cloud Adoption Framework: Operations Perspective,AWS Whitepaper,https://docs.aws.amazon.com/pdfs/whitepapers/latest/aws-caf-operations-perspective/aws-caf-operations-perspective.pdf
AWS Cloud Adoption Framework: People Perspective,AWS Whitepaper,https://docs.aws.amazon.com/pdfs/whitepapers/latest/aws-caf-people-perspective/aws-caf-people-perspective.pdf
AWS Cloud Adoption Framework: Security Perspective,AWS Whitepaper,https://docs.aws.amazon.com/pdfs/whitepapers/latest/aws-caf-security-perspective/aws-caf-security-perspective.pdf
AWS Cloud Data Ingestion Patterns and Practices,Patterns and Considerations for using AWS Services to Move Data into a Modern Data Architecture,https://docs.aws.amazon.com/pdfs/whitepapers/latest/aws-cloud-data-ingestion-patterns-practices/aws-cloud-data-ingestion-patterns-practices.pdf
AWS Cloud Development Kit (AWS CDK) v2,Developer Guide,https://docs.aws.amazon.com/pdfs/cdk/v2/guide/awscdk.pdf
AWS Cloud Digital Interface Software Development Kit,User Guide,https://docs.aws.amazon.com/pdfs/CDI-SDK/latest/ug/cdi-sdk.pdf
AWS Cloud Map,Developer Guide,https://docs.aws.amazon.com/pdfs/cloud-map/latest/dg/cloud-map-dg.pdf
AWS Cloud9,User Guide,https://docs.aws.amazon.com/pdfs/cloud9/latest/user-guide/aws-cloud9-ug.pdf
AWS CloudFormation,User Guide,https://docs.aws.amazon.com/pdfs/AWSCloudFormation/latest/UserGuide/cfn-ug.pdf
AWS CloudFormation Guard,User Guide,https://docs.aws.amazon.com/pdfs/cfn-guard/latest/ug/cfn-guard.pdf
AWS CloudHSM,User Guide,https://docs.aws.amazon.com/pdfs/cloudhsm/latest/userguide/cloudhsm-user-guide.pdf
AWS CloudShell,User Guide,https://docs.aws.amazon.com/pdfs/cloudshell/latest/userguide/awscloudshell.pdf
AWS CloudTrail,Lake Partner Onboarding Guide,https://docs.aws.amazon.com/pdfs/awscloudtrail/latest/partner-onboarding/awscloudtrail-pog.pdf
AWS CloudTrail,User Guide,https://docs.aws.amazon.com/pdfs/awscloudtrail/latest/userguide/awscloudtrail-ug.pdf
AWS CodeBuild,User Guide,https://docs.aws.amazon.com/pdfs/codebuild/latest/userguide/codebuild-user.pdf
AWS CodeCommit,User Guide,https://docs.aws.amazon.com/pdfs/codecommit/latest/userguide/codecommit-user.pdf
AWS CodeDeploy,User Guide,https://docs.aws.amazon.com/pdfs/codedeploy/latest/userguide/codedeploy-user.pdf
AWS CodePipeline,User Guide,https://docs.aws.amazon.com/pdfs/codepipeline/latest/userguide/codepipeline-user.pdf
AWS Compute Optimizer,User Guide,https://docs.aws.amazon.com/pdfs/compute-optimizer/latest/ug/compute-optimizer.pdf
AWS Config,Developer Guide,https://docs.aws.amazon.com/pdfs/config/latest/developerguide/config-dg.pdf
AWS Connected Vehicle Reference Architecture,Architecture Diagrams,https://docs.aws.amazon.com/pdfs/reference-architecture-diagrams/latest/aws-connected-vehicle/aws-connected-vehicle.pdf
AWS Console Mobile Application,User Guide,https://docs.aws.amazon.com/pdfs/consolemobileapp/latest/userguide/console-mobile-app-guide.pdf
AWS Control Catalog,Security Information,https://docs.aws.amazon.com/pdfs/controlcatalog/latest/userguide/controlcatalog-ug.pdf
AWS Control Tower,Controls Reference Guide,https://docs.aws.amazon.com/pdfs/controltower/latest/controlreference/controltower-crg.pdf
AWS Control Tower,User Guide,https://docs.aws.amazon.com/pdfs/controltower/latest/userguide/controltower-ug.pdf
AWS Cost Management,User Guide,https://docs.aws.amazon.com/pdfs/cost-management/latest/userguide/cost-management-guide.pdf
AWS Data Exchange User Guide,,https://docs.aws.amazon.com/pdfs/data-exchange/latest/userguide/data-exchange-ug.pdf
AWS Data Exports,User Guide,https://docs.aws.amazon.com/pdfs/cur/latest/userguide/cur-user-guide.pdf
AWS Data Pipeline,Developer Guide,https://docs.aws.amazon.com/pdfs/datapipeline/latest/DeveloperGuide/datapipeline-dg.pdf
AWS Data Transfer Terminal,User Guide,https://docs.aws.amazon.com/pdfs/datatransferterminal/latest/userguide/dtt-ug.pdf
AWS Database Encryption SDK,Developer Guide,https://docs.aws.amazon.com/pdfs/database-encryption-sdk/latest/devguide/database-encryption-sdk.pdf
AWS Database Migration Service,User Guide,https://docs.aws.amazon.com/pdfs/dms/latest/userguide/dms-ug.pdf
AWS DataSync,User Guide,https://docs.aws.amazon.com/pdfs/datasync/latest/userguide/datasync-userguide.pdf
AWS Deadline Cloud,User Guide,https://docs.aws.amazon.com/pdfs/deadline-cloud/latest/userguide/user-guide.pdf.pdf
AWS Decision Guides,Consolidated Reference,https://docs.aws.amazon.com/pdfs/decision-guides/latest/decision-guides/aws-decision-guides.pdf
AWS Deep Learning AMIs,Developer Guide,https://docs.aws.amazon.com/pdfs/dlami/latest/devguide/dlami-dg.pdf
AWS Deep Learning Containers,Developer Guide,https://docs.aws.amazon.com/pdfs/deep-learning-containers/latest/devguide/dlc-guide.pdf.pdf
AWS Device Farm,Developer Guide,https://docs.aws.amazon.com/pdfs/devicefarm/latest/developerguide/devicefarm-dg.pdf
AWS DevOps Agent,User Guide,https://docs.aws.amazon.com/pdfs/devopsagent/latest/userguide/devops-agent-ug.pdf
AWS DevOps Monitoring Dashboard,AWS Reference Architecture Diagram,https://docs.aws.amazon.com/pdfs/architecture-diagrams/latest/aws-devops-monitoring-dashboard/aws-devops-monitoring-dashboard.pdf
AWS DevOps Monitoring Dashboard,AWS Reference Architecture Diagram,https://docs.aws.amazon.com/pdfs/reference-architecture-diagrams/latest/aws-devops-monitoring-dashboard/aws-devops-monitoring-dashboard.pdf
AWS Diagnostic Tools,User Guide,https://docs.aws.amazon.com/pdfs/diagnostic-tools/latest/userguide/diagnostic-tools.pdf
AWS Direct Connect,Pricing Guide,https://docs.aws.amazon.com/pdfs/directconnect/latest/PricingGuide/dc-pg.pdf
AWS Direct Connect,User Guide,https://docs.aws.amazon.com/pdfs/directconnect/latest/UserGuide/dc-ug.pdf
AWS Direct Connect for Amazon Connect,AWS Whitepaper,https://docs.aws.amazon.com/pdfs/whitepapers/latest/aws-direct-connect-for-amazon-connect/aws-direct-connect-for-amazon-connect.pdf
AWS Direct Connect Traffic Flow with AWS Local Zone,Architecture Diagrams,https://docs.aws.amazon.com/pdfs/reference-architecture-diagrams/latest/direct-connect-local-zone/direct-connect-local-zone.pdf
AWS Directory Service,Administration Guide,https://docs.aws.amazon.com/pdfs/directoryservice/latest/admin-guide/directoryservice-admin-guide.pdf
AWS Directory Service,API Reference,https://docs.aws.amazon.com/pdfs/directoryservice/latest/devguide/directoryservice-api.pdf
AWS Directory Service Data,API Reference,https://docs.aws.amazon.com/pdfs/directoryservicedata/latest/DirectoryServiceDataAPIReference/directoryservicedata-api.pdf
AWS Distributed Perforce Architecture,Architecture Diagrams,https://docs.aws.amazon.com/pdfs/reference-architecture-diagrams/latest/aws-distributed-perforce-architecture/aws-distributed-perforce-architecture.pdf
AWS Elastic Beanstalk,Developer Guide,https://docs.aws.amazon.com/pdfs/elasticbeanstalk/latest/dg/awseb-dg.pdf
AWS Elastic Disaster Recovery,User Guide,https://docs.aws.amazon.com/pdfs/drs/latest/userguide/drs-service-guide.pdf
AWS Elemental Appliances and Software Quote Confirmation,User Guide,https://docs.aws.amazon.com/pdfs/elemental-appliances-software/latest/ug/elemental-appliances-software-ug.pdf
AWS Elemental Conductor File,Cluster Configuration Guide,https://docs.aws.amazon.com/pdfs/elemental-cf2/latest/configguide/elemental-cf2-config.pdf
AWS Elemental Conductor File,Installation Guide,https://docs.aws.amazon.com/pdfs/elemental-cf2/latest/installguide/elemental-cf2-install.pdf
AWS Elemental Conductor File,Migration Guide,https://docs.aws.amazon.com/pdfs/elemental-cf2/latest/migrationguide/cf-server-migration.pdf
AWS Elemental Conductor Live,Configuration Guide,https://docs.aws.amazon.com/pdfs/elemental-cl3/latest/configguide/elemental-cl3-config.pdf
AWS Elemental Conductor Live,Installation Guide,https://docs.aws.amazon.com/pdfs/elemental-cl3/latest/installguide/elemental-cl3-install.pdf
AWS Elemental Conductor Live,Migration Guide,https://docs.aws.amazon.com/pdfs/elemental-cl3/latest/migrationguide/cl3-live-migration.pdf
AWS Elemental Conductor Live,Upgrade Guide,https://docs.aws.amazon.com/pdfs/elemental-cl3/latest/upgradeguide/elemental-cl3-upgrade.pdf
AWS Elemental Live,Configuration Guide,https://docs.aws.amazon.com/pdfs/elemental-live/latest/configguide/elemental-live-config.pdf
AWS Elemental Live,Installation Guide,https://docs.aws.amazon.com/pdfs/elemental-live/latest/installguide/elemental-live-install.pdf
AWS Elemental Live,Migration Guide,https://docs.aws.amazon.com/pdfs/elemental-live/latest/migrationguide/elemental-live-migration.pdf
AWS Elemental Live,Upgrade Guide,https://docs.aws.amazon.com/pdfs/elemental-live/latest/upgradeguide/elemental-live-upgrade.pdf
AWS Elemental Live,User Guide,https://docs.aws.amazon.com/pdfs/elemental-live/latest/ug/elemental-live-ug.pdf
AWS Elemental MediaConnect,User Guide,https://docs.aws.amazon.com/pdfs/mediaconnect/latest/ug/mediaconnect-ug.pdf
AWS Elemental MediaPackage,User Guide,https://docs.aws.amazon.com/pdfs/mediapackage/latest/ug/mediapackage-guide.pdf
AWS Elemental MediaPackage v2,User Guide,https://docs.aws.amazon.com/pdfs/mediapackage/latest/userguide/mediapackage-guide.pdf
AWS Elemental MediaTailor,User Guide,https://docs.aws.amazon.com/pdfs/mediatailor/latest/ug/mediatailor-guide.pdf
AWS Elemental Server,Configuration Guide,https://docs.aws.amazon.com/pdfs/elemental-server/latest/configguide/elemental-server-config.pdf
AWS Elemental Server,Installation Guide,https://docs.aws.amazon.com/pdfs/elemental-server/latest/installguide/elemental-server-install.pdf
AWS Elemental Server,Migration Guide,https://docs.aws.amazon.com/pdfs/elemental-server/latest/migrationguide/elemental-server-migration.pdf
AWS Elemental Server,User Guide,https://docs.aws.amazon.com/pdfs/elemental-server/latest/ug/elemental-server-ug.pdf
AWS Elemental Statmux,Configuration Guide,https://docs.aws.amazon.com/pdfs/elemental-statmux/latest/configguide/elemental-statmux-config.pdf
AWS Elemental Statmux,Installation Guide,https://docs.aws.amazon.com/pdfs/elemental-statmux/latest/installguide/elemental-statmux-install.pdf
AWS Elemental Statmux,Upgrade Guide,https://docs.aws.amazon.com/pdfs/elemental-statmux/latest/upgradeguide/elemental-statmux-upgrade.pdf
AWS Encryption SDK,Developer Guide,https://docs.aws.amazon.com/pdfs/encryption-sdk/latest/developer-guide/encryption-sdk-developer-guide.pdf
AWS End User Messaging,User Guide,https://docs.aws.amazon.com/pdfs/end-user-messaging/latest/userguide/eum-ug.pdf
AWS End User Messaging Push,User Guide,https://docs.aws.amazon.com/pdfs/push-notifications/latest/userguide/push-ug.pdf
AWS End User Messaging SMS,API Reference,https://docs.aws.amazon.com/pdfs/pinpoint/latest/apireference_smsvoicev2/amazonpinpointsmsvoicev2-api.pdf
AWS End User Messaging SMS,User Guide,https://docs.aws.amazon.com/pdfs/sms-voice/latest/userguide/sms-ug.pdf
AWS End User Messaging Social,User Guide,https://docs.aws.amazon.com/pdfs/social-messaging/latest/userguide/social-ug.pdf
AWS Entity Resolution,User Guide,https://docs.aws.amazon.com/pdfs/entityresolution/latest/userguide/user-guide.pdf
AWS Events API,AWS Events API Developer Guide,https://docs.aws.amazon.com/pdfs/events/latest/devguide/events-dg.pdf
AWS Fault Injection Service,User Guide,https://docs.aws.amazon.com/pdfs/fis/latest/userguide/fis-guide.pdf
AWS Fault Isolation Boundaries,AWS Whitepaper,https://docs.aws.amazon.com/pdfs/whitepapers/latest/aws-fault-isolation-boundaries/aws-fault-isolation-boundaries.pdf
AWS FinOps Agent (preview),User Guide,https://docs.aws.amazon.com/pdfs/finops-agent/latest/userguide/finops-agent-ug.pdf
AWS Flat-Rate Plans,User Guide,https://docs.aws.amazon.com/pdfs/PricingPlanManager/latest/UserGuide/pricingplanmanager-ug.pdf
AWS Flow Framework for Java,Developer Guide,https://docs.aws.amazon.com/pdfs/amazonswf/latest/awsflowguide/swf-aflow.pdf
AWS for SAP MCP Server,User Guide,https://docs.aws.amazon.com/pdfs/mcp-sap/latest/awsforsapmcp/awsforsapmcp.pdf
AWS General Reference,Reference guide,https://docs.aws.amazon.com/pdfs/general/latest/gr/aws-general.pdf
AWS Global Accelerator,Developer Guide,https://docs.aws.amazon.com/pdfs/global-accelerator/latest/dg/global-accelerator-guide.pdf
AWS Glue,User Guide,https://docs.aws.amazon.com/pdfs/glue/latest/dg/glue-dg.pdf
AWS Glue,Web API Reference,https://docs.aws.amazon.com/pdfs/glue/latest/webapi/web-api.pdf
AWS Glue DataBrew Developer Guide,,https://docs.aws.amazon.com/pdfs/databrew/latest/dg/databrew-dg.pdf
AWS GovCloud (US),User Guide,https://docs.aws.amazon.com/pdfs/govcloud-us/latest/UserGuide/govcloud-us.pdf
AWS Governance at Scale,AWS Whitepaper,https://d1.awsstatic.com/whitepapers/Security/AWS_Governance_at_Scale.pdf
AWS Graviton2 for Independent Software Vendors,How AWS Graviton helps Independent Software Vendors accelerate growth and improve their margins on AWS,https://docs.aws.amazon.com/pdfs/whitepapers/latest/aws-graviton2-for-isv/aws-graviton2-for-isv.pdf
AWS Ground Station,AWS Ground Station Agent User Guide,https://docs.aws.amazon.com/pdfs/ground-station/latest/gs-agent-ug/groundstation-agent-ug.pdf
AWS Ground Station,User Guide,https://docs.aws.amazon.com/pdfs/ground-station/latest/ug/groundstation-ug.pdf
AWS Health,User Guide,https://docs.aws.amazon.com/pdfs/health/latest/ug/awshealth-ug.pdf
AWS HealthImaging,Developer Guide,https://docs.aws.amazon.com/pdfs/healthimaging/latest/devguide/aws-healthimaging-developer-guide.pdf
AWS HealthLake,Developer Guide,https://docs.aws.amazon.com/pdfs/healthlake/latest/devguide/aws-healthlake-developer-guide.pdf
AWS HealthOmics,User Guide,https://docs.aws.amazon.com/pdfs/omics/latest/dev/healthomics-dev.pdf
AWS IAM Identity Center,OIDC API Reference,https://docs.aws.amazon.com/pdfs/singlesignon/latest/OIDCAPIReference/ssooidc-api.pdf
AWS IAM Identity Center,Portal API Reference,https://docs.aws.amazon.com/pdfs/singlesignon/latest/PortalAPIReference/ssoportal-api.pdf
AWS IAM Identity Center,User Guide,https://docs.aws.amazon.com/pdfs/singlesignon/latest/userguide/sso-ug.pdf
AWS Identity and Access Management,User Guide,https://docs.aws.amazon.com/pdfs/IAM/latest/UserGuide/iam-ug.pdf
AWS Incident Detection and Response User Guide,AWS Incident Detection and Response Concepts and Procedures,https://docs.aws.amazon.com/pdfs/IDR/latest/userguide/idr-user-guide.pdf
AWS Industrial Anomaly Detection Using AWS IoT,Architecture diagrams for manufacturing,https://docs.aws.amazon.com/pdfs/reference-architecture-diagrams/latest/industrial-anomaly-detection-iot/industrial-anomaly-detection-iot.pdf
AWS Industrial Applications with Siemens LOGO!,Architecture diagrams for manufacturing,https://docs.aws.amazon.com/pdfs/reference-architecture-diagrams/latest/industrial-applications-siemens-logo/industrial-applications-siemens-logo.pdf
AWS Industrial IoT Asset Condition Monitoring,Architecture diagrams for manufacturing,https://docs.aws.amazon.com/pdfs/reference-architecture-diagrams/latest/industrial-iot-asset-condition-monitoring/industrial-iot-asset-condition-monitoring.pdf
AWS Industrial IoT Predictive Maintenance ML Model,Architecture diagrams for manufacturing,https://docs.aws.amazon.com/pdfs/reference-architecture-diagrams/latest/industrial-iot-predictive-maintenance-ml/industrial-iot-predictive-maintenance-ml.pdf
AWS Industrial IoT Predictive Quality,Architecture diagrams for manufacturing,https://docs.aws.amazon.com/pdfs/reference-architecture-diagrams/latest/industrial-iot-predictive-quality/industrial-iot-predictive-quality.pdf
AWS Industrial PdM ML Model and Anomaly Detection,Architecture diagrams for manufacturing,https://docs.aws.amazon.com/pdfs/reference-architecture-diagrams/latest/industrial-pdm-ml-anomaly-detection/industrial-pdm-ml-anomaly-detection.pdf
AWS Industrial PdM ML Model with Modbus Communication,Architecture diagrams for manufacturing,https://docs.aws.amazon.com/pdfs/reference-architecture-diagrams/latest/industrial-pdm-ml-modbus/industrial-pdm-ml-modbus.pdf
AWS Infrastructure Composer,Developer Guide,https://docs.aws.amazon.com/pdfs/infrastructure-composer/latest/dg/infrastructure-composer.pdf
AWS Interconnect,AWS Interconnect User Guide,https://docs.aws.amazon.com/pdfs/interconnect/latest/userguide/interconnect-ug.pdf
AWS IoT Core,Developer Guide,https://docs.aws.amazon.com/pdfs/iot/latest/developerguide/iot-dg.pdf
AWS IoT Device Defender,AWS IoT Device Defender Developer Guide,https://docs.aws.amazon.com/pdfs/iot-device-defender/latest/devguide/iot-device-defender-guide.pdf
AWS IoT ExpressLink,Onboarding-by-Claim Customer/OEM Guide,https://docs.aws.amazon.com/pdfs/iot-expresslink/latest/oemonboardingguide/expresslink-oemog.pdf
AWS IoT ExpressLink,Programmer's Guide,https://docs.aws.amazon.com/pdfs/iot-expresslink/latest/programmersguide/expresslink-pg.pdf
AWS IoT ExpressLink,Programmer's Guide,https://docs.aws.amazon.com/pdfs/iot-expresslink/archive/v1.1.1/programmersguide/expresslink-pg.pdf
AWS IoT ExpressLink,Programmer's Guide,https://docs.aws.amazon.com/pdfs/iot-expresslink/archive/v1.2/programmersguide/expresslink-pg.pdf
AWS IoT ExpressLink,Programmer's Guide,https://docs.aws.amazon.com/pdfs/iot-expresslink/archive/v1.1.2/programmersguide/expresslink-pg.pdf
AWS IoT FleetWise,Developer Guide,https://docs.aws.amazon.com/pdfs/iot-fleetwise/latest/developerguide/iot-fleetwise-guide.pdf
AWS IoT Greengrass,"Developer Guide, Version 1",https://docs.aws.amazon.com/pdfs/greengrass/v1/developerguide/gg-dg.pdf
AWS IoT Greengrass,"Developer Guide, Version 2",https://docs.aws.amazon.com/pdfs/greengrass/v2/developerguide/greengrass-v2-developer-guide.pdf
AWS IoT SiteWise,User Guide,https://docs.aws.amazon.com/pdfs/iot-sitewise/latest/userguide/iot-sitewise-guide.pdf
AWS IoT SiteWise Monitor,Application Guide,https://docs.aws.amazon.com/pdfs/iot-sitewise/latest/appguide/monitor-app-guide.pdf
AWS IoT TwinMaker,User Guide,https://docs.aws.amazon.com/pdfs/iot-twinmaker/latest/guide/twinmaker-guide.pdf
AWS IoT Wireless,Developer Guide,https://docs.aws.amazon.com/pdfs/iot-wireless/latest/developerguide/iotwireless-dg.pdf
AWS Key Management Service,AWS KMS Cryptographic Details,https://docs.aws.amazon.com/pdfs/kms/latest/cryptographic-details/kms-crypto-details.pdf
AWS Key Management Service,Developer Guide,https://docs.aws.amazon.com/pdfs/kms/latest/developerguide/kms-dg.pdf
AWS Lake Formation,Developer Guide,https://docs.aws.amazon.com/pdfs/lake-formation/latest/dg/lake-formation-dg.pdf
AWS Lambda,Developer Guide,https://docs.aws.amazon.com/pdfs/lambda/latest/dg/lambda-dg.pdf
AWS Lambda Core,API Reference,https://docs.aws.amazon.com/pdfs/lambda/latest/lambda-core/lambdacore.pdf
AWS Lambda MicroVMs,API Reference,https://docs.aws.amazon.com/pdfs/lambda/latest/microvm-api/lambdamicrovm.pdf
AWS Launch Wizard,User Guide,https://docs.aws.amazon.com/pdfs/launchwizard/latest/userguide/launch-wizard-user-guide.pdf
AWS License Manager,User Guide,https://docs.aws.amazon.com/pdfs/license-manager/latest/userguide/license-manager.pdf
AWS Local Zones,User Guide,https://docs.aws.amazon.com/pdfs/local-zones/latest/ug/local-zones.pdf
AWS Mainframe Modernization,User Guide,https://docs.aws.amazon.com/pdfs/m2/latest/userguide/m2userguide.pdf
AWS Managed Services,Change Management API Reference,https://docs.aws.amazon.com/pdfs/managedservices/latest/ApiReference-cm/managedservices-cm-api.pdf
AWS Managed Services (AMS) for Operational Excellence,Architecture Diagrams,https://docs.aws.amazon.com/pdfs/reference-architecture-diagrams/latest/aws-managed-services-operational-excellence/aws-managed-services-operational-excellence.pdf
AWS Management Console,Getting Started Guide,https://docs.aws.amazon.com/pdfs/awsconsolehelpdocs/latest/gsg/console-help-gsg.pdf
AWS Marketplace,Buyer Guide,https://docs.aws.amazon.com/pdfs/marketplace/latest/buyerguide/aws-marketplace-bug.pdf
AWS Marketplace,Developer Guide,https://docs.aws.amazon.com/pdfs/marketplace/latest/developerguide/aws-marketplace-dg.pdf
AWS Marketplace,Seller Guide,https://docs.aws.amazon.com/pdfs/marketplace/latest/userguide/aws-marketplace-ug.pdf
AWS Marketplace,Storefront User Guide,https://docs.aws.amazon.com/pdfs/marketplace/latest/storefrontguide/aws-marketplace-storefront-ug.pdf
AWS Media Insights Engine,AWS Reference Architecture Diagram,https://docs.aws.amazon.com/pdfs/architecture-diagrams/latest/aws-media-insights-engine/aws-media-insights-engine.pdf
AWS Microservice Extractor for .NET,User Guide,https://docs.aws.amazon.com/pdfs/microservice-extractor/latest/userguide/user-guide.pdf
AWS Migration Acceleration Program 2.0 Tagging Guide,User Guide,https://docs.aws.amazon.com/pdfs/MAP/latest/userguide/map-ug.pdf
AWS Migration Hub,User Guide,https://docs.aws.amazon.com/pdfs/migrationhub/latest/ug/hub-api.pdf
AWS Migration Hub Journeys,Migration Hub Journeys User Guide,https://docs.aws.amazon.com/pdfs/mhj/latest/userguide/migration-hub-journeys-user-guide.*.pdf
AWS Migration Hub Orchestrator,User Guide,https://docs.aws.amazon.com/pdfs/migrationhub-orchestrator/latest/userguide/mhub-orchestrator-ug.pdf
AWS Migration Hub Refactor Spaces,User Guide,https://docs.aws.amazon.com/pdfs/migrationhub-refactor-spaces/latest/userguide/migrationhub-refactor-spaces-ug.pdf
AWS Migration Whitepaper,AWS Whitepaper,https://docs.aws.amazon.com/pdfs/whitepapers/latest/aws-migration-whitepaper/aws-migration-whitepaper.pdf
AWS MLOps Framework,Implementation Guide,https://docs.aws.amazon.com/pdfs/solutions/latest/aws-mlops-framework/aws-mlops-framework.pdf
AWS Mobile SDK,Xamarin Developer Guide,https://docs.aws.amazon.com/pdfs/mobile/sdkforxamarin/developerguide/aws-xamarin-dg.pdf
AWS Mobile SDK for Unity,Developer Guide,https://docs.aws.amazon.com/pdfs/mobile/sdkforunity/developerguide/aws-unity-sdk.pdf
AWS Network Firewall,Developer Guide,https://docs.aws.amazon.com/pdfs/network-firewall/latest/developerguide/network-firewall-developer-guide.pdf
AWS Network Manager,AWS Cloud WAN User Guide,https://docs.aws.amazon.com/pdfs/network-manager/latest/cloudwan/cloudwan.pdf
AWS Network Manager,AWS Global Networks for Transit Gateways User Guide,https://docs.aws.amazon.com/pdfs/network-manager/latest/tgwnm/tgwnm.pdf
AWS Network Manager,Infrastructure Performance User Guide,https://docs.aws.amazon.com/pdfs/network-manager/latest/infrastructure-performance/infrastructure-performance.pdf
AWS Network Security Manager,Developer Guide,https://docs.aws.amazon.com/pdfs/network-security-manager/latest/devguide/network-security-manager-dg.pdf
AWS Nitro Enclaves,User Guide,https://docs.aws.amazon.com/pdfs/enclaves/latest/user/enclaves-user.pdf
AWS Organizations,User Guide,https://docs.aws.amazon.com/pdfs/organizations/latest/userguide/organizations-userguide.pdf
AWS Outposts,Server installation guide,https://docs.aws.amazon.com/pdfs/outposts/latest/install-server/outposts.pdf
AWS Outposts,User guide for first-generation Outposts racks,https://docs.aws.amazon.com/pdfs/outposts/latest/userguide/outposts-rack.pdf
AWS Outposts,User Guide for Outposts servers,https://docs.aws.amazon.com/pdfs/outposts/latest/server-userguide/outposts.pdf
AWS Outposts,User guide for second-generation Outposts racks,https://docs.aws.amazon.com/pdfs/outposts/latest/network-userguide/outposts-rack-network.pdf
AWS Outposts High Availability Design and Architecture Considerations,AWS Whitepaper,https://docs.aws.amazon.com/pdfs/whitepapers/latest/aws-outposts-high-availability-design/aws-outposts-high-availability-design.pdf
AWS Outposts Networking Reference Architecture,Architecture Diagrams,https://docs.aws.amazon.com/pdfs/reference-architecture-diagrams/latest/outposts-networking/outposts-networking.pdf
AWS Panorama,Developer Guide,https://docs.aws.amazon.com/pdfs/panorama/latest/dev/panorama-dev.pdf
AWS ParallelCluster,AWS ParallelCluster User Guide (v2),https://docs.aws.amazon.com/pdfs/parallelcluster/v2/ug/aws-parallelcluster-ug.pdf
AWS ParallelCluster,AWS ParallelCluster User Guide (v3),https://docs.aws.amazon.com/pdfs/parallelcluster/latest/ug/aws-parallelcluster-ug.pdf
AWS Partner Central,Builder Guide,https://docs.aws.amazon.com/pdfs/partner-central/latest/builder-guide/apc-bg.pdf
AWS Partner Central,CRM Guide,https://docs.aws.amazon.com/pdfs/partner-central/latest/crm/apc-crm.pdf
AWS Partner Central,Developer Guide,https://docs.aws.amazon.com/pdfs/partner-central/latest/developer-guide/apc-dg.pdf
AWS Partner Central,Getting Started Guide,https://docs.aws.amazon.com/pdfs/partner-central/latest/getting-started/apc-gs.pdf
AWS Partner Central,Sales Guide,https://docs.aws.amazon.com/pdfs/partner-central/latest/sales-guide/apc-sg.pdf
AWS Partner Revenue Measurement,Onboarding guide for AWS Partner Revenue Measurement,https://docs.aws.amazon.com/pdfs/PRM/latest/aws-prm-onboarding-guide/aws-prm-onboarding-guide.pdf
AWS Payment Cryptography,User Guide,https://docs.aws.amazon.com/pdfs/payment-cryptography/latest/userguide/payment-cryptography-userguide.pdf
AWS Payment Cryptography Data Plane,API Reference,https://docs.aws.amazon.com/pdfs/payment-cryptography/latest/DataAPIReference/payment-cryptography-data-api.pdf
AWS PCS,User Guide,https://docs.aws.amazon.com/pdfs/pcs/latest/userguide/pcs-ug.pdf
AWS Prescriptive Guidance,A phased approach for performance engineering in the AWS Cloud,https://docs.aws.amazon.com/pdfs/prescriptive-guidance/latest/performance-engineering-aws/performance-engineering-aws.pdf
AWS Prescriptive Guidance,Accelerating observability outcomes,https://docs.aws.amazon.com/pdfs/prescriptive-guidance/latest/strategy-accelerate-observability-outcomes/strategy-accelerate-observability-outcomes.pdf
AWS Prescriptive Guidance,Accelerating software development lifecycles on AWS with generative AI,https://docs.aws.amazon.com/pdfs/prescriptive-guidance/latest/strategy-accelerate-software-dev-lifecycle-gen-ai/strategy-accelerate-software-dev-lifecycle-gen-ai.pdf
AWS Prescriptive Guidance,Accelerating your cloud ROI by adopting a strategic transformation and change methodology,https://docs.aws.amazon.com/pdfs/prescriptive-guidance/latest/strategy-enterprise-transformation/strategy-enterprise-transformation.pdf
AWS Prescriptive Guidance,Adopting the Matter standard for IoT device makers,https://docs.aws.amazon.com/pdfs/prescriptive-guidance/latest/strategy-matter-standard/strategy-matter-standard.pdf
AWS Prescriptive Guidance,"Agentic AI frameworks, platforms, protocols, and tools on AWS",https://docs.aws.amazon.com/pdfs/prescriptive-guidance/latest/agentic-ai-frameworks/agentic-ai-frameworks.pdf
AWS Prescriptive Guidance,Agentic AI patterns and workflows on AWS,https://docs.aws.amazon.com/pdfs/prescriptive-guidance/latest/agentic-ai-patterns/agentic-ai-patterns.pdf
AWS Prescriptive Guidance,AMS Accelerate operations plan governance best practices,https://docs.aws.amazon.com/pdfs/prescriptive-guidance/latest/ams-accelerate-governance-best-practices/ams-accelerate-governance-best-practices.pdf
AWS Prescriptive Guidance,Application portfolio assessment guide for AWS Cloud migration,https://docs.aws.amazon.com/pdfs/prescriptive-guidance/latest/application-portfolio-assessment-guide/application-portfolio-assessment-guide.pdf
AWS Prescriptive Guidance,Application portfolio assessment strategy for AWS Cloud migration,https://docs.aws.amazon.com/pdfs/prescriptive-guidance/latest/strategy-application-portfolio-assessment-migration/strategy-application-portfolio-assessment-migration.pdf
AWS Prescriptive Guidance,Applying the AWS Well-Architected Framework for Amazon Neptune,https://docs.aws.amazon.com/pdfs/prescriptive-guidance/latest/neptune-well-architected-framework/neptune-well-architected-framework.pdf
AWS Prescriptive Guidance,Applying the AWS Well-Architected Framework for Amazon Neptune Analytics,https://docs.aws.amazon.com/pdfs/prescriptive-guidance/latest/neptune-analytics-well-architected-framework/neptune-analytics-well-architected-framework.pdf
AWS Prescriptive Guidance,Applying the AWS Well-Architected Framework for Amazon Timestream for InfluxDB,https://docs.aws.amazon.com/pdfs/prescriptive-guidance/latest/timestream-for-influxdb-well-architected-framework/timestream-for-influxdb-well-architected-framework.pdf
AWS Prescriptive Guidance,Applying the AWS Well-Architected Framework to Amazon WorkSpaces Applications,https://docs.aws.amazon.com/pdfs/prescriptive-guidance/latest/appstream-well-architected-framework/appstream-well-architected-framework.pdf
AWS Prescriptive Guidance,"Archiving data in Amazon RDS for MySQL, Amazon RDS for MariaDB, and Aurora MySQL-Compatible",https://docs.aws.amazon.com/pdfs/prescriptive-guidance/latest/archiving-mysql-data/archiving-mysql-data.pdf
AWS Prescriptive Guidance,"Auditing SQL Server instances, database objects, and logins in Amazon RDS and Amazon EC2",https://docs.aws.amazon.com/pdfs/prescriptive-guidance/latest/sql-server-auditing-on-aws/sql-server-auditing-on-aws.pdf
AWS Prescriptive Guidance,Automate your DR solution for relational databases on AWS,https://docs.aws.amazon.com/pdfs/prescriptive-guidance/latest/automate-dr-solution-relational-database/automate-dr-solution-relational-database.pdf
AWS Prescriptive Guidance,Automated patching for mutable instances in the hybrid cloud using AWS Systems Manager,https://docs.aws.amazon.com/pdfs/prescriptive-guidance/latest/automated-patching-mutable-instances-hybrid-cloud-aws-systems-manager/automated-patching-mutable-instances-hybrid-cloud-aws-systems-manager.pdf
AWS Prescriptive Guidance,Automating AWS infrastructure documentation generation and analysis,https://docs.aws.amazon.com/pdfs/prescriptive-guidance/latest/automating-aws-infrastructure-documentation-generation-and-analysis/automating-aws-infrastructure-documentation-generation-and-analysis.pdf
AWS Prescriptive Guidance,Automating large-scale server migrations with Cloud Migration Factory,https://docs.aws.amazon.com/pdfs/prescriptive-guidance/latest/migration-factory-cloudendure/migration-factory-cloudendure.pdf
AWS Prescriptive Guidance,Automation strategy for SAP operations in the AWS Cloud,https://docs.aws.amazon.com/pdfs/prescriptive-guidance/latest/strategy-sap-automation/strategy-sap-automation.pdf
AWS Prescriptive Guidance,Autonomous Driving Data Framework (ADDF) security and operations guide,https://docs.aws.amazon.com/pdfs/prescriptive-guidance/latest/addf-security-and-operations/addf-security-and-operations.pdf
AWS Prescriptive Guidance,AWS Change Acceleration 6-Point Framework and Organizational Change Management Toolkit,https://docs.aws.amazon.com/pdfs/prescriptive-guidance/latest/strategy-ocm/strategy-ocm.pdf
AWS Prescriptive Guidance,AWS Cloud Adoption Framework: Platform perspective,https://docs.aws.amazon.com/pdfs/prescriptive-guidance/latest/aws-caf-platform-perspective/aws-caf-platform-perspective.pdf
AWS Prescriptive Guidance,AWS Key Management Service best practices,https://docs.aws.amazon.com/pdfs/prescriptive-guidance/latest/aws-kms-best-practices/aws-kms-best-practices.pdf
AWS Prescriptive Guidance,AWS multi-Region fundamentals,https://docs.aws.amazon.com/pdfs/prescriptive-guidance/latest/aws-multi-region-fundamentals/aws-multi-region-fundamentals.pdf
AWS Prescriptive Guidance,AWS Organizational Change Acceleration (OCA) 6-Point Framework - 1. Mobilize Team,https://docs.aws.amazon.com/pdfs/prescriptive-guidance/latest/oca-framework-mobilize-team/oca-framework-mobilize-team.pdf
AWS Prescriptive Guidance,AWS Organizational Change Acceleration (OCA) 6-Point Framework - 2. Align Leaders,https://docs.aws.amazon.com/pdfs/prescriptive-guidance/latest/oca-framework-align-leaders/oca-framework-align-leaders.pdf
AWS Prescriptive Guidance,AWS Organizational Change Acceleration (OCA) 6-Point Framework - 3. Envision the Future,https://docs.aws.amazon.com/pdfs/prescriptive-guidance/latest/oca-framework-envision-future/oca-framework-envision-future.pdf
AWS Prescriptive Guidance,AWS Organizational Change Acceleration (OCA) 6-Point Framework – 4. Engage the Organization,https://docs.aws.amazon.com/pdfs/prescriptive-guidance/latest/oca-framework-engage-organization/oca-framework-engage-organization.pdf
AWS Prescriptive Guidance,AWS Organizational Change Acceleration (OCA) 6-Point Framework – 5. Enable Capacity,https://docs.aws.amazon.com/pdfs/prescriptive-guidance/latest/oca-framework-enable-capacity/oca-framework-enable-capacity.pdf
AWS Prescriptive Guidance,AWS Organizational Change Acceleration (OCA) 6-Point Framework – 6. Make Culture Change Stick,https://docs.aws.amazon.com/pdfs/prescriptive-guidance/latest/oca-framework-make-culture-change-stick/oca-framework-make-culture-change-stick.pdf
AWS Prescriptive Guidance,AWS Privacy Reference Architecture,https://docs.aws.amazon.com/pdfs/prescriptive-guidance/latest/privacy-reference-architecture/privacy-reference-architecture.pdf
AWS Prescriptive Guidance,AWS Secure Migrations Framework: Mobilizing security and compliance,https://docs.aws.amazon.com/pdfs/prescriptive-guidance/latest/secure-migrations-framework/secure-migrations-framework.pdf
AWS Prescriptive Guidance,AWS Security Reference Architecture (AWS SRA) – AI security,https://docs.aws.amazon.com/pdfs/prescriptive-guidance/latest/security-reference-architecture-generative-ai/security-reference-architecture-generative-ai.pdf
AWS Prescriptive Guidance,AWS Security Reference Architecture (AWS SRA) – core architecture,https://docs.aws.amazon.com/pdfs/prescriptive-guidance/latest/security-reference-architecture/security-reference-architecture.pdf
AWS Prescriptive Guidance,AWS Security Reference Architecture (AWS SRA) – cyber forensics,https://docs.aws.amazon.com/pdfs/prescriptive-guidance/latest/security-reference-architecture-cyber-forensics/security-reference-architecture-cyber-forensics.pdf
AWS Prescriptive Guidance,AWS Security Reference Architecture (AWS SRA) – identity management,https://docs.aws.amazon.com/pdfs/prescriptive-guidance/latest/security-reference-architecture-identity-management/security-reference-architecture-identity-management.pdf
AWS Prescriptive Guidance,AWS Security Reference Architecture (AWS SRA) – Internet of Things (IoT),https://docs.aws.amazon.com/pdfs/prescriptive-guidance/latest/security-reference-architecture-iot/security-reference-architecture-iot.pdf
AWS Prescriptive Guidance,AWS Security Reference Architecture (AWS SRA) – perimeter security,https://docs.aws.amazon.com/pdfs/prescriptive-guidance/latest/security-reference-architecture-perimeter-security/security-reference-architecture-perimeter-security.pdf
AWS Prescriptive Guidance,AWS Security Reference Architecture - Payment Card Industry (PCI) Data Security Standard (DSS),https://docs.aws.amazon.com/pdfs/prescriptive-guidance/latest/aws-security-reference-architecture-pci-data-security-standard-dss/aws-security-reference-architecture-pci-data-security-standard-dss.pdf
AWS Prescriptive Guidance,AWS Startup Resiliency Baseline,https://docs.aws.amazon.com/pdfs/prescriptive-guidance/latest/startup-resiliency-baseline/startup-resiliency-baseline.pdf
AWS Prescriptive Guidance,AWS Startup Security Baseline,https://docs.aws.amazon.com/pdfs/prescriptive-guidance/latest/aws-startup-security-baseline/aws-startup-security-baseline.pdf
AWS Prescriptive Guidance,AWS storage for VMware professionals,https://docs.aws.amazon.com/pdfs/prescriptive-guidance/latest/aws-storage-for-vmware-professionals/aws-storage-for-vmware-professionals.pdf
AWS Prescriptive Guidance,Backup and restore options for SQL Server on Amazon EC2,https://docs.aws.amazon.com/pdfs/prescriptive-guidance/latest/sql-server-managing-on-aws/sql-server-managing-on-aws.pdf
AWS Prescriptive Guidance,Banking modernization strategy for client lifecycle management in the AWS Cloud,https://docs.aws.amazon.com/pdfs/prescriptive-guidance/latest/strategy-banking-modernization-clm/strategy-banking-modernization-clm.pdf
AWS Prescriptive Guidance,Bare-metal hardware monitoring on AWS by using Telegraf and Redfish,https://docs.aws.amazon.com/pdfs/prescriptive-guidance/latest/bare-metal-hardware-monitoring/bare-metal-hardware-monitoring.pdf
AWS Prescriptive Guidance,Best practices for applying the AWS Well-Architected Framework to Amazon FSx for Windows File Server,https://docs.aws.amazon.com/pdfs/prescriptive-guidance/latest/well-architected-best-practices-fsx-windows/well-architected-best-practices-fsx-windows.pdf
AWS Prescriptive Guidance,Best practices for applying the AWS Well-Architected Framework to AWS Managed Microsoft AD,https://docs.aws.amazon.com/pdfs/prescriptive-guidance/latest/aws-directory-service-for-microsoft-ad-well-architected-analysis/aws-directory-service-for-microsoft-ad-well-architected-analysis.pdf
AWS Prescriptive Guidance,Best practices for assessing applications to be retired during a migration to the AWS Cloud,https://docs.aws.amazon.com/pdfs/prescriptive-guidance/latest/migration-retiring-applications/migration-retiring-applications.pdf
AWS Prescriptive Guidance,Best practices for building a hybrid cloud architecture with AWS services,https://docs.aws.amazon.com/pdfs/prescriptive-guidance/latest/hybrid-cloud-best-practices/hybrid-cloud-best-practices.pdf
AWS Prescriptive Guidance,Best practices for cutting over network traffic to AWS during a migration,https://docs.aws.amazon.com/pdfs/prescriptive-guidance/latest/best-practices-migration-cutover/best-practices-migration-cutover.pdf
AWS Prescriptive Guidance,Best practices for designing and implementing modern data-centric architecture use cases,https://docs.aws.amazon.com/pdfs/prescriptive-guidance/latest/modern-data-centric-use-cases/modern-data-centric-use-cases.pdf
AWS Prescriptive Guidance,Best practices for performance tuning AWS Glue for Apache Spark jobs,https://docs.aws.amazon.com/pdfs/prescriptive-guidance/latest/tuning-aws-glue-for-apache-spark/tuning-aws-glue-for-apache-spark.pdf
AWS Prescriptive Guidance,Best practices for retiring applications before decommissioning infrastructure,https://docs.aws.amazon.com/pdfs/prescriptive-guidance/latest/migration-app-retirement-best-practices/migration-app-retirement-best-practices.pdf
AWS Prescriptive Guidance,Best practices for SAP on AWS greenfield implementations,https://docs.aws.amazon.com/pdfs/prescriptive-guidance/latest/sap-greenfield-implementations/sap-greenfield-implementations.pdf
AWS Prescriptive Guidance,Best practices for streamlining Amazon EKS observability,https://docs.aws.amazon.com/pdfs/prescriptive-guidance/latest/amazon-eks-observability-best-practices/amazon-eks-observability-best-practices.pdf
AWS Prescriptive Guidance,Best practices for using the AWS CDK in TypeScript to create IaC projects,https://docs.aws.amazon.com/pdfs/prescriptive-guidance/latest/best-practices-cdk-typescript-iac/best-practices-cdk-typescript-iac.pdf
AWS Prescriptive Guidance,Best practices for using the Terraform AWS Provider,https://docs.aws.amazon.com/pdfs/prescriptive-guidance/latest/terraform-aws-provider-best-practices/terraform-aws-provider-best-practices.pdf
AWS Prescriptive Guidance,Best practices with Amazon Q Developer for in-line and assistant code generation,https://docs.aws.amazon.com/pdfs/prescriptive-guidance/latest/best-practices-code-generation/best-practices-code-generation.pdf
AWS Prescriptive Guidance,Building a Cloud Center of Excellence within your organization,https://docs.aws.amazon.com/pdfs/prescriptive-guidance/latest/cloud-center-of-excellence/cloud-center-of-excellence.pdf
AWS Prescriptive Guidance,Building a high availability and disaster recovery architecture for SQL Server on Amazon EC2,https://docs.aws.amazon.com/pdfs/prescriptive-guidance/latest/sql-server-ec2-ha-dr/sql-server-ec2-ha-dr.pdf
AWS Prescriptive Guidance,Building a multicloud strategy in the financial services industry,https://docs.aws.amazon.com/pdfs/prescriptive-guidance/latest/strategy-multicloud-fsi/strategy-multicloud-fsi.pdf
AWS Prescriptive Guidance,Building a scalable vulnerability management program on AWS,https://docs.aws.amazon.com/pdfs/prescriptive-guidance/latest/vulnerability-management/vulnerability-management.pdf
AWS Prescriptive Guidance,Building a scalable web crawling system for ESG data on AWS,https://docs.aws.amazon.com/pdfs/prescriptive-guidance/latest/web-crawling-system-esg-data/web-crawling-system-esg-data.pdf
AWS Prescriptive Guidance,"Building a strategy for single, hybrid, and multicloud in education",https://docs.aws.amazon.com/pdfs/prescriptive-guidance/latest/strategy-education-hybrid-multicloud/strategy-education-hybrid-multicloud.pdf
AWS Prescriptive Guidance,Building an Enterprise Blueprint Factory by using AWS Service Catalog,https://docs.aws.amazon.com/pdfs/prescriptive-guidance/latest/enterprise-blueprint-factory/enterprise-blueprint-factory.pdf
AWS Prescriptive Guidance,Building an enterprise-ready generative AI platform on AWS,https://docs.aws.amazon.com/pdfs/prescriptive-guidance/latest/strategy-enterprise-ready-gen-ai-platform/strategy-enterprise-ready-gen-ai-platform.pdf
AWS Prescriptive Guidance,Building an industrial Internet of Things (IIoT) digital transformation strategy,https://docs.aws.amazon.com/pdfs/prescriptive-guidance/latest/strategy-iiot-transformation/strategy-iiot-transformation.pdf
AWS Prescriptive Guidance,Building an internal developer platform on AWS,https://docs.aws.amazon.com/pdfs/prescriptive-guidance/latest/internal-developer-platform/internal-developer-platform.pdf
AWS Prescriptive Guidance,Building hexagonal architectures on AWS,https://docs.aws.amazon.com/pdfs/prescriptive-guidance/latest/hexagonal-architectures/hexagonal-architectures.pdf
AWS Prescriptive Guidance,Building multi-tenant architectures for agentic AI on AWS,https://docs.aws.amazon.com/pdfs/prescriptive-guidance/latest/agentic-ai-multitenant/agentic-ai-multitenant.pdf
AWS Prescriptive Guidance,Building serverless architectures for agentic AI on AWS,https://docs.aws.amazon.com/pdfs/prescriptive-guidance/latest/agentic-ai-serverless/agentic-ai-serverless.pdf
AWS Prescriptive Guidance,Building your Cloud Operating Model,https://docs.aws.amazon.com/pdfs/prescriptive-guidance/latest/strategy-cloud-operating-model/strategy-cloud-operating-model.pdf
AWS Prescriptive Guidance,Choosing a DR capability for standard editions of Amazon RDS for Oracle and SQL Server,https://docs.aws.amazon.com/pdfs/prescriptive-guidance/latest/dr-standard-edition-amazon-rds/dr-standard-edition-amazon-rds.pdf
AWS Prescriptive Guidance,Choosing a Git branching strategy for multi-account DevOps environments,https://docs.aws.amazon.com/pdfs/prescriptive-guidance/latest/choosing-git-branch-approach/choosing-git-branch-approach.pdf
AWS Prescriptive Guidance,Choosing a migration tool for rehosting databases,https://docs.aws.amazon.com/pdfs/prescriptive-guidance/latest/migration-database-rehost-tools/migration-database-rehost-tools.pdf
AWS Prescriptive Guidance,Choosing a stickiness strategy for your load balancer,https://docs.aws.amazon.com/pdfs/prescriptive-guidance/latest/load-balancer-stickiness/load-balancer-stickiness.pdf
AWS Prescriptive Guidance,Choosing an approach for modernizing .NET applications,https://docs.aws.amazon.com/pdfs/prescriptive-guidance/latest/modernization-net-applications/modernization-net-applications.pdf
AWS Prescriptive Guidance,Choosing an AWS vector database for RAG use cases,https://docs.aws.amazon.com/pdfs/prescriptive-guidance/latest/choosing-an-aws-vector-database-for-rag-use-cases/choosing-an-aws-vector-database-for-rag-use-cases.pdf
AWS Prescriptive Guidance,Choosing an infrastructure as code tool for your organization,https://docs.aws.amazon.com/pdfs/prescriptive-guidance/latest/choose-iac-tool/choose-iac-tool.pdf
AWS Prescriptive Guidance,Choosing the hardware for your Amazon EMR cluster,https://docs.aws.amazon.com/pdfs/prescriptive-guidance/latest/amazon-emr-hardware/amazon-emr-hardware.pdf
AWS Prescriptive Guidance,Choosing the right access approach for Amazon Quick,https://docs.aws.amazon.com/pdfs/prescriptive-guidance/latest/quick-suite-access-approach/quick-suite-access-approach.pdf
AWS Prescriptive Guidance,Choosing the right AWS service for your microservice endpoints,https://docs.aws.amazon.com/pdfs/prescriptive-guidance/latest/choosing-the-right-aws-service-for-your-microservice-endpoints/choosing-the-right-aws-service-for-your-microservice-endpoints.pdf
AWS Prescriptive Guidance,Choosing the right GitOps tool for your Amazon EKS cluster,https://docs.aws.amazon.com/pdfs/prescriptive-guidance/latest/eks-gitops-tools/eks-gitops-tools.pdf
AWS Prescriptive Guidance,"Cloud design patterns, architectures, and implementations",https://docs.aws.amazon.com/pdfs/prescriptive-guidance/latest/cloud-design-patterns/cloud-design-patterns.pdf
AWS Prescriptive Guidance,"Comparing Amazon Aurora Replicas, Aurora cross-Region Replicas, and Aurora global databases",https://docs.aws.amazon.com/pdfs/prescriptive-guidance/latest/aurora-replication-options/aurora-replication-options.pdf
AWS Prescriptive Guidance,Connecting to Salesforce Hyperforce by using AWS Direct Connect with Megaport,https://docs.aws.amazon.com/pdfs/prescriptive-guidance/latest/salesforce-hyperforce-connectivity-dx-megaport/salesforce-hyperforce-connectivity-dx-megaport.pdf
AWS Prescriptive Guidance,Containerizing and migrating Java applications using AWS App2Container,https://docs.aws.amazon.com/pdfs/prescriptive-guidance/latest/containerize-java-a2c/containerize-java-a2c.pdf
AWS Prescriptive Guidance,Containerizing traditional Java EE applications for the AWS Cloud,https://docs.aws.amazon.com/pdfs/prescriptive-guidance/latest/modernization-containerize-javaee/modernization-containerize-javaee.pdf
AWS Prescriptive Guidance,Cost optimization strategy for SAP workloads in the AWS Cloud,https://docs.aws.amazon.com/pdfs/prescriptive-guidance/latest/strategy-sap-cost-optimization/strategy-sap-cost-optimization.pdf
AWS Prescriptive Guidance,"Crawl, walk, run: Accelerating security maturity in the AWS Cloud",https://docs.aws.amazon.com/pdfs/prescriptive-guidance/latest/strategy-accelerating-security-maturity/strategy-accelerating-security-maturity.pdf
AWS Prescriptive Guidance,Creating a data strategy on AWS that supports your company's goals,https://docs.aws.amazon.com/pdfs/prescriptive-guidance/latest/strategy-aws-data/strategy-aws-data.pdf
AWS Prescriptive Guidance,Creating an enterprise encryption strategy for data at rest,https://docs.aws.amazon.com/pdfs/prescriptive-guidance/latest/strategy-data-at-rest-encryption/strategy-data-at-rest-encryption.pdf
AWS Prescriptive Guidance,Creating production-ready ML pipelines on AWS,https://docs.aws.amazon.com/pdfs/prescriptive-guidance/latest/creating-production-ready-ml-pipelines-on-aws/creating-production-ready-ml-pipelines-on-aws.pdf
AWS Prescriptive Guidance,Creating Retrieval Augmented Generation solutions on AWS for healthcare,https://docs.aws.amazon.com/pdfs/prescriptive-guidance/latest/rag-healthcare-use-cases/rag-healthcare-use-cases.pdf
AWS Prescriptive Guidance,Cross-account full table copy options for Amazon DynamoDB,https://docs.aws.amazon.com/pdfs/prescriptive-guidance/latest/dynamodb-full-table-copy-options/dynamodb-full-table-copy-options.pdf
AWS Prescriptive Guidance,Cyber threat intelligence sharing on AWS,https://docs.aws.amazon.com/pdfs/prescriptive-guidance/latest/cyber-threat-intelligence-sharing/cyber-threat-intelligence-sharing.pdf
AWS Prescriptive Guidance,"Data security, lifecycle, and strategy for generative AI applications",https://docs.aws.amazon.com/pdfs/prescriptive-guidance/latest/strategy-data-considerations-gen-ai/strategy-data-considerations-gen-ai.pdf
AWS Prescriptive Guidance,Database decomposition on AWS,https://docs.aws.amazon.com/pdfs/prescriptive-guidance/latest/database-decomposition/database-decomposition.pdf
AWS Prescriptive Guidance,Deciding to adopt an AWS security service,https://docs.aws.amazon.com/pdfs/prescriptive-guidance/latest/strategy-evaluating-security-service/strategy-evaluating-security-service.pdf
AWS Prescriptive Guidance,Decomposing legacy mainframe applications by using AWS Transform,https://docs.aws.amazon.com/pdfs/prescriptive-guidance/latest/mainframe-decomposition-aws-transform/mainframe-decomposition-aws-transform.pdf
AWS Prescriptive Guidance,Decomposing monoliths into microservices,https://docs.aws.amazon.com/pdfs/prescriptive-guidance/latest/modernization-decomposing-monoliths/modernization-decomposing-monoliths.pdf
AWS Prescriptive Guidance,Decoupling data storage from SAS servers using Amazon FSx for Windows File Server,https://docs.aws.amazon.com/pdfs/prescriptive-guidance/latest/data-storage-decoupling-sas-fsx/data-storage-decoupling-sas-fsx.pdf
AWS Prescriptive Guidance,Defining Amazon S3 bucket and path names for data lake layers,https://docs.aws.amazon.com/pdfs/prescriptive-guidance/latest/defining-bucket-names-data-lakes/defining-bucket-names-data-lakes.pdf
AWS Prescriptive Guidance,Designing a data lake for growth and scale on the AWS Cloud,https://docs.aws.amazon.com/pdfs/prescriptive-guidance/latest/data-lake-for-growth-scale/data-lake-for-growth-scale.pdf
AWS Prescriptive Guidance,Designing a DevSecOps mechanism,https://docs.aws.amazon.com/pdfs/prescriptive-guidance/latest/designing-a-devsecops-mechanism/designing-a-devsecops-mechanism.pdf
AWS Prescriptive Guidance,Designing an automated solution to analyze PDF files on the AWS Cloud,https://docs.aws.amazon.com/pdfs/prescriptive-guidance/latest/automated-pdf-analysis-solution/automated-pdf-analysis-solution.pdf
AWS Prescriptive Guidance,Designing an AWS Control Tower landing zone,https://docs.aws.amazon.com/pdfs/prescriptive-guidance/latest/designing-control-tower-landing-zone/designing-control-tower-landing-zone.pdf
AWS Prescriptive Guidance,Designing and implementing logging and monitoring with Amazon CloudWatch,https://docs.aws.amazon.com/pdfs/prescriptive-guidance/latest/implementing-logging-monitoring-cloudwatch/implementing-logging-monitoring-cloudwatch.pdf
AWS Prescriptive Guidance,Designing for high availability and resiliency in Amazon EKS applications,https://docs.aws.amazon.com/pdfs/prescriptive-guidance/latest/ha-resiliency-amazon-eks-apps/ha-resiliency-amazon-eks-apps.pdf
AWS Prescriptive Guidance,Designing the foundation of a dynamic and modular IVR experience on Connect Customer,https://docs.aws.amazon.com/pdfs/prescriptive-guidance/latest/ivr-design-on-connect/ivr-design-on-connect.pdf
AWS Prescriptive Guidance,DevOps for AWS Mainframe Modernization,https://docs.aws.amazon.com/pdfs/prescriptive-guidance/latest/strategy-devops-aws-mainframe-modernization/strategy-devops-aws-mainframe-modernization.pdf
AWS Prescriptive Guidance,Disaster recovery strategy for databases on AWS,https://docs.aws.amazon.com/pdfs/prescriptive-guidance/latest/strategy-database-disaster-recovery/strategy-database-disaster-recovery.pdf
AWS Prescriptive Guidance,Economics for agentic AI on AWS,https://docs.aws.amazon.com/pdfs/prescriptive-guidance/latest/agentic-ai-economics/agentic-ai-economics.pdf
AWS Prescriptive Guidance,Effort estimation framework for migrating OpenShift to Amazon EKS,https://docs.aws.amazon.com/pdfs/prescriptive-guidance/latest/estimates-for-open-shift-to-aws-eks/estimates-for-open-shift-to-aws-eks.pdf
AWS Prescriptive Guidance,"EKS cost optimization: Scaling, sizing, and savings",https://docs.aws.amazon.com/pdfs/prescriptive-guidance/latest/eks-cost-optimization/eks-cost-optimization.pdf
AWS Prescriptive Guidance,Embracing Zero Trust: A strategy for security modernization,https://docs.aws.amazon.com/pdfs/prescriptive-guidance/latest/strategy-zero-trust-architecture/strategy-zero-trust-architecture.pdf
AWS Prescriptive Guidance,Enabling business reporting and generative AI capabilities for Amazon selling partners,https://docs.aws.amazon.com/pdfs/prescriptive-guidance/latest/strategy-gen-ai-selling-partner-api/strategy-gen-ai-selling-partner-api.pdf
AWS Prescriptive Guidance,Enabling data persistence in microservices,https://docs.aws.amazon.com/pdfs/prescriptive-guidance/latest/modernization-data-persistence/modernization-data-persistence.pdf
AWS Prescriptive Guidance,Encryption best practices and features for AWS services,https://docs.aws.amazon.com/pdfs/prescriptive-guidance/latest/encryption-best-practices/encryption-best-practices.pdf
AWS Prescriptive Guidance,Enterprise multi-account architecture for running agentic AI in production on AWS,https://docs.aws.amazon.com/pdfs/prescriptive-guidance/latest/agent-ops-maturity-roadmap-for-enterprise-ai/agent-ops-maturity-roadmap-for-enterprise-ai.pdf
AWS Prescriptive Guidance,Establishing guardrails and monitoring for presigned URLs,https://docs.aws.amazon.com/pdfs/prescriptive-guidance/latest/presigned-url-best-practices/presigned-url-best-practices.pdf
AWS Prescriptive Guidance,Evaluate downgrading Microsoft SQL Server from Enterprise edition to Standard edition on AWS,https://docs.aws.amazon.com/pdfs/prescriptive-guidance/latest/evaluate-downgrading-sql-server-edition/evaluate-downgrading-sql-server-edition.pdf
AWS Prescriptive Guidance,Evaluate downgrading Oracle databases to Standard Edition 2 on AWS,https://docs.aws.amazon.com/pdfs/prescriptive-guidance/latest/evaluate-downgrading-oracle-edition/evaluate-downgrading-oracle-edition.pdf
AWS Prescriptive Guidance,Evaluating migration readiness,https://docs.aws.amazon.com/pdfs/prescriptive-guidance/latest/evaluating-migration-readiness/evaluating-migration-readiness.pdf
AWS Prescriptive Guidance,Evaluating modernization readiness for applications in the AWS Cloud,https://docs.aws.amazon.com/pdfs/prescriptive-guidance/latest/modernization-assessing-applications/modernization-assessing-applications.pdf
AWS Prescriptive Guidance,Evaluating your ML project with the MLOps checklist,https://docs.aws.amazon.com/pdfs/prescriptive-guidance/latest/mlops-checklist/mlops-checklist.pdf
AWS Prescriptive Guidance,Failure Mode and Effects Analysis for applications on AWS,https://docs.aws.amazon.com/pdfs/prescriptive-guidance/latest/failure-mode-effects-analysis/failure-mode-effects-analysis.pdf
AWS Prescriptive Guidance,Forecasting demand for freight capacity by using Amazon SageMaker AI,https://docs.aws.amazon.com/pdfs/prescriptive-guidance/latest/forecast-demand-freight-capacity/forecast-demand-freight-capacity.pdf
AWS Prescriptive Guidance,Forecasting demand for new product introductions by using AWS machine learning services,https://docs.aws.amazon.com/pdfs/prescriptive-guidance/latest/forecast-demand-new-product/forecast-demand-new-product.pdf
AWS Prescriptive Guidance,Foundation playbook for AWS large migrations,https://docs.aws.amazon.com/pdfs/prescriptive-guidance/latest/large-migration-foundation-playbook/large-migration-foundation-playbook.pdf
AWS Prescriptive Guidance,Foundations of agentic AI on AWS,https://docs.aws.amazon.com/pdfs/prescriptive-guidance/latest/agentic-ai-foundations/agentic-ai-foundations.pdf
AWS Prescriptive Guidance,Generative AI inference architecture and best practices on AWS,https://docs.aws.amazon.com/pdfs/prescriptive-guidance/latest/gen-ai-inference-architecture-and-best-practices-on-aws/gen-ai-inference-architecture-and-best-practices-on-aws.pdf
AWS Prescriptive Guidance,Generative AI Lifecycle Operational Excellence framework on AWS,https://docs.aws.amazon.com/pdfs/prescriptive-guidance/latest/gen-ai-lifecycle-operational-excellence/gen-ai-lifecycle-operational-excellence.pdf
AWS Prescriptive Guidance,Generative AI workload assessment,https://docs.aws.amazon.com/pdfs/prescriptive-guidance/latest/gen-ai-workload-assessment/gen-ai-workload-assessment.pdf
AWS Prescriptive Guidance,Getting started with serverless ETL on AWS Glue,https://docs.aws.amazon.com/pdfs/prescriptive-guidance/latest/serverless-etl-aws-glue/serverless-etl-aws-glue.pdf
AWS Prescriptive Guidance,Getting started with Terraform: Guidance for AWS CDK and AWS CloudFormation experts,https://docs.aws.amazon.com/pdfs/prescriptive-guidance/latest/getting-started-terraform/getting-started-terraform.pdf
AWS Prescriptive Guidance,Governing and architecting the diversity of agentic AI at scale,https://docs.aws.amazon.com/pdfs/prescriptive-guidance/latest/govern-architect-agentic-ai/govern-architect-agentic-ai.pdf
AWS Prescriptive Guidance,Guide for AWS large migrations,https://docs.aws.amazon.com/pdfs/prescriptive-guidance/latest/large-migration-guide/large-migration-guide.pdf
AWS Prescriptive Guidance,Hyperscaling Aurora MySQL-Compatible to handle sudden traffic growth,https://docs.aws.amazon.com/pdfs/prescriptive-guidance/latest/hyperscale-aurora-mysql/hyperscale-aurora-mysql.pdf
AWS Prescriptive Guidance,Image classification solutions on AWS,https://docs.aws.amazon.com/pdfs/prescriptive-guidance/latest/image-classification/image-classification.pdf
AWS Prescriptive Guidance,Implementing a bot control strategy on AWS,https://docs.aws.amazon.com/pdfs/prescriptive-guidance/latest/bot-control/bot-control.pdf
AWS Prescriptive Guidance,Implementing IaP on AWS,https://docs.aws.amazon.com/pdfs/prescriptive-guidance/latest/iap-on-aws/iap-on-aws.pdf
AWS Prescriptive Guidance,Implementing inline traffic inspection using third-party security appliances,https://docs.aws.amazon.com/pdfs/prescriptive-guidance/latest/inline-traffic-inspection-third-party-appliances/inline-traffic-inspection-third-party-appliances.pdf
AWS Prescriptive Guidance,Implementing managed PostgreSQL for multi-tenant SaaS applications on AWS,https://docs.aws.amazon.com/pdfs/prescriptive-guidance/latest/saas-multitenant-managed-postgresql/saas-multitenant-managed-postgresql.pdf
AWS Prescriptive Guidance,Implementing policies for least-privilege permissions for AWS CloudFormation,https://docs.aws.amazon.com/pdfs/prescriptive-guidance/latest/least-privilege-cloudformation/least-privilege-cloudformation.pdf
AWS Prescriptive Guidance,Implementing security controls on AWS,https://docs.aws.amazon.com/pdfs/prescriptive-guidance/latest/aws-security-controls/aws-security-controls.pdf
AWS Prescriptive Guidance,Improve performance using AWS Lambda event filtering and partial batch responses for Amazon SQS,https://docs.aws.amazon.com/pdfs/prescriptive-guidance/latest/lambda-event-filtering-partial-batch-responses-for-sqs/lambda-event-filtering-partial-batch-responses-for-sqs.pdf
AWS Prescriptive Guidance,"Increasing application scalability, performance, and availability by using Amazon RDS Proxy",https://docs.aws.amazon.com/pdfs/prescriptive-guidance/latest/amazon-rds-proxy/amazon-rds-proxy.pdf
AWS Prescriptive Guidance,Increasing resilience and improving customer experience by using chaos engineering on AWS,https://docs.aws.amazon.com/pdfs/prescriptive-guidance/latest/chaos-engineering-on-aws/chaos-engineering-on-aws.pdf
AWS Prescriptive Guidance,Integrating Amazon Aurora PostgreSQL-Compatible with heterogeneous databases and AWS services,https://docs.aws.amazon.com/pdfs/prescriptive-guidance/latest/aurora-postgresql-integration/aurora-postgresql-integration.pdf
AWS Prescriptive Guidance,Integrating Amazon DynamoDB and Amazon ElastiCache by using read-through caching,https://docs.aws.amazon.com/pdfs/prescriptive-guidance/latest/dynamodb-elasticache-integration/dynamodb-elasticache-integration.pdf
AWS Prescriptive Guidance,Integrating Learning Management Systems (LMS) with AWS,https://docs.aws.amazon.com/pdfs/prescriptive-guidance/latest/lms-integration-with-aws/lms-integration-with-aws.pdf
AWS Prescriptive Guidance,Integrating microservices by using AWS serverless services,https://docs.aws.amazon.com/pdfs/prescriptive-guidance/latest/modernization-integrating-microservices/modernization-integrating-microservices.pdf
AWS Prescriptive Guidance,Integrating third-party services in the AWS Cloud,https://docs.aws.amazon.com/pdfs/prescriptive-guidance/latest/integrate-third-party-services/integrate-third-party-services.pdf
AWS Prescriptive Guidance,Introduction to governance for AWS large migrations,https://docs.aws.amazon.com/pdfs/prescriptive-guidance/latest/large-migration-intro-governance/large-migration-intro-governance.pdf
AWS Prescriptive Guidance,Investing in chaos engineering as a strategic necessity,https://docs.aws.amazon.com/pdfs/prescriptive-guidance/latest/strategy-chaos-engineering-journey/strategy-chaos-engineering-journey.pdf
AWS Prescriptive Guidance,Load testing applications,https://docs.aws.amazon.com/pdfs/prescriptive-guidance/latest/load-testing/load-testing.pdf
AWS Prescriptive Guidance,Logging and monitoring guide for application owners,https://docs.aws.amazon.com/pdfs/prescriptive-guidance/latest/logging-monitoring-for-application-owners/logging-monitoring-for-application-owners.pdf
AWS Prescriptive Guidance,Machine learning model interpretability with AWS,https://docs.aws.amazon.com/pdfs/prescriptive-guidance/latest/ml-model-interpretability/ml-model-interpretability.pdf
AWS Prescriptive Guidance,Mainframe data replication strategy for the AWS Cloud,https://docs.aws.amazon.com/pdfs/prescriptive-guidance/latest/strategy-mainframe-data-replication/strategy-mainframe-data-replication.pdf
AWS Prescriptive Guidance,Mainframe modernization: Decoupling patterns for migrating application code,https://docs.aws.amazon.com/pdfs/prescriptive-guidance/latest/modernization-mainframe-decoupling-patterns/modernization-mainframe-decoupling-patterns.pdf
AWS Prescriptive Guidance,Maintenance for PostgreSQL databases in Amazon RDS and Amazon Aurora to avoid performance issues,https://docs.aws.amazon.com/pdfs/prescriptive-guidance/latest/postgresql-maintenance-rds-aurora/postgresql-maintenance-rds-aurora.pdf
AWS Prescriptive Guidance,Managing transitive dependency conflicts during package migrations,https://docs.aws.amazon.com/pdfs/prescriptive-guidance/latest/managing-transitive-dependency-conflicts-package-migrations/managing-transitive-dependency-conflicts-package-migrations.pdf
AWS Prescriptive Guidance,Manufacturing devices at scale with AWS IoT Greengrass golden images,https://docs.aws.amazon.com/pdfs/prescriptive-guidance/latest/iot-greengrass-golden-images/iot-greengrass-golden-images.pdf
AWS Prescriptive Guidance,Maturity model for adopting generative AI on AWS,https://docs.aws.amazon.com/pdfs/prescriptive-guidance/latest/strategy-gen-ai-maturity-model/strategy-gen-ai-maturity-model.pdf
AWS Prescriptive Guidance,Migrate workloads to the AWS Cloud by using CloudEndure Migration,https://docs.aws.amazon.com/pdfs/prescriptive-guidance/latest/migration-cloudendure/migration-cloudendure.pdf
AWS Prescriptive Guidance,Migrating a Db2 for LUW database to Amazon EC2,https://docs.aws.amazon.com/pdfs/prescriptive-guidance/latest/rehost-db2-database-on-aws/rehost-db2-database-on-aws.pdf
AWS Prescriptive Guidance,Migrating an on-premises Avaya contact center to Amazon Connect Customer and Amazon Lex V2,https://docs.aws.amazon.com/pdfs/prescriptive-guidance/latest/migrate-avaya-to-connect-lex/migrate-avaya-to-connect-lex.pdf
AWS Prescriptive Guidance,Migrating an on-premises SAP ASE database to Amazon RDS for SQL Server,https://docs.aws.amazon.com/pdfs/prescriptive-guidance/latest/sap-ase-to-amazon-rds-sql-server-database-migration/sap-ase-to-amazon-rds-sql-server-database-migration.pdf
AWS Prescriptive Guidance,Migrating bulky Oracle databases to AWS for cross-platform environments,https://docs.aws.amazon.com/pdfs/prescriptive-guidance/latest/migrate-bulky-oracle-databases/migrate-bulky-oracle-databases.pdf
AWS Prescriptive Guidance,Migrating from Apache Solr to Amazon OpenSearch Service,https://docs.aws.amazon.com/pdfs/prescriptive-guidance/latest/migration-solr-opensearch/migration-solr-opensearch.pdf
AWS Prescriptive Guidance,Migrating from F5 BIG-IP to F5 BIG-IP VE on the AWS Cloud,https://docs.aws.amazon.com/pdfs/prescriptive-guidance/latest/migration-f5-big-ip/migration-f5-big-ip.pdf
AWS Prescriptive Guidance,"Migrating large, multi-terabyte MySQL or MariaDB databases to AWS",https://docs.aws.amazon.com/pdfs/prescriptive-guidance/latest/migration-large-mysql-mariadb-databases/migration-large-mysql-mariadb-databases.pdf
AWS Prescriptive Guidance,Migrating large-scale self-managed Kubernetes clusters to Amazon EKS,https://docs.aws.amazon.com/pdfs/prescriptive-guidance/latest/migrating-self-managed-kubernetes-cluster-to-amazon-eks/migrating-self-managed-kubernetes-cluster-to-amazon-eks.pdf
AWS Prescriptive Guidance,Migrating legacy ASP.NET Web Forms applications to AWS,https://docs.aws.amazon.com/pdfs/prescriptive-guidance/latest/migration-asp-net-web-forms/migration-asp-net-web-forms.pdf
AWS Prescriptive Guidance,Migrating Microsoft SQL Server databases to the AWS Cloud,https://docs.aws.amazon.com/pdfs/prescriptive-guidance/latest/migration-sql-server/migration-sql-server.pdf
AWS Prescriptive Guidance,Migrating on-premises PostgreSQL databases to Amazon EC2,https://docs.aws.amazon.com/pdfs/prescriptive-guidance/latest/migration-databases-postgresql-ec2/migration-databases-postgresql-ec2.pdf
AWS Prescriptive Guidance,Migrating on-premises servers to AWS over private networks by using AWS Transform MGN,https://docs.aws.amazon.com/pdfs/prescriptive-guidance/latest/rehost-servers-over-private-networks-mgn/rehost-servers-over-private-networks-mgn.pdf
AWS Prescriptive Guidance,Migrating on-premises Teradata environments to Teradata VantageCloud Lake on AWS,https://docs.aws.amazon.com/pdfs/prescriptive-guidance/latest/migration-teradata-vantagecloud-lake/migration-teradata-vantagecloud-lake.pdf
AWS Prescriptive Guidance,Migrating on-premises Teradata Vantage environments to Teradata VantageCloud Enterprise on AWS,https://docs.aws.amazon.com/pdfs/prescriptive-guidance/latest/migration-teradata-vantagecloud-aws/migration-teradata-vantagecloud-aws.pdf
AWS Prescriptive Guidance,Migrating OpenText TeamSite and Media Management workloads to the AWS Cloud,https://docs.aws.amazon.com/pdfs/prescriptive-guidance/latest/migration-opentext-teamsite/migration-opentext-teamsite.pdf
AWS Prescriptive Guidance,Migrating Oracle databases to the AWS Cloud,https://docs.aws.amazon.com/pdfs/prescriptive-guidance/latest/migration-oracle-database/migration-oracle-database.pdf
AWS Prescriptive Guidance,Migrating perimeter zone applications to the AWS Cloud using AWS Network Firewall,https://docs.aws.amazon.com/pdfs/prescriptive-guidance/latest/migration-perimeter-zone-apps-network-firewall/migration-perimeter-zone-apps-network-firewall.pdf
AWS Prescriptive Guidance,Migrating SAS Grid to the AWS Cloud,https://docs.aws.amazon.com/pdfs/prescriptive-guidance/latest/migration-sas-grid/migration-sas-grid.pdf
AWS Prescriptive Guidance,Migrating SAS Viya to the AWS Cloud,https://docs.aws.amazon.com/pdfs/prescriptive-guidance/latest/migrating-sas-viya-to-the-aws-cloud/migrating-sas-viya-to-the-aws-cloud.pdf
AWS Prescriptive Guidance,Migrating SSIS ETL jobs to AWS,https://docs.aws.amazon.com/pdfs/prescriptive-guidance/latest/migration-ssis-etl/migration-ssis-etl.pdf
AWS Prescriptive Guidance,Migrating to Amazon OpenSearch Service,https://docs.aws.amazon.com/pdfs/prescriptive-guidance/latest/opensearch-service-migration/opensearch-service-migration.pdf
AWS Prescriptive Guidance,Migrating to MongoDB Atlas on AWS,https://docs.aws.amazon.com/pdfs/prescriptive-guidance/latest/migration-mongodb-atlas/migration-mongodb-atlas.pdf
AWS Prescriptive Guidance,Migration playbook for AWS large migrations,https://docs.aws.amazon.com/pdfs/prescriptive-guidance/latest/large-migration-migration-playbook/large-migration-migration-playbook.pdf
AWS Prescriptive Guidance,Mobilize your organization to accelerate large-scale migrations,https://docs.aws.amazon.com/pdfs/prescriptive-guidance/latest/strategy-migration/strategy-migration.pdf
AWS Prescriptive Guidance,Model Context Protocol strategies on AWS,https://docs.aws.amazon.com/pdfs/prescriptive-guidance/latest/mcp-strategies/mcp-strategies.pdf
AWS Prescriptive Guidance,Model Context Protocol (MCP) Deployment Patterns on AWS,https://docs.aws.amazon.com/pdfs/prescriptive-guidance/latest/mcp-deployment-patterns-on-aws/mcp-deployment-patterns-on-aws.pdf
AWS Prescriptive Guidance,Modeling data with Amazon DynamoDB,https://docs.aws.amazon.com/pdfs/prescriptive-guidance/latest/dynamodb-data-modeling/dynamodb-data-modeling.pdf
AWS Prescriptive Guidance,Modernizing ASP.NET (ASMX) web services incrementally by using containers and Amazon API Gateway,https://docs.aws.amazon.com/pdfs/prescriptive-guidance/latest/modernization-aspnet-web-services/modernization-aspnet-web-services.pdf
AWS Prescriptive Guidance,Modernizing data historians for the manufacturing industry in the AWS Cloud,https://docs.aws.amazon.com/pdfs/prescriptive-guidance/latest/strategy-iiot-historian-modernization/strategy-iiot-historian-modernization.pdf
AWS Prescriptive Guidance,Modernizing manufacturing execution systems (MES) in the AWS Cloud,https://docs.aws.amazon.com/pdfs/prescriptive-guidance/latest/mes-on-aws/mes-on-aws.pdf
AWS Prescriptive Guidance,Modernizing operations in the AWS Cloud,https://docs.aws.amazon.com/pdfs/prescriptive-guidance/latest/migration-operations-integration/migration-operations-integration.pdf
AWS Prescriptive Guidance,Modernizing your application by migrating from an RDBMS to Amazon DynamoDB,https://docs.aws.amazon.com/pdfs/prescriptive-guidance/latest/modernization-rdbms-dynamodb/modernization-rdbms-dynamodb.pdf
AWS Prescriptive Guidance,Modernizing your healthcare-data strategy,https://docs.aws.amazon.com/pdfs/prescriptive-guidance/latest/strategy-modern-healthcare-data/strategy-modern-healthcare-data.pdf
AWS Prescriptive Guidance,Monitoring and alerting tools and best practices for Amazon RDS for MySQL and MariaDB,https://docs.aws.amazon.com/pdfs/prescriptive-guidance/latest/amazon-rds-monitoring-alerting/amazon-rds-monitoring-alerting.pdf
AWS Prescriptive Guidance,"Monitoring AWS CloudHSM by using metrics, audit logs, and alarms",https://docs.aws.amazon.com/pdfs/prescriptive-guidance/latest/monitoring-cloudhsm/monitoring-cloudhsm.pdf
AWS Prescriptive Guidance,Multi-tenancy guidance for ISVs running Amazon Neptune databases,https://docs.aws.amazon.com/pdfs/prescriptive-guidance/latest/multi-tenancy-amazon-neptune/multi-tenancy-amazon-neptune.pdf
AWS Prescriptive Guidance,Multi-tenant SaaS authorization and API access control: Implementation options and best practices,https://docs.aws.amazon.com/pdfs/prescriptive-guidance/latest/saas-multitenant-api-access-authorization/saas-multitenant-api-access-authorization.pdf
AWS Prescriptive Guidance,Networking connectivity options on AWS for SaaS offerings,https://docs.aws.amazon.com/pdfs/prescriptive-guidance/latest/saas-network-access-options/saas-network-access-options.pdf
AWS Prescriptive Guidance,Operationalizing agentic AI on AWS,https://docs.aws.amazon.com/pdfs/prescriptive-guidance/latest/strategy-operationalizing-agentic-ai/strategy-operationalizing-agentic-ai.pdf
AWS Prescriptive Guidance,Optimize costs for Microsoft workloads on AWS,https://docs.aws.amazon.com/pdfs/prescriptive-guidance/latest/optimize-costs-microsoft-workloads/optimize-costs-microsoft-workloads.pdf
AWS Prescriptive Guidance,Optimizing PostgreSQL query performance,https://docs.aws.amazon.com/pdfs/prescriptive-guidance/latest/postgresql-query-tuning/postgresql-query-tuning.pdf
AWS Prescriptive Guidance,Optimizing SQL Server on Amazon EC2 for Oracle JD Edwards EnterpriseOne,https://docs.aws.amazon.com/pdfs/prescriptive-guidance/latest/sql-server-optimization-for-enterpriseone/sql-server-optimization-for-enterpriseone.pdf
AWS Prescriptive Guidance,"Options, tools, and best practices for migrating Microsoft workloads to AWS",https://docs.aws.amazon.com/pdfs/prescriptive-guidance/latest/migration-microsoft-workloads-aws/migration-microsoft-workloads-aws.pdf
AWS Prescriptive Guidance,OU structure in regulated AWS landing zones: an example from the pharmaceutical industry,https://docs.aws.amazon.com/pdfs/prescriptive-guidance/latest/ou-structure-landing-zone/ou-structure-landing-zone.pdf
AWS Prescriptive Guidance,Overcoming common cloud transformation challenges,https://docs.aws.amazon.com/pdfs/prescriptive-guidance/latest/strategy-cloud-transformation/strategy-cloud-transformation.pdf
AWS Prescriptive Guidance,Patterns,https://docs.aws.amazon.com/pdfs/prescriptive-guidance/latest/patterns/prescriptive-guidance.pdf
AWS Prescriptive Guidance,Planning for successful MLOps,https://docs.aws.amazon.com/pdfs/prescriptive-guidance/latest/ml-operations-planning/ml-operations-planning.pdf
AWS Prescriptive Guidance,Planning large VDI migrations to the AWS Cloud,https://docs.aws.amazon.com/pdfs/prescriptive-guidance/latest/large-migration-vdi/large-migration-vdi.pdf
AWS Prescriptive Guidance,Portfolio playbook for AWS large migrations,https://docs.aws.amazon.com/pdfs/prescriptive-guidance/latest/large-migration-portfolio-playbook/large-migration-portfolio-playbook.pdf
AWS Prescriptive Guidance,Positive risk within cybersecurity,https://docs.aws.amazon.com/pdfs/prescriptive-guidance/latest/strategy-cybersecurity-positive-risk/strategy-cybersecurity-positive-risk.pdf
AWS Prescriptive Guidance,Preparation guide for CMMC Level 2 on AWS,https://docs.aws.amazon.com/pdfs/prescriptive-guidance/latest/cmmc-level-2-compliance-on-aws/cmmc-level-2-compliance-on-aws.pdf
AWS Prescriptive Guidance,Prioritization guide for refactoring Microsoft SQL Server and Oracle databases on AWS,https://docs.aws.amazon.com/pdfs/prescriptive-guidance/latest/database-refactor-prioritization/database-refactor-prioritization.pdf
AWS Prescriptive Guidance,Project governance playbook for AWS large migrations,https://docs.aws.amazon.com/pdfs/prescriptive-guidance/latest/large-migration-governance-playbook/large-migration-governance-playbook.pdf
AWS Prescriptive Guidance,Prompt engineering best practices to avoid prompt injection attacks on modern LLMs,https://docs.aws.amazon.com/pdfs/prescriptive-guidance/latest/llm-prompt-engineering-best-practices/llm-prompt-engineering-best-practices.pdf
AWS Prescriptive Guidance,Query best practices for Amazon Redshift,https://docs.aws.amazon.com/pdfs/prescriptive-guidance/latest/query-best-practices-redshift/query-best-practices-redshift.pdf
AWS Prescriptive Guidance,Reaching Essential Eight maturity on AWS: Security and compliance for Australian organizations,https://docs.aws.amazon.com/pdfs/prescriptive-guidance/latest/essential-eight-maturity/essential-eight-maturity.pdf
AWS Prescriptive Guidance,Recommended security controls for implementing AWS CAF security capabilities,https://docs.aws.amazon.com/pdfs/prescriptive-guidance/latest/security-controls-by-caf-capability/security-controls-by-caf-capability.pdf
AWS Prescriptive Guidance,Red Hat OpenShift on AWS implementation strategies,https://docs.aws.amazon.com/pdfs/prescriptive-guidance/latest/red-hat-openshift-on-aws-implementation/red-hat-openshift-on-aws-implementation.pdf
AWS Prescriptive Guidance,Rehosting your applications in a multi-account architecture on AWS by using VPC interface endpoints,https://docs.aws.amazon.com/pdfs/prescriptive-guidance/latest/rehost-multi-account-architecture-interface-endpoints/rehost-multi-account-architecture-interface-endpoints.pdf
AWS Prescriptive Guidance,Replatform options for Oracle Database on AWS,https://docs.aws.amazon.com/pdfs/prescriptive-guidance/latest/replatform-oracle-database-options/replatform-oracle-database-options.pdf
AWS Prescriptive Guidance,Replatforming COTS and in-house applications during a migration to the AWS Cloud,https://docs.aws.amazon.com/pdfs/prescriptive-guidance/latest/migration-replatforming-cots-applications/migration-replatforming-cots-applications.pdf
AWS Prescriptive Guidance,Replatforming mainframe applications using a shared IBM Db2 for z/OS database for gradual migration,https://docs.aws.amazon.com/pdfs/prescriptive-guidance/latest/replatform-mainframe-apps-shared-db2/replatform-mainframe-apps-shared-db2.pdf
AWS Prescriptive Guidance,Required endpoints for AWS IoT SiteWise Edge gateways,https://docs.aws.amazon.com/pdfs/prescriptive-guidance/latest/endpoints-for-iot-sitewise-edge-gateways/endpoints-for-iot-sitewise-edge-gateways.pdf
AWS Prescriptive Guidance,Resilience analysis framework,https://docs.aws.amazon.com/pdfs/prescriptive-guidance/latest/resilience-analysis-framework/resilience-analysis-framework.pdf
AWS Prescriptive Guidance,Resilience lifecycle framework: A continuous approach to resilience improvement,https://docs.aws.amazon.com/pdfs/prescriptive-guidance/latest/resilience-lifecycle-framework/resilience-lifecycle-framework.pdf
AWS Prescriptive Guidance,Retrieval Augmented Generation options and architectures on AWS,https://docs.aws.amazon.com/pdfs/prescriptive-guidance/latest/retrieval-augmented-generation-options/retrieval-augmented-generation-options.pdf
AWS Prescriptive Guidance,Robust network design with AWS Control Tower,https://docs.aws.amazon.com/pdfs/prescriptive-guidance/latest/robust-network-design-control-tower/robust-network-design-control-tower.pdf
AWS Prescriptive Guidance,Running modernized Blu Age mainframe workloads on serverless AWS infrastructure,https://docs.aws.amazon.com/pdfs/prescriptive-guidance/latest/run-bluage-modernized-mainframes/run-bluage-modernized-mainframes.pdf
AWS Prescriptive Guidance,SAP on AWS migration methodology,https://docs.aws.amazon.com/pdfs/prescriptive-guidance/latest/strategy-sap-migration/strategy-sap-migration.pdf
AWS Prescriptive Guidance,"Scaling Amazon EKS infrastructure to optimize compute, workloads, and network performance",https://docs.aws.amazon.com/pdfs/prescriptive-guidance/latest/scaling-amazon-eks-infrastructure/scaling-amazon-eks-infrastructure.pdf
AWS Prescriptive Guidance,Secure Cloud Computing Architecture on AWS for the US Department of Defense,https://docs.aws.amazon.com/pdfs/prescriptive-guidance/latest/secure-architecture-dod/secure-architecture-dod.pdf
AWS Prescriptive Guidance,Secure your VPC’s outbound network traffic in the AWS Cloud,https://docs.aws.amazon.com/pdfs/prescriptive-guidance/latest/secure-outbound-network-traffic/secure-outbound-network-traffic.pdf
AWS Prescriptive Guidance,Securing semiconductor development environments on AWS,https://docs.aws.amazon.com/pdfs/prescriptive-guidance/latest/strategy-aws-semicon-workloads/strategy-aws-semicon-workloads.pdf
AWS Prescriptive Guidance,Securing sensitive data by using AWS Secrets Manager and HashiCorp Terraform,https://docs.aws.amazon.com/pdfs/prescriptive-guidance/latest/secure-sensitive-data-secrets-manager-terraform/secure-sensitive-data-secrets-manager-terraform.pdf
AWS Prescriptive Guidance,Security for agentic AI on AWS,https://docs.aws.amazon.com/pdfs/prescriptive-guidance/latest/agentic-ai-security/agentic-ai-security.pdf
AWS Prescriptive Guidance,"Semantic Layer for Agentic AI using Ontology, Symbolic Reasoning, and Virtual Knowledge Graph",https://docs.aws.amazon.com/pdfs/prescriptive-guidance/latest/semantic-layer-agentic-ai-ontology-reasoning-virtual-knowledge-graph/semantic-layer-agentic-ai-ontology-reasoning-virtual-knowledge-graph.pdf
AWS Prescriptive Guidance,Setting up an agile program to accelerate cloud migrations,https://docs.aws.amazon.com/pdfs/prescriptive-guidance/latest/migration-program-implementation/migration-program-implementation.pdf
AWS Prescriptive Guidance,Standardizing IaC pipelines by using the AWS DevOps Pipeline Accelerator,https://docs.aws.amazon.com/pdfs/prescriptive-guidance/latest/devops-pipeline-accelerator/devops-pipeline-accelerator.pdf
AWS Prescriptive Guidance,Strategies for building a data mesh-based enterprise solution on AWS,https://docs.aws.amazon.com/pdfs/prescriptive-guidance/latest/strategy-data-mesh/strategy-data-mesh.pdf
AWS Prescriptive Guidance,Strategies for homogeneous migration of Oracle databases to the AWS Cloud,https://docs.aws.amazon.com/pdfs/prescriptive-guidance/latest/strategy-oracle-database-homogeneous-migration/strategy-oracle-database-homogeneous-migration.pdf
AWS Prescriptive Guidance,Strategies for migrating your contact center to Connect Customer,https://docs.aws.amazon.com/pdfs/prescriptive-guidance/latest/strategy-migration-connect/strategy-migration-connect.pdf
AWS Prescriptive Guidance,Strategy and best practices for AWS large migrations,https://docs.aws.amazon.com/pdfs/prescriptive-guidance/latest/strategy-large-scale-migrations/strategy-large-scale-migrations.pdf
AWS Prescriptive Guidance,Strengthening security in IAM Roles Anywhere by using certificate-based access controls,https://docs.aws.amazon.com/pdfs/prescriptive-guidance/latest/certificate-based-access-controls/certificate-based-access-controls.pdf
AWS Prescriptive Guidance,Supply chain calculations for Amazon Quick,https://docs.aws.amazon.com/pdfs/prescriptive-guidance/latest/supply-chain-calculations-quick-suite/supply-chain-calculations-quick-suite.pdf
AWS Prescriptive Guidance,Synchronizing infrastructure as code (IaC) with event-driven programming (EDP),https://docs.aws.amazon.com/pdfs/prescriptive-guidance/latest/iac-edp-combo-approach/iac-edp-combo-approach.pdf
AWS Prescriptive Guidance,Testing serverless applications on AWS,https://docs.aws.amazon.com/pdfs/prescriptive-guidance/latest/serverless-application-testing/serverless-application-testing.pdf
AWS Prescriptive Guidance,The AWS CDK layer guide,https://docs.aws.amazon.com/pdfs/prescriptive-guidance/latest/aws-cdk-layers/aws-cdk-layers.pdf
AWS Prescriptive Guidance,The CI/CD litmus test: Is your pipeline fully CI/CD?,https://docs.aws.amazon.com/pdfs/prescriptive-guidance/latest/strategy-cicd-litmus/strategy-cicd-litmus.pdf
AWS Prescriptive Guidance,Tools for migrating to the AWS Cloud,https://docs.aws.amazon.com/pdfs/prescriptive-guidance/latest/migration-tools/migration-tools.pdf
AWS Prescriptive Guidance,Top 10 security best practices for securing backups in AWS,https://docs.aws.amazon.com/pdfs/prescriptive-guidance/latest/security-best-practices/security-best-practices.pdf
AWS Prescriptive Guidance,Transferring Oracle Database dump files from on premises to AWS,https://docs.aws.amazon.com/pdfs/prescriptive-guidance/latest/oracle-dump-files-aws/oracle-dump-files-aws.pdf
AWS Prescriptive Guidance,Transforming application development and maintenance operating models on AWS with generative AI,https://docs.aws.amazon.com/pdfs/prescriptive-guidance/latest/strategy-transform-adm-operating-model-gen-ai/strategy-transform-adm-operating-model-gen-ai.pdf
AWS Prescriptive Guidance,Transitioning from AWS Landing Zone to AWS Control Tower,https://docs.aws.amazon.com/pdfs/prescriptive-guidance/latest/aws-control-tower/aws-control-tower.pdf
AWS Prescriptive Guidance,Transitioning from VMware to the AWS Cloud,https://docs.aws.amazon.com/pdfs/prescriptive-guidance/latest/transitioning-from-vmware-to-the-aws-cloud/transitioning-from-vmware-to-the-aws-cloud.pdf
AWS Prescriptive Guidance,Transitioning to multiple AWS accounts,https://docs.aws.amazon.com/pdfs/prescriptive-guidance/latest/transitioning-to-multiple-aws-accounts/transitioning-to-multiple-aws-accounts.pdf
AWS Prescriptive Guidance,Tuning Spark SQL queries for AWS Glue and Amazon EMR Spark jobs,https://docs.aws.amazon.com/pdfs/prescriptive-guidance/latest/spark-tuning-glue-emr/spark-tuning-glue-emr.pdf
AWS Prescriptive Guidance,Understanding and implementing micro-frontends on AWS,https://docs.aws.amazon.com/pdfs/prescriptive-guidance/latest/micro-frontends-aws/micro-frontends-aws.pdf
AWS Prescriptive Guidance,Understanding the query lifecycle in Amazon Redshift,https://docs.aws.amazon.com/pdfs/prescriptive-guidance/latest/query-lifecycle-redshift/query-lifecycle-redshift.pdf
AWS Prescriptive Guidance,Unlocking the value of your data at scale in the financial services industry,https://docs.aws.amazon.com/pdfs/prescriptive-guidance/latest/strategy-unlock-value-data-financial-services/strategy-unlock-value-data-financial-services.pdf
AWS Prescriptive Guidance,Use CCM and QPM to optimize recovery performance and execution plans in Amazon Aurora PostgreSQL,https://docs.aws.amazon.com/pdfs/prescriptive-guidance/latest/ccm-and-qpm-aurora-postgresql/ccm-and-qpm-aurora-postgresql.pdf
AWS Prescriptive Guidance,Using Amazon Comprehend Medical and LLMs for healthcare and life sciences,https://docs.aws.amazon.com/pdfs/prescriptive-guidance/latest/generative-ai-nlp-healthcare/generative-ai-nlp-healthcare.pdf
AWS Prescriptive Guidance,Using Amazon DynamoDB global tables,https://docs.aws.amazon.com/pdfs/prescriptive-guidance/latest/dynamodb-global-tables/dynamodb-global-tables.pdf
AWS Prescriptive Guidance,Using Apache Iceberg on AWS,https://docs.aws.amazon.com/pdfs/prescriptive-guidance/latest/apache-iceberg-on-aws/apache-iceberg-on-aws.pdf
AWS Prescriptive Guidance,Using architectural decision records to streamline decision-making during development,https://docs.aws.amazon.com/pdfs/prescriptive-guidance/latest/architectural-decision-records/architectural-decision-records.pdf
AWS Prescriptive Guidance,Using AWS Managed Services to achieve target business outcomes,https://docs.aws.amazon.com/pdfs/prescriptive-guidance/latest/strategy-aws-managed-services-outcomes/strategy-aws-managed-services-outcomes.pdf
AWS Prescriptive Guidance,"Using best practices when tagging for monitoring, reporting, and cost optimization",https://docs.aws.amazon.com/pdfs/prescriptive-guidance/latest/tagging-best-practices/tagging-best-practices.pdf
AWS Prescriptive Guidance,Using Control-M workflow orchestrator integration with AWS Mainframe Modernization,https://docs.aws.amazon.com/pdfs/prescriptive-guidance/latest/control-m-batch-scheduler/control-m-batch-scheduler.pdf
AWS Prescriptive Guidance,Using development value stream mapping to identify constraints to DevOps outcomes,https://docs.aws.amazon.com/pdfs/prescriptive-guidance/latest/strategy-devops-value-stream-mapping/strategy-devops-value-stream-mapping.pdf
AWS Prescriptive Guidance,Using materialized views in Amazon Redshift,https://docs.aws.amazon.com/pdfs/prescriptive-guidance/latest/materialized-views-redshift/materialized-views-redshift.pdf
AWS Prescriptive Guidance,Version-controlled AWS CloudFormation deployments using commit ID tagging,https://docs.aws.amazon.com/pdfs/prescriptive-guidance/latest/cloud-formation-version-control-guide/cloud-formation-version-control-guide.pdf
AWS Prescriptive Guidance,Working around Terraform data source limitations on AWS,https://docs.aws.amazon.com/pdfs/prescriptive-guidance/latest/terraform-data-limitations/terraform-data-limitations.pdf
AWS Prescriptive Guidance,Writing best practices to optimize RAG applications,https://docs.aws.amazon.com/pdfs/prescriptive-guidance/latest/writing-best-practices-rag/writing-best-practices-rag.pdf
AWS Pricing Calculator,User Guide,https://docs.aws.amazon.com/pdfs/pricing-calculator/latest/userguide/aws-pc.pdf
AWS Private Certificate Authority,User Guide,https://docs.aws.amazon.com/pdfs/privateca/latest/userguide/privateca-ug.pdf
AWS Proton,User Guide,https://docs.aws.amazon.com/pdfs/proton/latest/userguide/proton-user-guide.pdf
AWS re:Post Private,Console Administration Guide,https://docs.aws.amazon.com/pdfs/repostprivate/latest/caguide/space-cag.pdf
AWS re:Post Private,re:Post Private Administration Guide,https://docs.aws.amazon.com/pdfs/repostprivate/latest/adminguide/space-ag.pdf
AWS re:Post Private,User Guide,https://docs.aws.amazon.com/pdfs/repostprivate/latest/userguide/space-ug.pdf
AWS Regions and Availability Zones,User Guide,https://docs.aws.amazon.com/pdfs/global-infrastructure/latest/regions/regions-zones.pdf
AWS Resilience Hub,User Guide,https://docs.aws.amazon.com/pdfs/resilience-hub/latest/userguide/resilience-hub-guide.pdf
AWS Resource Access Manager,User Guide,https://docs.aws.amazon.com/pdfs/ram/latest/userguide/ram-ug.pdf
AWS Resource Explorer,User Guide,https://docs.aws.amazon.com/pdfs/resource-explorer/latest/userguide/resource_explorer_ug.pdf
AWS Resource Groups,User Guide,https://docs.aws.amazon.com/pdfs/ARG/latest/userguide/resgrps-ug.pdf
AWS RTB Fabric,User Guide,https://docs.aws.amazon.com/pdfs/rtb-fabric/latest/userguide/user-guide.pdf
AWS Schema Conversion Tool,User Guide,https://docs.aws.amazon.com/pdfs/SchemaConversionTool/latest/userguide/Schema-Conversion-Tool.pdf
AWS SDK Code Examples,Code Library,https://docs.aws.amazon.com/pdfs/code-library/latest/ug/code-example-library.pdf
AWS SDK for .NET (V3),Developer Guide,https://docs.aws.amazon.com/pdfs/sdk-for-net/v3/developer-guide/aws-sdk-net-v3-dg.pdf
AWS SDK for .NET (V4),Developer Guide,https://docs.aws.amazon.com/pdfs/sdk-for-net/v4/developer-guide/aws-sdk-net-v4-dg.pdf
AWS SDK for C++,Developer Guide,https://docs.aws.amazon.com/pdfs/sdk-for-cpp/v1/developer-guide/aws-sdk-cpp-dg.pdf
AWS SDK for Go (version 1),Developer Guide,https://docs.aws.amazon.com/pdfs/sdk-for-go/v1/developer-guide/aws-sdk-go-dg.pdf
AWS SDK for Go v2,Developer Guide,https://docs.aws.amazon.com/pdfs/sdk-for-go/v2/developer-guide/aws-sdk-go-v2-dg.pdf
AWS SDK for Java 1.x,Developer Guide for version 1.x,https://docs.aws.amazon.com/pdfs/sdk-for-java/v1/developer-guide/aws-sdk-java-dg-v1.pdf
AWS SDK for Java 2.x,Developer Guide for version 2.x,https://docs.aws.amazon.com/pdfs/sdk-for-java/latest/developer-guide/aws-sdk-java-dg-v2.pdf
AWS SDK for JavaScript,Developer Guide for SDK v2,https://docs.aws.amazon.com/pdfs/sdk-for-javascript/v2/developer-guide/js-sdk-dv-v2.pdf
AWS SDK for JavaScript,Developer Guide for SDK Version 3,https://docs.aws.amazon.com/pdfs/sdk-for-javascript/v3/developer-guide/js-sdk-dg.pdf
AWS SDK for Kotlin,Developer Guide,https://docs.aws.amazon.com/pdfs/sdk-for-kotlin/latest/developer-guide/aws-sdk-kotlin-dg-preview.pdf
AWS SDK for PHP,Developer Guide for version 3,https://docs.aws.amazon.com/pdfs/sdk-for-php/v3/developer-guide/aws-sdk-php-dg.pdf
AWS SDK for Python,Developer Guide,https://docs.aws.amazon.com/pdfs/sdk-for-python/v1/guide/aws-sdk-guide-python.pdf
AWS SDK for Ruby,Developer Guide,https://docs.aws.amazon.com/pdfs/sdk-for-ruby/v3/developer-guide/aws-sdk-ruby-dg.pdf
AWS SDK for Rust,Developer Guide,https://docs.aws.amazon.com/pdfs/sdk-for-rust/latest/dg/aws-sdk-rust-developer-guide.pdf
AWS SDK for SAP ABAP,Developer Guide,https://docs.aws.amazon.com/pdfs/sdk-for-sapabap/latest/developer-guide/AWS SDK for SAP ABAP.pdf
AWS SDK for Swift,Developer Guide,https://docs.aws.amazon.com/pdfs/sdk-for-swift/latest/developer-guide/aws-sdk-swift-dg-v1.pdf
AWS SDKs and Tools,Reference Guide,https://docs.aws.amazon.com/pdfs/sdkref/latest/guide/aws-sdk-ref.pdf
AWS Secrets Manager,Managed external secrets partner onboarding guide,https://docs.aws.amazon.com/pdfs/secretsmanager/latest/mes-onboarding/secretsmanager-onboarding.pdf
AWS Secrets Manager,User Guide,https://docs.aws.amazon.com/pdfs/secretsmanager/latest/userguide/secretsmanager-userguide.pdf
AWS Security Agent (now part of AWS Continuum),User Guide,https://docs.aws.amazon.com/pdfs/securityagent/latest/userguide/securityagent.pdf
AWS Security Best Practices,AWS Whitepaper,https://d1.awsstatic.com/whitepapers/Security/AWS_Security_Best_Practices.pdf
AWS Security Hub CSPM,Partner Integration Guide,https://docs.aws.amazon.com/pdfs/securityhub/latest/partnerguide/partnerguide.pdf
AWS Security Incident Response Guide,AWS Technical Guide,https://docs.aws.amazon.com/pdfs/whitepapers/latest/aws-security-incident-response-guide/aws-security-incident-response-guide.pdf
AWS Security Incident Response User Guide,,https://docs.aws.amazon.com/pdfs/security-ir/latest/userguide/sir-ug.pdf
AWS Serverless Application Model,Developer Guide,https://docs.aws.amazon.com/pdfs/serverless-application-model/latest/developerguide/serverless-application-model.pdf
AWS Serverless Application Repository,Developer Guide,https://docs.aws.amazon.com/pdfs/serverlessrepo/latest/devguide/serverlessrepo-dg.pdf
AWS Serverless Data Analytics Pipeline,AWS Whitepaper,https://docs.aws.amazon.com/pdfs/whitepapers/latest/aws-serverless-data-analytics-pipeline/aws-serverless-data-analytics-pipeline.pdf
AWS Serverless Multi-Tier Architectures with Amazon API Gateway and AWS Lambda,AWS Whitepaper,https://docs.aws.amazon.com/pdfs/whitepapers/latest/serverless-multi-tier-architectures-api-gateway-lambda/serverless-multi-tier-architectures-api-gateway-lambda.pdf
AWS Service Catalog,Administrator Guide,https://docs.aws.amazon.com/pdfs/servicecatalog/latest/adminguide/service-catalog-ag.pdf
AWS Service Catalog,User Guide,https://docs.aws.amazon.com/pdfs/servicecatalog/latest/userguide/service-catalog-ug.pdf
AWS Service Catalog AppRegistry,Administrator Guide,https://docs.aws.amazon.com/pdfs/servicecatalog/latest/arguide/service-catalog-ar.pdf
AWS Service Management Connector,Administrator Guide,https://docs.aws.amazon.com/pdfs/smc/latest/ag/Service Management Connector.pdf
AWS Service Management Connector,Administrator Guide,https://docs.aws.amazon.com/pdfs/servicecatalog/latest/smcguide/service-catalog-smc.pdf
AWS Shield Advanced,AWS Shield Advanced API Reference,https://docs.aws.amazon.com/pdfs/waf/latest/DDOSAPIReference/AWS-Shield.pdf
AWS Sign-In,User Guide,https://docs.aws.amazon.com/pdfs/signin/latest/userguide/signin-ug.pdf
AWS Signer,Developer Guide,https://docs.aws.amazon.com/pdfs/signer/latest/developerguide/signer-dg.pdf
AWS Site-to-Site VPN,User Guide,https://docs.aws.amazon.com/pdfs/vpn/latest/s2svpn/s2s-vpn-user-guide.pdf
AWS Snowball Edge Developer Guide,,https://docs.aws.amazon.com/pdfs/snowball/latest/developer-guide/AWSSnowball-dg.pdf
AWS Solutions Constructs,AWS Solutions,https://docs.aws.amazon.com/pdfs/solutions/latest/constructs/constructs.pdf
AWS Startup Advisor,User Guide,https://docs.aws.amazon.com/pdfs/startupadvisor/latest/userguide/startupadvisor-ug.pdf
AWS Step Functions,Developer Guide,https://docs.aws.amazon.com/pdfs/step-functions/latest/dg/step-functions-dg.pdf
AWS Storage Gateway,Amazon FSx File Gateway User Guide,https://docs.aws.amazon.com/pdfs/filegateway/latest/filefsxw/storagegateway-fsxfile-ug.pdf
AWS Storage Gateway,Amazon S3 File Gateway User Guide,https://docs.aws.amazon.com/pdfs/filegateway/latest/files3/storagegateway-s3file-ug.pdf
AWS Storage Gateway,Tape Gateway User Guide,https://docs.aws.amazon.com/pdfs/storagegateway/latest/tgw/storagegateway-tgw-ug.pdf
AWS Storage Gateway,Volume Gateway User Guide,https://docs.aws.amazon.com/pdfs/storagegateway/latest/vgw/storagegateway-vgw-ug.pdf
AWS Storage Optimization,AWS Whitepaper,https://d1.awsstatic.com/whitepapers/cost-optimization-storage-optimization.pdf
AWS Storage Services Overview,AWS Whitepaper,https://docs.aws.amazon.com/pdfs/whitepapers/latest/aws-storage-services-overview/aws-storage-services-overview.pdf
AWS Supply Chain,Administrator Guide,https://docs.aws.amazon.com/pdfs/connect-decisions/legacy/adminguide/supplychain-ag.pdf
AWS Supply Chain,User Guide,https://docs.aws.amazon.com/pdfs/connect-decisions/legacy/userguide/supplychain-ug.pdf
AWS Support,User Guide,https://docs.aws.amazon.com/pdfs/awssupport/latest/user/support-ug.pdf
AWS Sustainability,AWS Sustainability User Guide,https://docs.aws.amazon.com/pdfs/sustainability/latest/userguide/sustainability-ug.pdf
AWS Systems Manager,User Guide,https://docs.aws.amazon.com/pdfs/systems-manager/latest/userguide/systems-manager-ug.pdf
AWS Systems Manager Automation Runbook Reference,User Guide,https://docs.aws.amazon.com/pdfs/systems-manager-automation-runbooks/latest/userguide/systems-manager-automation-runbook-guide.pdf
AWS Systems Manager for SAP,User Guide,https://docs.aws.amazon.com/pdfs/ssm-sap/latest/userguide/ssm-sap.pdf
AWS Telco Network Builder,User Guide,https://docs.aws.amazon.com/pdfs/tnb/latest/ug/tnb-guide.pdf
AWS Toolkit for .NET Refactoring,User Guide,https://docs.aws.amazon.com/pdfs/tk-dotnet-refactoring/latest/userguide/aws-tk-dotnet-refactoring-ug.pdf.pdf
AWS Toolkit for JetBrains,User Guide,https://docs.aws.amazon.com/pdfs/toolkit-for-jetbrains/latest/userguide/aws-tkj-ug.pdf
AWS Toolkit for Microsoft Azure DevOps,User Guide,https://docs.aws.amazon.com/pdfs/vsts/latest/userguide/vsts-ug.pdf
AWS Toolkit for VS Code,User Guide,https://docs.aws.amazon.com/pdfs/toolkit-for-vscode/latest/userguide/aws-tookit-vscode-ug.pdf
AWS Toolkit with Amazon Q,User Guide,https://docs.aws.amazon.com/pdfs/toolkit-for-visual-studio/latest/user-guide/aws-tkv-ug.pdf
AWS Tools for PowerShell (version 4),User Guide,https://docs.aws.amazon.com/pdfs/powershell/v4/userguide/aws-pst-v4-ug.pdf
AWS Tools for PowerShell (version 5),User Guide,https://docs.aws.amazon.com/pdfs/powershell/v5/userguide/aws-pst-v5-ug.pdf
AWS Transfer Family,User Guide,https://docs.aws.amazon.com/pdfs/transfer/latest/userguide/transferfamily-ug.pdf
AWS Transform,User Guide,https://docs.aws.amazon.com/pdfs/transform/latest/userguide/AWSTransformUserGuide.pdf
AWS Transform MGN,User Guide,https://docs.aws.amazon.com/pdfs/mgn/latest/ug/user-guide.pdf
AWS User Guide to Financial Services Regulations and Guidelines in Australia,AWS Whitepaper,https://docs.aws.amazon.com/pdfs/whitepapers/latest/aws-financial-services-guidance-australia/aws-financial-services-guidance-australia.pdf
AWS User Notifications,User Guide,https://docs.aws.amazon.com/pdfs/notifications/latest/userguide/notifications-guide.pdf.pdf
AWS Verified Access,User Guide,https://docs.aws.amazon.com/pdfs/verified-access/latest/ug/verified-access-ug.pdf
AWS Verified Access Request Verification Flow,Architecture Diagrams,https://docs.aws.amazon.com/pdfs/reference-architecture-diagrams/latest/verified-access/verified-access.pdf
"AWS WAF, AWS Firewall Manager, AWS Shield Advanced, and AWS Shield network security director",Developer Guide,https://docs.aws.amazon.com/pdfs/waf/latest/developerguide/waf-dg.pdf
AWS Wavelength,Developer Guide,https://docs.aws.amazon.com/pdfs/wavelength/latest/developerguide/aws-wavelength-developer-guide.pdf
AWS Well-Architected,User Guide,https://docs.aws.amazon.com/pdfs/wellarchitected/latest/userguide/wellarchitected-ug.pdf
AWS Well-Architected Framework,Framework,https://docs.aws.amazon.com/pdfs/wellarchitected/2023-10-03/framework/wellarchitected-framework-2023-10-03.pdf
AWS Well-Architected Framework,Framework,https://docs.aws.amazon.com/pdfs/wellarchitected/2025-02-25/framework/wellarchitected-framework-2025-02-25.pdf
AWS Well-Architected Framework,Framework,https://docs.aws.amazon.com/pdfs/wellarchitected/2024-06-27/framework/wellarchitected-framework-2024-06-27.pdf
AWS Well-Architected Framework,Framework,https://docs.aws.amazon.com/pdfs/wellarchitected/latest/framework/wellarchitected-framework.pdf
AWS Well-Architected Framework (2022-03-31),,https://docs.aws.amazon.com/pdfs/wellarchitected/2022-03-31/framework/wellarchitected-framework-2022-03-31.pdf
AWS Well-Architected Framework (2023-04-10),,https://docs.aws.amazon.com/pdfs/wellarchitected/2023-04-10/framework/wellarchitected-framework-2023-04-10.pdf
AWS Wickr,Administration Guide,https://docs.aws.amazon.com/pdfs/wickr/latest/adminguide/wickr-ag.pdf
AWS Wickr,Bots and Integrations Guide,https://docs.aws.amazon.com/pdfs/wickr/latest/wickrio/wickrio.pdf
AWS Wickr,Classic Administration Guide,https://docs.aws.amazon.com/pdfs/wickr/latest/adminguide-classic/wickr-ag-classic.pdf
AWS Wickr,User Guide,https://docs.aws.amazon.com/pdfs/wickr/latest/userguide/wickr-ug.pdf
AWS Windows AMIs,Reference,https://docs.aws.amazon.com/pdfs/ec2/latest/windows-ami-reference/windows-ami-reference.pdf
AWS X-Ray,Developer Guide,https://docs.aws.amazon.com/pdfs/xray/latest/devguide/xray-guide.pdf
Backend for Frontend Using API Gateway,Architecture Diagrams,https://docs.aws.amazon.com/pdfs/reference-architecture-diagrams/latest/backend-for-frontend-api-gateway/backend-for-frontend-api-gateway.pdf
Backend for Frontend Using AppSync,Architecture Diagrams,https://docs.aws.amazon.com/pdfs/reference-architecture-diagrams/latest/backend-for-frontend-appsync/backend-for-frontend-appsync.pdf
Batch Upload Files to Amazon S3 Using the AWS CLI,Hands-on tutorials,https://docs.aws.amazon.com/pdfs/hands-on/latest/backup-to-s3-cli/backup-to-s3-cli.pdf
BES Cyber System Information on AWS,Architecture diagrams for power and utilities,https://docs.aws.amazon.com/pdfs/reference-architecture-diagrams/latest/bes-cyber-system-information/bes-cyber-system-information.pdf
Best Practices for Building a Data Lake on AWS for Games,AWS Whitepaper,https://docs.aws.amazon.com/pdfs/whitepapers/latest/best-practices-building-data-lake-for-games/best-practices-building-data-lake-for-games.pdf
Best Practices for Deploying Amazon WorkSpaces Applications,,https://docs.aws.amazon.com/pdfs/whitepapers/latest/best-practices-for-deploying-amazon-appstream-2/best-practices-for-deploying-amazon-appstream-2.pdf
Best Practices for Deploying ClioSoft SOS on AWS,AWS Whitepapers,https://docs.aws.amazon.com/pdfs/whitepapers/latest/best-practices-deploying-cliosoft-sos-on-aws/best-practices-deploying-cliosoft-sos-on-aws.pdf
Best Practices for Deploying SAS Server on AWS,AWS Whitepaper,https://docs.aws.amazon.com/pdfs/whitepapers/latest/best-practices-for-deploying-sas-server/best-practices-for-deploying-sas-server.pdf
Best Practices for Deploying WorkSpaces,AWS Whitepaper,https://docs.aws.amazon.com/pdfs/whitepapers/latest/best-practices-deploying-amazon-workspaces/best-practices-deploying-amazon-workspaces.pdf
Best Practices for Designing Amazon API Gateway Private APIs and Private Integration,AWS Whitepaper,https://docs.aws.amazon.com/pdfs/whitepapers/latest/best-practices-api-gateway-private-apis-integration/best-practices-api-gateway-private-apis-integration.pdf
Best Practices for Running Oracle Database on AWS,AWS Whitepaper,https://docs.aws.amazon.com/pdfs/whitepapers/latest/oracle-database-aws-best-practices/oracle-database-aws-best-practices.pdf
Best Practices for Tagging AWS Resources,AWS Whitepaper,https://docs.aws.amazon.com/pdfs/whitepapers/latest/tagging-best-practices/tagging-best-practices.pdf
Best Practices for WordPress on AWS,AWS Whitepaper,https://docs.aws.amazon.com/pdfs/whitepapers/latest/best-practices-wordpress/best-practices-wordpress.pdf
Big Data Analytics Options on AWS,AWS Whitepaper,https://docs.aws.amazon.com/pdfs/whitepapers/latest/big-data-analytics-options/big-data-analytics-options.pdf
Blue/Green Deployments on AWS,AWS Whitepaper,https://docs.aws.amazon.com/pdfs/whitepapers/latest/blue-green-deployments/blue-green-deployments.pdf
Bot Mitigation for Travel and Hospitality,Architecture diagrams for hospitality,https://docs.aws.amazon.com/pdfs/reference-architecture-diagrams/latest/bot-mitigation-travel-hospitality/bot-mitigation-travel-hospitality.pdf
Build a Basic Web Application,Hands-on tutorials,https://docs.aws.amazon.com/pdfs/hands-on/latest/build-web-app-s3-lambda-api-gateway-dynamodb/build-web-app-s3-lambda-api-gateway-dynamodb.pdf
Build a Full Stack React Application,Hands-on tutorials,https://docs.aws.amazon.com/pdfs/hands-on/latest/build-react-app-amplify-graphql/build-react-app-amplify-graphql.pdf
Build a Healthcare Data Pipeline on AWS with IBM Cloud Pak for Data,Architecture Diagrams,https://docs.aws.amazon.com/pdfs/reference-architecture-diagrams/latest/build-healthcare-data-pipeline-on-aws-ibm-cp4d/build-healthcare-data-pipeline-on-aws-ibm-cp4d.pdf
Build a Secure Enterprise Machine Learning Platform on AWS,AWS Technical Guide,https://docs.aws.amazon.com/pdfs/whitepapers/latest/build-secure-enterprise-ml-platform/build-secure-enterprise-ml-platform.pdf
Build a Serverless Web Application using Generative AI,Hands-on tutorials,https://docs.aws.amazon.com/pdfs/hands-on/latest/build-serverless-web-app-lambda-amplify-bedrock-cognito-gen-ai/build-serverless-web-app-lambda-amplify-bedrock-cognito-gen-ai.pdf
Build an iOS Application,Hands-on tutorials,https://docs.aws.amazon.com/pdfs/hands-on/latest/build-ios-app-amplify/build-ios-app-amplify.pdf
Build Flutter Mobile App Part One,Hands-On Tutorial,https://docs.aws.amazon.com/pdfs/hands-on/latest/build-flutter-mobile-app-part-one/build-flutter-mobile-app-part-one.pdf
Build Flutter Mobile App Part Two,Hands-On Tutorial,https://docs.aws.amazon.com/pdfs/hands-on/latest/build-flutter-mobile-app-part-two/build-flutter-mobile-app-part-two.pdf
Build Modern Data Streaming Architectures on AWS,AWS Whitepaper,https://docs.aws.amazon.com/pdfs/whitepapers/latest/build-modern-data-streaming-analytics-architectures/build-modern-data-streaming-analytics-architectures.pdf
Build Your Own Anomaly Detection ML Pipeline,Architecture Diagrams,https://docs.aws.amazon.com/pdfs/reference-architecture-diagrams/latest/anomaly-detection-ml-pipeline/anomaly-detection-ml-pipeline.pdf
Building A Data Perimeter on AWS,AWS Whitepaper,https://docs.aws.amazon.com/pdfs/whitepapers/latest/building-a-data-perimeter-on-aws/building-a-data-perimeter-on-aws.pdf
Building a Scalable and Secure Multi-VPC AWS Network Infrastructure,AWS Whitepaper,https://docs.aws.amazon.com/pdfs/whitepapers/latest/building-scalable-secure-multi-vpc-network-infrastructure/building-scalable-secure-multi-vpc-network-infrastructure.pdf
Building a Unified Catalog with Amazon DataZone,Architecture Diagrams,https://docs.aws.amazon.com/pdfs/reference-architecture-diagrams/latest/unified-catalog-datazone/unified-catalog-datazone.pdf
Camera as a Service,Architecture Diagrams Automotive,https://docs.aws.amazon.com/pdfs/reference-architecture-diagrams/latest/camera-as-a-service/camera-as-a-service.pdf
Central Logging and Analytics in Hybrid Environments,Architecture Diagrams,https://docs.aws.amazon.com/pdfs/reference-architecture-diagrams/latest/central-logging-analytics-hybrid/central-logging-analytics-hybrid.pdf
Centralized Alarms and Notifications,Architecture Diagrams,https://docs.aws.amazon.com/pdfs/reference-architecture-diagrams/latest/centralized-alarms-notifications/centralized-alarms-notifications.pdf
Centralized Ingress with Application Load Balancer,Architecture Diagrams,https://docs.aws.amazon.com/pdfs/reference-architecture-diagrams/latest/centralized-ingress-alb/centralized-ingress-alb.pdf
Centralized Internet Egress with NAT Gateway,Architecture Diagrams,https://docs.aws.amazon.com/pdfs/reference-architecture-diagrams/latest/centralized-egress-nat-gateway/centralized-egress-nat-gateway.pdf
Centralized Log Analytics,Architecture Diagrams,https://docs.aws.amazon.com/pdfs/reference-architecture-diagrams/latest/centralized-log-analytics/centralized-log-analytics.pdf
Centralized Logging with OpenSearch,Implementation Guide,https://docs.aws.amazon.com/pdfs/solutions/latest/centralized-logging-with-opensearch/centralized-logging-with-opensearch.pdf
Centralizing Amazon VPC Endpoints with AWS Transit Gateway,Architecture Diagrams,https://docs.aws.amazon.com/pdfs/reference-architecture-diagrams/latest/centralizing-vpc-endpoints-tgw/centralizing-vpc-endpoints-tgw.pdf
Cerner HealtheDataLab Overview,AWS Whitepaper,https://docs.aws.amazon.com/pdfs/whitepapers/latest/cerner-healthedatalab-overview/cerner-healthedatalab-overview.pdf
Change Data Capture Using AWS Database Migration Service,Architecture Diagrams,https://docs.aws.amazon.com/pdfs/reference-architecture-diagrams/latest/change-data-capture-dms/change-data-capture-dms.pdf
Change Enablement in the Cloud,AWS Well-Architected,https://docs.aws.amazon.com/pdfs/wellarchitected/latest/change-enablement-in-the-cloud/change-enablement-in-the-cloud.pdf
Choosing an AWS NoSQL Database,AWS Whitepaper,https://docs.aws.amazon.com/pdfs/whitepapers/latest/choosing-an-aws-nosql-database/choosing-an-aws-nosql-database.pdf
Classic Intrusion Analysis Frameworks for AWS Environments: Application and Enhancement,AWS Whitepapers,https://docs.aws.amazon.com/pdfs/whitepapers/latest/classic-intrusion-analysis-frameworks-for-aws-environments/classic-intrusion-analysis-frameworks-for-aws-environments.pdf
Claude Platform on AWS,User Guide,https://docs.aws.amazon.com/pdfs/claude-platform/latest/userguide/cpa-ug.pdf
Cloud Automation for 5G Network,AWS Whitepaper,https://docs.aws.amazon.com/pdfs/whitepapers/latest/cloud-automation-5g-network/cloud-automation-5g-network.pdf
Cloud Bursting EDA with FSx for NetApp ONTAP,Architecture diagrams for electronics,https://docs.aws.amazon.com/pdfs/reference-architecture-diagrams/latest/cloud-bursting-eda-fsx-netapp-ontap/cloud-bursting-eda-fsx-netapp-ontap.pdf
Cloud Control API,User Guide,https://docs.aws.amazon.com/pdfs/cloudcontrolapi/latest/userguide/cloudapi-service.pdf
Cloud Migration Factory on AWS,Implementation Guide,https://docs.aws.amazon.com/pdfs/solutions/latest/cloud-migration-factory-on-aws/cloud-migration-factory-on-aws.pdf
Cloud Point-of-Sale (POS) System on AWS for CPG,Architecture diagrams for retail,https://docs.aws.amazon.com/pdfs/reference-architecture-diagrams/latest/cloud-pos-cpg/cloud-pos-cpg.pdf
Cloud-Driven Enterprise Transformation on AWS,AWS Whitepaper,https://docs.aws.amazon.com/pdfs/whitepapers/latest/cloud-driven-enterprise-transformation-on-aws/cloud-driven-enterprise-transformation-on-aws.pdf
Cloud-native Contact Center for Multilingual IT Service Desk,Architecture Diagrams,https://docs.aws.amazon.com/pdfs/reference-architecture-diagrams/latest/cloud-native-contact-center-multilingual/cloud-native-contact-center-multilingual.pdf
CloudFormation,Hooks User Guide,https://docs.aws.amazon.com/pdfs/cloudformation-cli/latest/hooks-userguide/cloudformation-hooks.pdf
CodeArtifact,CodeArtifact User Guide,https://docs.aws.amazon.com/pdfs/codeartifact/latest/ug/codeartifact-user.pdf
CodeWhisperer,User Guide,https://docs.aws.amazon.com/pdfs/codewhisperer/latest/userguide/user-guide.pdf
Cold Chain Logistics Powered by Mendix and AWS,Architecture diagrams for transportation and logistics,https://docs.aws.amazon.com/pdfs/reference-architecture-diagrams/latest/cold-chain-logistics-mendix/cold-chain-logistics-mendix.pdf
Computational Fluid Dynamics on AWS,AWS Whitepaper,https://docs.aws.amazon.com/pdfs/whitepapers/latest/computational-fluid-dynamics-on-aws/computational-fluid-dynamics-on-aws.pdf
Computer Vision for Quality Insights with IBM Maximo on AWS,Architecture diagrams for manufacturing,https://docs.aws.amazon.com/pdfs/reference-architecture-diagrams/latest/ibm-maximo-quality-insights/ibm-maximo-quality-insights.pdf
Conductor Live and Elemental Statmux,User Guide,https://docs.aws.amazon.com/pdfs/elemental-cl3/latest/ug/elemental-cl3-ug.pdf
Connect to Private Amazon RDS PostgreSQL Database Using AWS CloudShell,Hands-on tutorials,https://docs.aws.amazon.com/pdfs/hands-on/latest/connect-to-private-amazon-rds-for-postgresql-from-aws-cloudshell/connect-to-private-amazon-rds-for-postgresql-from-aws-cloudshell.pdf
Connected Aircraft Solution Architecture,Architecture Diagrams,https://docs.aws.amazon.com/pdfs/reference-architecture-diagrams/latest/connected-aircraft-solution-architecture/connected-aircraft-solution-architecture.pdf
Connected Airports Using IoT and AI/ML,Architecture diagrams for travel,https://docs.aws.amazon.com/pdfs/reference-architecture-diagrams/latest/connected-airports/connected-airports.pdf
Connected Home Command and Control,Architecture Diagrams,https://docs.aws.amazon.com/pdfs/reference-architecture-diagrams/latest/connected-home-command-control/connected-home-command-control.pdf
Connected Home Telemetry,Architecture Diagrams,https://docs.aws.amazon.com/pdfs/reference-architecture-diagrams/latest/connected-home-telemetry/connected-home-telemetry.pdf
Connected Home: Machine Learning at the Edge,Architecture diagrams for connected home,https://docs.aws.amazon.com/pdfs/reference-architecture-diagrams/latest/connected-home-ml-edge/connected-home-ml-edge.pdf
Connected Lodging Properties Using IoT and AI/ML,Architecture diagrams for hospitality,https://docs.aws.amazon.com/pdfs/reference-architecture-diagrams/latest/connected-lodging-properties-iot/connected-lodging-properties-iot.pdf
Connected Medical Devices with AWS IoT,Architecture diagrams for healthcare,https://docs.aws.amazon.com/pdfs/reference-architecture-diagrams/latest/connected-medical-devices-iot/connected-medical-devices-iot.pdf
Connected Mobility Data Lake,Connected Mobility Data Lake,https://docs.aws.amazon.com/pdfs/reference-architecture-diagrams/latest/connected-mobility-data-lake/connected-mobility-data-lake.pdf
Connected Mobility Lens,AWS Well-Architected Framework,https://docs.aws.amazon.com/pdfs/wellarchitected/latest/connected-mobility-lens/connected-mobility-lens.pdf
Connected Mobility Platform,Architecture Diagrams,https://docs.aws.amazon.com/pdfs/reference-architecture-diagrams/latest/connected-mobility-platform-on-aws/connected-mobility-platform-on-aws.pdf
Connected Restaurants using IoT and AI/ML,Architecture diagrams for hospitality,https://docs.aws.amazon.com/pdfs/reference-architecture-diagrams/latest/connected-restaurants-iot-ai-ml/connected-restaurants-iot-ai-ml.pdf
Consumer Packaged Goods Data Mesh,Architecture diagrams for retail,https://docs.aws.amazon.com/pdfs/reference-architecture-diagrams/latest/cpg-data-mesh/cpg-data-mesh.pdf
Consumer Review Sentiment Analysis for CPG,Architecture Diagrams,https://docs.aws.amazon.com/pdfs/reference-architecture-diagrams/latest/consumer-review-sentiment-cpg/consumer-review-sentiment-cpg.pdf
Consumer Review Sentiment Analysis for CPG,Architecture diagrams for retail,https://docs.aws.amazon.com/pdfs/reference-architecture-diagrams/latest/consumer-review-sentiment-analysis-cpg/consumer-review-sentiment-analysis-cpg.pdf
Consuming Data from InforOS over SFTP,Architecture diagrams for manufacturing,https://docs.aws.amazon.com/pdfs/reference-architecture-diagrams/latest/consuming-data-from-inforos/consuming-data-from-inforos.pdf
Container Build Lens,AWS Well-Architected Framework,https://docs.aws.amazon.com/pdfs/wellarchitected/latest/container-build-lens/container-build-lens.pdf
Containers on AWS,AWS Whitepaper,https://docs.aws.amazon.com/pdfs/whitepapers/latest/containers-on-aws/containers-on-aws.pdf
Content Moderation and Compliance Using AWS AI Services,Architecture Diagrams,https://docs.aws.amazon.com/pdfs/reference-architecture-diagrams/latest/content-moderation-compliance/content-moderation-compliance.pdf
Continuous Integration and Continuous Delivery for 5G Networks on AWS,AWS Whitepaper,https://docs.aws.amazon.com/pdfs/whitepapers/latest/cicd_for_5g_networks_on_aws/cicd_for_5g_networks_on_aws.pdf
Contract Lifecycle Management and Modeling,Architecture diagrams for travel,https://docs.aws.amazon.com/pdfs/reference-architecture-diagrams/latest/contract-lifecycle-management/contract-lifecycle-management.pdf
Control Your AWS Costs,Hands-on tutorials,https://docs.aws.amazon.com/pdfs/hands-on/latest/control-your-costs-free-tier-budgets/control-your-costs-free-tier-budgets.pdf
Cost Management in the AWS Cloud,AWS Whitepaper,https://docs.aws.amazon.com/pdfs/whitepapers/latest/cost-management/cost-management.pdf
Cost Modeling Data Lakes for Beginners,How to start your journey into data analytics,https://docs.aws.amazon.com/pdfs/whitepapers/latest/cost-modeling-data-lakes/cost-modeling-data-lakes.pdf
Cost Optimization Pillar,AWS Well-Architected Framework,https://docs.aws.amazon.com/pdfs/wellarchitected/latest/cost-optimization-pillar/wellarchitected-cost-optimization-pillar.pdf
Cost Optimizer for Amazon WorkSpaces,Implementation Guide,https://docs.aws.amazon.com/pdfs/solutions/latest/cost-optimizer-for-workspaces/cost-optimizer-for-workspaces.pdf
Couchbase on AWS Local Zones for Low Latency Edge Use Case,Architecture Diagrams,https://docs.aws.amazon.com/pdfs/reference-architecture-diagrams/latest/couchbase-local-zones/couchbase-local-zones.pdf
Create an Audio Transcript with Amazon Transcribe,Hands-on tutorials,https://docs.aws.amazon.com/pdfs/hands-on/latest/create-audio-transcript-transcribe/create-audio-transcript-transcribe.pdf
Create Continuous Delivery Pipeline,Hands-on tutorials,https://docs.aws.amazon.com/pdfs/hands-on/latest/create-continuous-delivery-pipeline/create-continuous-delivery-pipeline.pdf
Creating a Culture of Cost Transparency and Accountability,AWS Whitepaper,https://docs.aws.amazon.com/pdfs/whitepapers/latest/cost-optimization-transparency-accountability/cost-optimization-transparency-accountability.pdf
Creating Multi-Account IoT Pipelines On-The-Fly,Architecture Diagrams,https://docs.aws.amazon.com/pdfs/reference-architecture-diagrams/latest/multi-account-iot-pipelines/multi-account-iot-pipelines.pdf
Cross-Account Amazon EC2 Status Monitoring for HPC Clusters,Architecture Diagrams,https://docs.aws.amazon.com/pdfs/reference-architecture-diagrams/latest/hpc-cluster-monitoring/hpc-cluster-monitoring.pdf
Cross-Domain Solutions with AWS,AWS Whitepaper,https://docs.aws.amazon.com/pdfs/whitepapers/latest/cross-domain-solutions/cross-domain-solutions.pdf
Customer Carbon Footprint Tool,CCFT Release Notes,https://docs.aws.amazon.com/pdfs/ccft/latest/releasenotes/ccft-releasenotes.pdf
Customer Engagement Using AI/ML for Airlines,Architecture diagrams for travel,https://docs.aws.amazon.com/pdfs/reference-architecture-diagrams/latest/customer-engagement-airlines/customer-engagement-airlines.pdf
Customer Engagement Using AI/ML for Lodging,Architecture diagrams for hospitality,https://docs.aws.amazon.com/pdfs/reference-architecture-diagrams/latest/customer-engagement-ai-ml-lodging/customer-engagement-ai-ml-lodging.pdf
Customer Engagement Using AI/ML for Restaurants,Architecture diagrams for hospitality,https://docs.aws.amazon.com/pdfs/reference-architecture-diagrams/latest/customer-engagement-ai-ml-restaurants/customer-engagement-ai-ml-restaurants.pdf
Data Analytics Lens,AWS Well-Architected Framework,https://docs.aws.amazon.com/pdfs/wellarchitected/latest/analytics-lens/analytics-lens.pdf
Data Classification,AWS Whitepaper,https://docs.aws.amazon.com/pdfs/whitepapers/latest/data-classification/data-classification.pdf
Data Escrow Environment Reference Architecture,Architecture Diagrams,https://docs.aws.amazon.com/pdfs/reference-architecture-diagrams/latest/data-escrow-environment/data-escrow-environment.pdf
Data Lake Architecture for Renewable Energy,Architecture Diagrams,https://docs.aws.amazon.com/pdfs/reference-architecture-diagrams/latest/data-lake-architecture-for-renewable-energy/data-lake-architecture-for-renewable-energy.pdf
Data Mesh Reference Architecture with Amazon DataZone,Architecture Diagrams,https://docs.aws.amazon.com/pdfs/reference-architecture-diagrams/latest/data-mesh-datazone/data-mesh-datazone.pdf
Data Platform for Ports and Inland Logistics Facilities,Architecture diagrams for transportation and logistics,https://docs.aws.amazon.com/pdfs/reference-architecture-diagrams/latest/data-platform-for-ports/data-platform-for-ports.pdf
Data Protection Reference Architectures with AWS Backup,Architecture Diagrams,https://docs.aws.amazon.com/pdfs/reference-architecture-diagrams/latest/data-protection-aws-backup/data-protection-aws-backup.pdf
Data Residency and Hybrid Cloud Lens,AWS Well-Architected Framework,https://docs.aws.amazon.com/pdfs/wellarchitected/latest/data-residency-hybrid-cloud-services-lens/data-residency-hybrid-cloud-services-lens.pdf
Data Transfer from Amazon S3 Glacier Vaults to Amazon S3,Implementation Guide,https://docs.aws.amazon.com/pdfs/solutions/latest/data-transfer-from-amazon-s3-glacier-vaults-to-amazon-s3/data-transfer-from-amazon-s3-glacier-vaults-to-amazon-s3.pdf
Data Transfer Hub,Implementation Guide,https://docs.aws.amazon.com/pdfs/solutions/latest/data-transfer-hub/data-transfer-hub.pdf
Data Warehousing on AWS,AWS Whitepaper,https://docs.aws.amazon.com/pdfs/whitepapers/latest/data-warehousing-on-aws/data-warehousing-on-aws.pdf
Database Caching Strategies Using Redis,AWS Whitepaper,https://docs.aws.amazon.com/pdfs/whitepapers/latest/database-caching-strategies-using-redis/database-caching-strategies-using-redis.pdf
Database DevOps on AWS,Architecture Diagrams,https://docs.aws.amazon.com/pdfs/reference-architecture-diagrams/latest/database-devops/database-devops.pdf
Database Migration Guide,Step-by-Step Walkthroughs,https://docs.aws.amazon.com/pdfs/dms/latest/sbs/dms-sbs.pdf
Databases for SAP applications on AWS,,https://docs.aws.amazon.com/pdfs/sap/latest/sap-AnyDB/sap-ibmdb2.pdf
Datavant Switchboard with AWS Clean Rooms,Connect and collaborate to accelerate clinical and patient insights on AWS,https://docs.aws.amazon.com/pdfs/reference-architecture-diagrams/latest/datavant-switchboard-with-aws-clean-rooms/datavant-switchboard-with-aws-clean-rooms.pdf
Deadline Cloud,Developer Guide,https://docs.aws.amazon.com/pdfs/deadline-cloud/latest/developerguide/developer-guide.pdf.pdf
Decoupled Serverless Scheduler,Architecture Diagrams,https://docs.aws.amazon.com/pdfs/reference-architecture-diagrams/latest/decoupled-serverless-scheduler/decoupled-serverless-scheduler.pdf
DeepRacer on AWS,Implementation Guide,https://docs.aws.amazon.com/pdfs/solutions/latest/deepracer-on-aws/deepracer-on-aws.pdf
Deliver Content Faster with Amazon CloudFront,Hands-on tutorials,https://docs.aws.amazon.com/pdfs/hands-on/latest/deliver-content-faster/deliver-content-faster.pdf
Delivering Industrial DataOps on Industrial Data Fabric,Architecture Diagrams,https://docs.aws.amazon.com/pdfs/reference-architecture-diagrams/latest/delivering-dataops-on-industrial-data-fabric/delivering-dataops-on-industrial-data-fabric.pdf
Demand Forecasting,AWS Whitepaper,https://docs.aws.amazon.com/pdfs/whitepapers/latest/demand-forecasting/demand-forecasting.pdf
Deploy a P4d EC2 UltraCluster,Hands-on tutorials,https://docs.aws.amazon.com/pdfs/hands-on/latest/deploy-a-p4d-ec2-ultracluster/deploy-a-p4d-ec2-ultracluster.pdf
Deploy a Web App on AWS Amplify,Hands-on tutorials,https://docs.aws.amazon.com/pdfs/hands-on/latest/deploy-webapp-amplify/deploy-webapp-amplify.pdf
Deploy a Web App on Nginx Server using AWS App Runner,Hands-on tutorials,https://docs.aws.amazon.com/pdfs/hands-on/latest/deploy-webapp-apprunner/deploy-webapp-apprunner.pdf
Deploying 5G Core on AWS,Architecture diagrams for telecommunications,https://docs.aws.amazon.com/pdfs/reference-architecture-diagrams/latest/deploying-5g-core/deploying-5g-core.pdf
Deploying 5G O-RAN NWDAF on AWS,Architecture diagrams for telecommunications,https://docs.aws.amazon.com/pdfs/reference-architecture-diagrams/latest/deploying-5g-o-ran-nwdaf/deploying-5g-o-ran-nwdaf.pdf
Deploying 5G O-RAN RIC on AWS,Architecture diagrams for telecommunications,https://docs.aws.amazon.com/pdfs/reference-architecture-diagrams/latest/deploying-5g-o-ran-ric/deploying-5g-o-ran-ric.pdf
Deploying E2E 5G Network with AWS,Architecture diagrams for telecommunications,https://docs.aws.amazon.com/pdfs/reference-architecture-diagrams/latest/deploying-e2e-5g-network/deploying-e2e-5g-network.pdf
Deploying Oracle SOA Suite 12c on AWS,AWS Whitepaper,https://docs.aws.amazon.com/pdfs/whitepapers/latest/deploying-oracle-soa-suite-12c/deploying-oracle-soa-suite-12c.pdf
Derive Insights from AWS Modern Data,AWS Whitepaper,https://docs.aws.amazon.com/pdfs/whitepapers/latest/derive-insights-from-aws-modern-data/derive-insights-from-aws-modern-data.pdf
DERMS on AWS for Utilities,Architecture diagrams for power and utilities,https://docs.aws.amazon.com/pdfs/reference-architecture-diagrams/latest/derms-on-aws-for-utilities/derms-on-aws-for-utilities.pdf
DescribeForMe Web App,Architecture Diagrams,https://docs.aws.amazon.com/pdfs/reference-architecture-diagrams/latest/describe-for-me-web-app/describe-for-me-web-app.pdf
Designing MQTT Topics for AWS IoT Core,AWS Whitepaper,https://docs.aws.amazon.com/pdfs/whitepapers/latest/designing-mqtt-topics-aws-iot-core/designing-mqtt-topics-aws-iot-core.pdf
Designing Next Generation Vehicle Communication with AWS IoT Core and MQTT,AWS Whitepaper,https://docs.aws.amazon.com/pdfs/whitepapers/latest/designing-next-generation-vehicle-communication-aws-iot/designing-next-generation-vehicle-communication-aws-iot.pdf
Detect Malware Threats Using AWS Transfer Family,Architecture Diagrams,https://docs.aws.amazon.com/pdfs/reference-architecture-diagrams/latest/detect-malware-threats-using-aws-transfer-family/detect-malware-threats-using-aws-transfer-family.pdf
"Detect, Analyze, and Compare Faces with Amazon Rekognition",Hands-on tutorials,https://docs.aws.amazon.com/pdfs/hands-on/latest/detect-analyze-compare-faces-rekognition/detect-analyze-compare-faces-rekognition.pdf
Determining IOPS Needs for Oracle Database on AWS,AWS Whitepaper,https://docs.aws.amazon.com/pdfs/whitepapers/latest/determining-iops-needs-oracle-db-on-aws/determining-iops-needs-oracle-db-on-aws.pdf
Developer Tools console,User Guide,https://docs.aws.amazon.com/pdfs/dtconsole/latest/userguide/dtconsole-user.pdf
Developing and Deploying .NET Applications on AWS,AWS Whitepaper,https://docs.aws.amazon.com/pdfs/whitepapers/latest/develop-deploy-dotnet-apps-on-aws/develop-deploy-dotnet-apps-on-aws.pdf
Development and Test on Amazon Web Services,AWS Whitepaper,https://docs.aws.amazon.com/pdfs/whitepapers/latest/development-and-test-on-aws/development-and-test-on-aws.pdf
Device Farm desktop browser testing,Guide for Desktop Browser Testing,https://docs.aws.amazon.com/pdfs/devicefarm/latest/testgrid/devicefarm-testgrid.pdf
Device Manufacturing and Provisioning with X.509 Certificates in AWS IoT Core,AWS Whitepaper,https://docs.aws.amazon.com/pdfs/whitepapers/latest/device-manufacturing-provisioning/device-manufacturing-provisioning.pdf
DevOps Guidance,AWS Well-Architected,https://docs.aws.amazon.com/pdfs/wellarchitected/latest/devops-guidance/devops-guidance.pdf
DevOps Monitoring Dashboard on AWS,Implementation Guide,https://docs.aws.amazon.com/pdfs/solutions/latest/devops-monitoring-dashboard-on-aws/devops-monitoring-dashboard-on-aws.pdf
"Digital River for CPG, B2B, and DTC on AWS",Architecture diagrams for retail,https://docs.aws.amazon.com/pdfs/reference-architecture-diagrams/latest/digital-river-cpg/digital-river-cpg.pdf
Digital Sovereignty Lens,AWS Well-Architected Framework,https://docs.aws.amazon.com/pdfs/wellarchitected/latest/digital-sovereignty-lens/digital-sovereignty-lens.pdf
Digital Strategies for Vaccine Distribution and Administration,AWS Whitepaper,https://docs.aws.amazon.com/pdfs/whitepapers/latest/covid-19-vaccine-digital-communication/covid-19-vaccine-digital-communication.pdf
Digital Transformation and IT Modernization for Elections in AWS,AWS Whitepaper,https://docs.aws.amazon.com/pdfs/whitepapers/latest/digital-transformation-it-modernization-elections/digital-transformation-it-modernization-elections.pdf
Digital User Engagement Events Database,Implementation Guide,https://docs.aws.amazon.com/pdfs/solutions/latest/digital-user-engagement-events-database/digital-user-engagement-events-database.pdf
Disaster Recovery of On-Premises Applications to AWS,AWS Whitepaper,https://docs.aws.amazon.com/pdfs/whitepapers/latest/disaster-recovery-of-on-premises-applications-to-aws/disaster-recovery-of-on-premises-applications-to-aws.pdf
Disaster Recovery of Workloads on AWS: Recovery in the Cloud,AWS Well-Architected Framework,https://docs.aws.amazon.com/pdfs/whitepapers/latest/disaster-recovery-workloads-on-aws/disaster-recovery-workloads-on-aws.pdf
Discovering Hot Topics Using Machine Learning,Implementation Guide,https://docs.aws.amazon.com/pdfs/solutions/latest/discovering-hot-topics-using-machine-learning/discovering-hot-topics-using-machine-learning.pdf
Distributed Inspection Architectures with Gateway Load Balancer,Architecture Diagrams,https://docs.aws.amazon.com/pdfs/reference-architecture-diagrams/latest/distributed-inspection-gwlb/distributed-inspection-gwlb.pdf
Distributed Load Testing on AWS,Implementation Guide,https://docs.aws.amazon.com/pdfs/solutions/latest/distributed-load-testing-on-aws/distributed-load-testing-on-aws.pdf
Domain Consistency in Event-Driven Architectures,Architecture Diagrams,https://docs.aws.amazon.com/pdfs/reference-architecture-diagrams/latest/domain-consistency-event-driven/domain-consistency-event-driven.pdf
DT4o Faktory Vision: Quality Insights on AWS,Architecture diagrams for manufacturing,https://docs.aws.amazon.com/pdfs/reference-architecture-diagrams/latest/dt4o-faktory-vision/dt4o-faktory-vision.pdf
Dual Stack and IPv6-only Amazon Amazon VPC Reference Architectures,Architecture Diagrams,https://docs.aws.amazon.com/pdfs/reference-architecture-diagrams/latest/ipv6-vpc-architectures/ipv6-vpc-architectures.pdf
Dynamic Image Transformation for Amazon CloudFront,Implementation Guide,https://docs.aws.amazon.com/pdfs/solutions/latest/dynamic-image-transformation-for-amazon-cloudfront/Dynamic Image Transformation for Amazon CloudFront.pdf
Dynamic Media Content for Games,Architecture Diagrams Game Tech,https://docs.aws.amazon.com/pdfs/reference-architecture-diagrams/latest/dynamic-media-content-games/dynamic-media-content-games.pdf
Dynamic Object and Rule Extensions for AWS Network Firewall,Implementation Guide,https://docs.aws.amazon.com/pdfs/solutions/latest/dynamic-object-and-rule-extensions-for-aws-network-firewall/dynamic-object-and-rule-extensions-for-aws-network-firewall.pdf
DynamoDB Global Replication with Data Localization,Architecture Diagrams,https://docs.aws.amazon.com/pdfs/reference-architecture-diagrams/latest/dynamodb-global-replication/dynamodb-global-replication.pdf
EC2 Image Builder,User Guide,https://docs.aws.amazon.com/pdfs/imagebuilder/latest/userguide/imagebuilder-ug.pdf
ECR Paths,ECR Paths,https://docs.aws.amazon.com/pdfs/sagemaker/latest/dg-ecr-paths/sagemaker-ecr-paths.pdf
EDA on AWS with IBM Spectrum LSF,Architecture diagrams for electronics,https://docs.aws.amazon.com/pdfs/reference-architecture-diagrams/latest/eda-ibm-spectrum-lsf/eda-ibm-spectrum-lsf.pdf
Edge Inference for Agriculture,Architecture diagrams for agriculture,https://docs.aws.amazon.com/pdfs/reference-architecture-diagrams/latest/edge-inference-agriculture/edge-inference-agriculture.pdf
EDI Cloud Operations Support Guide,EDI Cloud Operations Support Concepts and Procedures,https://docs.aws.amazon.com/pdfs/EDI/latest/eco-support-guide/eco-support-guide.pdf
Edit in the Cloud on AWS,AWS Reference Architecture Diagram,https://docs.aws.amazon.com/pdfs/architecture-diagrams/latest/edit-in-cloud-on-aws/edit-in-cloud-on-aws.pdf
Edit in the Cloud on AWS,AWS Reference Architecture Diagram,https://docs.aws.amazon.com/pdfs/reference-architecture-diagrams/latest/edit-in-cloud-on-aws/edit-in-cloud-on-aws.pdf
Edit in the Cloud on AWS,Implementation Guide,https://docs.aws.amazon.com/pdfs/solutions/latest/edit-in-the-cloud-on-aws/edit-in-the-cloud-on-aws.pdf
EFS-to-EFS Backup Solution,Implementation Guide,https://docs.aws.amazon.com/pdfs/solutions/latest/efs-to-efs-backup/efs-to-efs-backup.pdf
Eksctl User Guide,Amazon EKS,https://docs.aws.amazon.com/pdfs/eks/latest/eksctl/AmazonEksEksctlDocs.pdf
Elastic Load Balancing,Application Load Balancers,https://docs.aws.amazon.com/pdfs/elasticloadbalancing/latest/application/elb-ag.pdf
Elastic Load Balancing,Classic Load Balancers,https://docs.aws.amazon.com/pdfs/elasticloadbalancing/latest/classic/elb-classic.pdf
Elastic Load Balancing,Gateway Load Balancers,https://docs.aws.amazon.com/pdfs/elasticloadbalancing/latest/gateway/elb-gateway.pdf
Elastic Load Balancing,Network Load Balancers,https://docs.aws.amazon.com/pdfs/elasticloadbalancing/latest/network/elb-ng.pdf
Elastic Load Balancing,User Guide,https://docs.aws.amazon.com/pdfs/elasticloadbalancing/latest/userguide/elb-ug.pdf
Electric Vehicle Charging OCPP Handler,Architecture Diagrams,https://docs.aws.amazon.com/pdfs/reference-architecture-diagrams/latest/electric-vehicle-charging-ocpp-handler/electric-vehicle-charging-ocpp-handler.pdf
Electric Vehicle Charging Station Management System,Architecture Diagrams,https://docs.aws.amazon.com/pdfs/reference-architecture-diagrams/latest/electric-vehicle-charging-station-management-software/electric-vehicle-charging-station-management-software.pdf
Electro-Optical Imagery Reference Architecture,Architecture Diagrams,https://docs.aws.amazon.com/pdfs/reference-architecture-diagrams/latest/electro-optical-imagery/electro-optical-imagery.pdf
Electro-Optical Imagery Reference Architecture,Architecture Diagrams,https://docs.aws.amazon.com/pdfs/reference-architecture-diagrams/latest/electro-optical-imagery-architecture/electro-optical-imagery-architecture.pdf
Element Analytics Unify on AWS,Architecture Diagrams,https://docs.aws.amazon.com/pdfs/reference-architecture-diagrams/latest/element-analytics-unify-on-aws/element-analytics-unify-on-aws.pdf
Elemental Inference,User Guide,https://docs.aws.amazon.com/pdfs/elemental-inference/latest/userguide/elemental-inference-ug.pdf
Elemental On-Premises,User Guide,https://docs.aws.amazon.com/pdfs/elemental-onprem/latest/ug/elemental-onprem.pdf
Embedded ML models using Amazon SageMaker AI on AWS Marketplace,Architecture Diagrams,https://docs.aws.amazon.com/pdfs/reference-architecture-diagrams/latest/embedded-ml-models-using-sagemaker-on-aws-marketplace/embedded-ml-models-using-sagemaker-on-aws-marketplace.pdf
Emerson Plantweb Optics Data Lake for Health Care and Life Sciences,Architecture diagrams for healthcare,https://docs.aws.amazon.com/pdfs/reference-architecture-diagrams/latest/emerson-plantweb-optics-data-lake-hcls/emerson-plantweb-optics-data-lake-hcls.pdf
Enable Digital Messaging Channels in Amazon Connect,Architecture Diagrams,https://docs.aws.amazon.com/pdfs/reference-architecture-diagrams/latest/enable-digital-messaging-amazon-connect/enable-digital-messaging-amazon-connect.pdf
Enable Two-Way SMS in Amazon Connect,Architecture Diagrams,https://docs.aws.amazon.com/pdfs/reference-architecture-diagrams/latest/enable-two-way-sms-amazon-connect/enable-two-way-sms-amazon-connect.pdf
End User Computing (EUC) Lens,AWS Well-Architected Framework,https://docs.aws.amazon.com/pdfs/wellarchitected/latest/end-user-computing-lens/end-user-computing-lens.pdf
Enhance Existing ML Lifecycles with Amazon SageMaker AI and AWS Fargate,Architecture Diagrams,https://docs.aws.amazon.com/pdfs/reference-architecture-diagrams/latest/enhance-ml-sagemaker-fargate/enhance-ml-sagemaker-fargate.pdf
Enterprise Data Governance Catalog,AWS Whitepaper,https://docs.aws.amazon.com/pdfs/whitepapers/latest/enterprise-data-governance-catalog/enterprise-data-governance-catalog.pdf
Enterprise Esri ArcGIS Platform on AWS,Architecture diagrams for aerospace,https://docs.aws.amazon.com/pdfs/reference-architecture-diagrams/latest/enterprise-esri-arcgis-platform/enterprise-esri-arcgis-platform.pdf
Establishing Enterprise Architecture on AWS,AWS Whitepaper,https://d1.awsstatic.com/whitepapers/establishing-enterprise-architecture.pdf
Establishing Your Cloud Foundation on AWS,AWS Whitepaper,https://docs.aws.amazon.com/pdfs/whitepapers/latest/establishing-your-cloud-foundation-on-aws/establishing-your-cloud-foundation-on-aws.pdf
ETSI NFVO Compliant Orchestration in the Kubernetes/Cloud Native World,AWS Whitepaper,https://docs.aws.amazon.com/pdfs/whitepapers/latest/ETSI-NFVO-compliant-orchestration-in-kubernetes/ETSI-NFVO-compliant-orchestration-in-kubernetes.pdf
EventBridge Scheduler,User Guide,https://docs.aws.amazon.com/pdfs/scheduler/latest/UserGuide/scheduler-user-guide.pdf.pdf
Exploring Real-Time Streaming for Retrieval Augmented Generation in GenerativeAI,Architecture Diagrams,https://docs.aws.amazon.com/pdfs/reference-architecture-diagrams/latest/exploring-real-time-streaming-for-retrieval-augmented-generation/exploring-real-time-streaming-for-retrieval-augmented-generation.pdf
Expose Microservices Using Amazon EKS,Architecture Diagrams,https://docs.aws.amazon.com/pdfs/reference-architecture-diagrams/latest/expose-microservices-eks/expose-microservices-eks.pdf
Expose Your Data Lake as a GraphQL API,Architecture Diagrams,https://docs.aws.amazon.com/pdfs/reference-architecture-diagrams/latest/data-lake-graphql-api/data-lake-graphql-api.pdf
ExpressLink,Getting Started Guide,https://docs.aws.amazon.com/pdfs/iot-expresslink/latest/gettingstartedguide/expresslink-gsg.pdf
ExpressLink,Programmer's Guide,https://docs.aws.amazon.com/pdfs/iot-expresslink/archive/v0.5/programmersguide/expresslink-pg.pdf
ExpressLink,Programmer's Guide,https://docs.aws.amazon.com/pdfs/iot-expresslink/archive/v1.0/programmersguide/expresslink-pg.pdf
Extension development for CloudFormation,CloudFormation Command Line Interface (CLI) User Guide,https://docs.aws.amazon.com/pdfs/cloudformation-cli/latest/userguide/cloudformation-cli.pdf
Extract information from unstructured documents with Amazon Bedrock and Amazon Textract,Hands-on tutorials,https://docs.aws.amazon.com/pdfs/hands-on/latest/extract-text-with-amazon-textract/extract-text-with-amazon-textract.pdf
Fast Backup and Restore of TiDB on AWS,Architecture Diagrams,https://docs.aws.amazon.com/pdfs/reference-architecture-diagrams/latest/tidb-backup-restore/tidb-backup-restore.pdf
Fault-Tolerant Components on AWS,AWS Whitepaper,https://docs.aws.amazon.com/pdfs/whitepapers/latest/fault-tolerant-components/fault-tolerant-components.pdf
File Gateway for Hybrid Cloud Storage Architectures,AWS Whitepaper,https://docs.aws.amazon.com/pdfs/whitepapers/latest/file-gateway-hybrid-cloud-storage-architectures/file-gateway-hybrid-cloud-storage-architectures.pdf
Financial Advisor Chat Assistant,Architecture Diagrams,https://docs.aws.amazon.com/pdfs/reference-architecture-diagrams/latest/financial-advisor-chat-assistant/financial-advisor-chat-assistant.pdf
Financial Services Grid Computing on AWS,AWS Whitepaper,https://docs.aws.amazon.com/pdfs/whitepapers/latest/financial-services-grid-computing/financial-services-grid-computing.pdf
Financial Services Industry Lens,AWS Well-Architected Framework,https://docs.aws.amazon.com/pdfs/wellarchitected/latest/financial-services-industry-lens/wellarchitected-financial-services-industry-lens.pdf
Fleet Management Solution for Connected Farm,Architecture Diagrams,https://docs.aws.amazon.com/pdfs/reference-architecture-diagrams/latest/fleet-management-for-connected-farm/fleet-management-for-connected-farm.pdf
Flight Information Management System (FIMS),Architecture Diagrams,https://docs.aws.amazon.com/pdfs/reference-architecture-diagrams/latest/flight-information-management-system/flight-information-management-system.pdf
Flight Planning Using Data Lakes and AI/ML,Architecture diagrams for travel,https://docs.aws.amazon.com/pdfs/reference-architecture-diagrams/latest/flight-planning-data-lakes/flight-planning-data-lakes.pdf
Flutura Cerebra Asset Performance Management on AWS,Architecture diagrams for manufacturing,https://docs.aws.amazon.com/pdfs/reference-architecture-diagrams/latest/flutura-cerebra-apm/flutura-cerebra-apm.pdf
Fraud ring detection using Neo4j and graphs,Architecture Diagrams,https://docs.aws.amazon.com/pdfs/reference-architecture-diagrams/latest/fraud-ring-detection-using-Neo4j-and-graphs/fraud-ring-detection-using-Neo4j-and-graphs.pdf
FreeRTOS,Porting Guide,https://docs.aws.amazon.com/pdfs/freertos/latest/portingguide/freertos-pg.pdf
FreeRTOS,Qualification Guide,https://docs.aws.amazon.com/pdfs/freertos/latest/qualificationguide/freertos-qg.pdf
FreeRTOS,Security Updates,https://docs.aws.amazon.com/pdfs/freertos/latest/security-updates/freertos-security-updates.pdf
FreeRTOS,User Guide,https://docs.aws.amazon.com/pdfs/freertos/latest/userguide/freertos-ug.pdf
From Deploy to Done: AWS Owns Operations for the Life of Your Application,AWS Journey,https://docs.aws.amazon.com/pdfs/solutions/latest/deploy-to-done/deploy-to-done-journey.pdf
FSx for Lustre,Lustre User Guide,https://docs.aws.amazon.com/pdfs/fsx/latest/LustreGuide/LustreGuide.pdf
FSx for ONTAP,ONTAP User Guide,https://docs.aws.amazon.com/pdfs/fsx/latest/ONTAPGuide/ONTAPGuide.pdf
FSx for OpenZFS,OpenZFS User Guide,https://docs.aws.amazon.com/pdfs/fsx/latest/OpenZFSGuide/OpenZFSGuide.pdf
Game Production in the Cloud - CI/CD,Architecture Diagrams Game Tech,https://docs.aws.amazon.com/pdfs/reference-architecture-diagrams/latest/game-production-in-the-cloud-cicd/game-production-in-the-cloud-cicd.pdf
Game Production in the Cloud - Workstations,Stream Game Development from anywhere with NICE DCV,https://docs.aws.amazon.com/pdfs/reference-architecture-diagrams/latest/game-production-in-the-cloud-workstations/game-production-in-the-cloud-workstations.pdf
Games Industry Lens,AWS Whitepaper,https://docs.aws.amazon.com/pdfs/wellarchitected/latest/games-industry-lens/games-industry-lens.pdf
Gateway Load Balancer Centralized Egress Inspection,Architecture Diagrams,https://docs.aws.amazon.com/pdfs/reference-architecture-diagrams/latest/gwlb-centralized-egress-inspection/gwlb-centralized-egress-inspection.pdf
Gateway Load Balancer Inspection Architectures,Architecture Diagrams,https://docs.aws.amazon.com/pdfs/reference-architecture-diagrams/latest/gwlb-east-west-inspection/gwlb-east-west-inspection.pdf
General SAP Guides,SAP Guides,https://docs.aws.amazon.com/pdfs/sap/latest/general/general.pdf
Generative AI Application Builder on AWS,Implementation Guide,https://docs.aws.amazon.com/pdfs/solutions/latest/generative-ai-application-builder-on-aws/generative-ai-application-builder-on-aws.pdf
Generative AI Lens,AWS Well-Architected Framework,https://docs.aws.amazon.com/pdfs/wellarchitected/latest/generative-ai-lens/generative-ai-lens.pdf
"Genomics Data Transfer, Analytics, and Machine Learning using AWS Services",AWS Whitepaper,https://docs.aws.amazon.com/pdfs/whitepapers/latest/genomics-data-transfer-analytics-and-machine-learning/genomics-data-transfer-analytics-and-machine-learning.pdf
"Genomics Data Transfer, Data Access Patterns, Storage, and Archival",Architecture Diagrams Life Sciences,https://docs.aws.amazon.com/pdfs/reference-architecture-diagrams/latest/genomics-data-transfer-storage-archival/genomics-data-transfer-storage-archival.pdf
Geofencing with Amazon Location Service and AWS IoT,Architecture diagrams for aerospace,https://docs.aws.amazon.com/pdfs/reference-architecture-diagrams/latest/geofencing-amazon-location-service-iot/geofencing-amazon-location-service-iot.pdf
Get started with Amazon SageMaker AI geospatial capabilities,Hands-on tutorials,https://docs.aws.amazon.com/pdfs/hands-on/latest/get-started-with-amazon-sagemaker-geospatial-capabilities/get-started-with-amazon-sagemaker-geospatial-capabilities.pdf
Getting started using the Amazon Glacier storage classes,Hands-on tutorials,https://docs.aws.amazon.com/pdfs/hands-on/latest/getting-started-using-amazon-s3-glacier-storage-classes/getting-started-using-amazon-s3-glacier-storage-classes.pdf
Government Lens,AWS Well-Architected Framework,https://docs.aws.amazon.com/pdfs/wellarchitected/latest/government-lens/government-lens.pdf
Guavus 5G-IQ NWDAF on AWS,AWS Whitepaper,https://docs.aws.amazon.com/pdfs/whitepapers/latest/guavus-5G-iq-nwdaf-on-aws/guavus-5G-iq-nwdaf-on-aws.pdf
Guest 360 Data Platform for Lodging,Architecture diagrams for hospitality,https://docs.aws.amazon.com/pdfs/reference-architecture-diagrams/latest/guest-360-data-platform-lodging/guest-360-data-platform-lodging.pdf
Guest 360 Data Platform for Restaurants,Architecture diagrams for hospitality,https://docs.aws.amazon.com/pdfs/reference-architecture-diagrams/latest/guest-360-data-platform-restaurants/guest-360-data-platform-restaurants.pdf
Guidance for Account Assessment for AWS Organizations,Implementation Guide,https://docs.aws.amazon.com/pdfs/solutions/latest/account-assessment-for-aws-organizations/account-assessment-for-aws-organizations.pdf
Guidance for AdTech PrivateLink Network on AWS,Architecture Diagrams,https://docs.aws.amazon.com/pdfs/reference-architecture-diagrams/latest/adtech-privatelink/adtech-privatelink.pdf
Guidance for Clickstream Analytics on AWS,Implementation Guide,https://docs.aws.amazon.com/pdfs/solutions/latest/clickstream-analytics-on-aws/clickstream-analytics-on-aws.pdf
Guidance for Contextual Intelligence for Advertising,Architecture diagrams for retail,https://docs.aws.amazon.com/pdfs/reference-architecture-diagrams/latest/contextual-intelligence-advertising/contextual-intelligence-advertising.pdf
Guidance for Cross Network Traffic Inspection with AWS Network Firewall,Implementation Guide,https://docs.aws.amazon.com/pdfs/solutions/latest/centralized-network-inspection-on-aws/centralized-network-inspection-on-aws.pdf
Guidance for Deploying a Prebid Server on AWS,Implementation Guide,https://docs.aws.amazon.com/pdfs/solutions/latest/prebid-server-deployment-on-aws/prebid-server-deployment-on-aws.pdf
Guidance for Deploying Cross-Region Disaster Recovery with AWS Elastic Disaster Recovery,Implementation Guide,https://docs.aws.amazon.com/pdfs/guidance/latest/deploying-cross-region-disaster-recovery-with-aws-elastic-disaster-recovery/guidance-ug.pdf
Guidance for Driver-based Demand Planning with o9,Architecture diagrams for retail,https://docs.aws.amazon.com/pdfs/reference-architecture-diagrams/latest/driver-based-demand-planning-o9/driver-based-demand-planning-o9.pdf
Guidance for Migrating VMware Virtual Machines to Nutanix Cloud Clusters on AWS,Implementation Guide,https://docs.aws.amazon.com/pdfs/guidance/latest/migrating-vmware-virtual-machines-to-nutanix-cloud-clusters-on-aws/migrating-vmware-virtual-machines-to-nutanix-cloud-clusters-on-aws.pdf
Guidance for Multi-Omics and Multi-Modal Data Integration and Analysis on AWS,Implementation Guide,https://docs.aws.amazon.com/pdfs/solutions/latest/guidance-for-multi-omics-and-multi-modal-data-integration-and-analysis-on-aws/guidance-for-multi-omics-and-multi-modal-data-integration-and-analysis-on-aws.pdf
Guidance for Network Orchestration for AWS Transit Gateway,Implementation Guide,https://docs.aws.amazon.com/pdfs/solutions/latest/network-orchestration-aws-transit-gateway/network-orchestration-aws-transit-gateway.pdf
Guidance for NHS Trusts Adopting AWS Cloud Services,AWS Whitepaper,https://docs.aws.amazon.com/pdfs/whitepapers/latest/guidance-for-nhs-trusts-adopting-aws/guidance-for-nhs-trusts-adopting-aws.pdf
Guidance for Scalable Analytics Using Apache Druid on AWS,Implementation Guide,https://docs.aws.amazon.com/pdfs/solutions/latest/scalable-analytics-using-apache-druid-on-aws/scalable-analytics-using-apache-druid-on-aws.pdf
Guidance for User Profiles Export with Amazon Cognito,Implementation Guide,https://docs.aws.amazon.com/pdfs/solutions/latest/cognito-user-profiles-export-reference-architecture/cognito-user-profiles-export-reference-architecture.pdf
GxP Compliance Automation,Architecture diagrams for healthcare,https://docs.aws.amazon.com/pdfs/reference-architecture-diagrams/latest/gxp-compliance-automation/gxp-compliance-automation.pdf
GxP Systems on AWS,AWS Whitepapers,https://docs.aws.amazon.com/pdfs/whitepapers/latest/gxp-systems-on-aws/gxp-systems-on-aws.pdf
Healthcare Data Analytics Framework for the Opioid Crisis,AWS Whitepaper,https://docs.aws.amazon.com/pdfs/whitepapers/latest/healthcare-data-analytics-framework-opioid-crisis/healthcare-data-analytics-framework-opioid-crisis.pdf
Healthcare Digital Signage Using Amazon Kindle,AWS Whitepaper,https://docs.aws.amazon.com/pdfs/whitepapers/latest/healthcare-digital-signage-using-amazon-kindle/healthcare-digital-signage-using-amazon-kindle.pdf
Healthcare Industry Lens,AWS Well-Architected Framework,https://docs.aws.amazon.com/pdfs/wellarchitected/latest/healthcare-industry-lens/healthcare-industry-lens.pdf
Healthcare Interoperability Stack on AWS,Architecture diagrams for healthcare,https://docs.aws.amazon.com/pdfs/reference-architecture-diagrams/latest/healthcare-interoperability-stack/healthcare-interoperability-stack.pdf
High Performance Computing Lens,AWS Well-Architected Framework,https://docs.aws.amazon.com/pdfs/wellarchitected/latest/high-performance-computing-lens/wellarchitected-high-performance-computing-lens.pdf
High Performance Computing on AWS,AWS Reference Architecture Diagram,https://docs.aws.amazon.com/pdfs/architecture-diagrams/latest/high-performance-computing-on-aws/high-performance-computing-on-aws.pdf
High Performance Computing on AWS,AWS Reference Architecture Diagram,https://docs.aws.amazon.com/pdfs/reference-architecture-diagrams/latest/high-performance-computing-on-aws/high-performance-computing-on-aws.pdf
Host a Static Website,Hands-on tutorials,https://docs.aws.amazon.com/pdfs/hands-on/latest/host-static-website/host-static-website.pdf
Hosting Adobe Experience Manager on AWS,Architecture Diagrams,https://docs.aws.amazon.com/pdfs/reference-architecture-diagrams/latest/hosting-adobe-experience-manager/hosting-adobe-experience-manager.pdf
Hosting Static Websites on AWS,AWS Whitepaper,https://docs.aws.amazon.com/pdfs/whitepapers/latest/build-static-websites-aws/build-static-websites-aws.pdf
How AWS Pricing Works,AWS Whitepaper,https://docs.aws.amazon.com/pdfs/whitepapers/latest/how-aws-pricing-works/how-aws-pricing-works.pdf
How to Register a Domain Name with Amazon Route 53,Hands-on tutorials,https://docs.aws.amazon.com/pdfs/hands-on/latest/get-a-domain/get-a-domain.pdf
HPC Simulation Workload for Renewable Energy Data,Architecture diagrams for power and utilities,https://docs.aws.amazon.com/pdfs/reference-architecture-diagrams/latest/hpc-simulation-renewable-energy/hpc-simulation-renewable-energy.pdf
Hybrid Architectures to Address Personal Data Processing Requirements,AWS Whitepaper,https://docs.aws.amazon.com/pdfs/whitepapers/latest/hybrid-architectures-to-address-personal-data-processing-requirements/hybrid-architectures-to-address-personal-data-processing-requirements.pdf
Hybrid Cloud DNS Options for Amazon VPC,AWS Whitepaper,https://docs.aws.amazon.com/pdfs/whitepapers/latest/hybrid-cloud-dns-options-for-vpc/hybrid-cloud-dns-options-for-vpc.pdf
Hybrid Cloud with AWS,AWS Whitepaper,https://docs.aws.amazon.com/pdfs/whitepapers/latest/hybrid-cloud-with-aws/hybrid-cloud-with-aws.pdf
Hybrid Connectivity,AWS Whitepaper,https://docs.aws.amazon.com/pdfs/whitepapers/latest/hybrid-connectivity/hybrid-connectivity.pdf
Hybrid Connectivity Between AWS GovCloud (US) and Commercial Regions,Architecture Diagrams,https://docs.aws.amazon.com/pdfs/reference-architecture-diagrams/latest/govcloud-hybrid-connectivity/govcloud-hybrid-connectivity.pdf
Hybrid Connectivity to AWS Transit Gateway,Architecture Diagrams,https://docs.aws.amazon.com/pdfs/reference-architecture-diagrams/latest/hybrid-connectivity-transit-gateway/hybrid-connectivity-transit-gateway.pdf
Hybrid DNS Resolution with Amazon Route 53 Resolver Endpoints,Architecture Diagrams,https://docs.aws.amazon.com/pdfs/reference-architecture-diagrams/latest/hybrid-dns-route53/hybrid-dns-route53.pdf
Hybrid Machine Learning,AWS Whitepaper,https://docs.aws.amazon.com/pdfs/whitepapers/latest/hybrid-machine-learning/hybrid-machine-learning.pdf
Hybrid Networking Lens - AWS Well-Architected Framework,AWS Whitepaper,https://docs.aws.amazon.com/pdfs/wellarchitected/latest/hybrid-networking-lens/hybrid-networking-lens.pdf
Hybrid Remote Proctoring Solution,Architecture Diagrams Education,https://docs.aws.amazon.com/pdfs/reference-architecture-diagrams/latest/hybrid-remote-proctoring-solution/hybrid-remote-proctoring-solution.pdf
IAM Identity Center SCIM Implementation,Developer Guide,https://docs.aws.amazon.com/pdfs/singlesignon/latest/developerguide/sso-scim.pdf
IAM Roles Anywhere,User Guide,https://docs.aws.amazon.com/pdfs/rolesanywhere/latest/userguide/rolesanywhere-guide.pdf
IBM Instana Observability on AWS,Architecture Diagrams,https://docs.aws.amazon.com/pdfs/reference-architecture-diagrams/latest/ibm-instana-observability/ibm-instana-observability.pdf
IBM Planning Analytics with Watson on AWS,Increase service availability by deploying IBM TM1 Server on AWS,https://docs.aws.amazon.com/pdfs/reference-architecture-diagrams/latest/ibm-planning-analytics-with-watson/ibm-planning-analytics-with-watson.pdf
Identify Product Defects using Industrial Computer Vision,Architecture diagrams for manufacturing,https://docs.aws.amazon.com/pdfs/reference-architecture-diagrams/latest/identify-product-defects-computer-vision/identify-product-defects-computer-vision.pdf
Identity Store,API Reference,https://docs.aws.amazon.com/pdfs/singlesignon/latest/IdentityStoreAPIReference/identitystore-api.pdf
IFS Maintenix Software Implementation on AWS,Architecture diagrams for travel,https://docs.aws.amazon.com/pdfs/reference-architecture-diagrams/latest/maintenix-implementation/maintenix-implementation.pdf
Implementing Low-Power Wide-Area Network (LPWAN) Solutions with AWS IoT,AWS Whitepaper,https://docs.aws.amazon.com/pdfs/whitepapers/latest/implementing-lpwan-solutions-with-aws/implementing-lpwan-solutions-with-aws.pdf
Implementing Microservices on AWS,AWS Whitepaper,https://docs.aws.amazon.com/pdfs/whitepapers/latest/microservices-on-aws/microservices-on-aws.pdf
Implementing Travel and Hospitality Data Mesh,Architecture diagrams for travel,https://docs.aws.amazon.com/pdfs/reference-architecture-diagrams/latest/travel-hospitality-data-mesh/travel-hospitality-data-mesh.pdf
Improve Demand Forecasting to Boost Sales on Amazon.com,Architecture diagrams for retail,https://docs.aws.amazon.com/pdfs/reference-architecture-diagrams/latest/demand-forecasting-retail/demand-forecasting-retail.pdf
Incident Manager,User Guide,https://docs.aws.amazon.com/pdfs/incident-manager/latest/userguide/incident-manager-ug.pdf
Industrial Data Platform on AWS,Architecture diagrams for manufacturing,https://docs.aws.amazon.com/pdfs/reference-architecture-diagrams/latest/industrial-data-platform/industrial-data-platform.pdf
Industrial DataOps on AWS using Cognite Data Fusion,Architecture diagrams for manufacturing,https://docs.aws.amazon.com/pdfs/reference-architecture-diagrams/latest/industrial-dataops-cognite-data-fusion/industrial-dataops-cognite-data-fusion.pdf
Industrial DataOps using HighByte Intelligence Hub and Element Unify: Solution guidance for Industrial Data Fabric (IDF),Architecture Diagrams,https://docs.aws.amazon.com/pdfs/reference-architecture-diagrams/latest/industrial-dataops-using-highbyte-hub-and-element-unify/industrial-dataops-using-highbyte-hub-and-element-unify.pdf
Innovation Sandbox on AWS,Implementation Guide,https://docs.aws.amazon.com/pdfs/solutions/latest/innovation-sandbox-on-aws/innovation-sandbox-on-aws.pdf
Inspection Deployment Models with AWS Network Firewall,Architecture Diagrams,https://docs.aws.amazon.com/pdfs/reference-architecture-diagrams/latest/network-firewall-inspection-models/network-firewall-inspection-models.pdf
Instance Scheduler on AWS,Implementation Guide,https://docs.aws.amazon.com/pdfs/solutions/latest/instance-scheduler-on-aws/instance-scheduler-on-aws.pdf
Intelligent Supply Chain - Retail,Architecture Diagrams,https://docs.aws.amazon.com/pdfs/reference-architecture-diagrams/latest/intelligent-supply-chain-retail/intelligent-supply-chain-retail.pdf
Internal Revenue Service Publication 1075 Compliance in AWS,Internal Revenue Service Publication 1075 Compliance in AWS,https://docs.aws.amazon.com/pdfs/whitepapers/latest/internal-revenue-service-publication-1075-compliance-in-aws/internal-revenue-service-publication-1075-compliance-in-aws.pdf
Internet of Things (IoT) Lens,AWS Well-Architected Framework,https://docs.aws.amazon.com/pdfs/wellarchitected/latest/iot-lens/wellarchitected-iot-lens.pdf
Introduction to AWS Security,AWS Whitepaper,https://docs.aws.amazon.com/pdfs/whitepapers/latest/introduction-aws-security/introduction-aws-security.pdf
Introduction to AWS Security by Design,AWS Whitepaper,https://docs.aws.amazon.com/pdfs/whitepapers/latest/intro-security-by-design/intro-security-by-design.pdf
Introduction to DevOps on AWS,AWS Whitepaper,https://docs.aws.amazon.com/pdfs/whitepapers/latest/introduction-devops-aws/introduction-devops-aws.pdf
Invoking Asynchronous External APIs,Architecture Diagrams,https://docs.aws.amazon.com/pdfs/reference-architecture-diagrams/latest/invoking-async-external-apis/invoking-async-external-apis.pdf
iOS Build and Test Pipeline Using Jenkins,Architecture Diagrams,https://docs.aws.amazon.com/pdfs/reference-architecture-diagrams/latest/ios-build-test-pipeline-jenkins/ios-build-test-pipeline-jenkins.pdf
iOS CI/CD Build and Test Pipeline,Architecture Diagrams,https://docs.aws.amazon.com/pdfs/reference-architecture-diagrams/latest/ios-cicd-build-test-pipeline/ios-cicd-build-test-pipeline.pdf
IoT Device Simulator,Implementation Guide,https://docs.aws.amazon.com/pdfs/solutions/latest/iot-device-simulator/iot-device-simulator.pdf
IPv6 on AWS,Best practices for adopting and designing IPv6-based networks on AWS,https://docs.aws.amazon.com/pdfs/whitepapers/latest/ipv6-on-aws/ipv6-on-aws.pdf
It’s Time to Evolve: End User Windows Application Delivery In the 2020s,Introduction to a software binary taxonomy,https://docs.aws.amazon.com/pdfs/whitepapers/latest/its-time-to-evolve-end-user-windows-application-delivery-in-the-2020s/its-time-to-evolve-end-user-windows-application-delivery-in-the-2020s.pdf
Kelvin AI on AWS,Architecture Diagrams,https://docs.aws.amazon.com/pdfs/reference-architecture-diagrams/latest/kelvin-ai-on-aws/kelvin-ai-on-aws.pdf
Kinesis Video Streams,Amazon Kinesis Video Streams WebRTC Developer Guide,https://docs.aws.amazon.com/pdfs/kinesisvideostreams-webrtc-dg/latest/devguide/kinesisvideo-dg.pdf
Knowledge Graphs and GraphRAG with AWS and Neo4j,Architecture Diagrams,https://docs.aws.amazon.com/pdfs/reference-architecture-diagrams/latest/knowledge-graphs-and-graphrag-with-neo4j/knowledge-graphs-and-graphrag-with-neo4j.pdf
Lab Instrument Log Acquisition and Analytics on AWS,Architecture diagrams for manufacturing,https://docs.aws.amazon.com/pdfs/reference-architecture-diagrams/latest/lab-instrument-log-analytics/lab-instrument-log-analytics.pdf
Landing Zone Accelerator on AWS,Implementation Guide,https://docs.aws.amazon.com/pdfs/solutions/latest/landing-zone-accelerator-on-aws/landing-zone-accelerator-on-aws.pdf
Last Mile Delivery,Architecture diagrams for transportation and logistics,https://docs.aws.amazon.com/pdfs/reference-architecture-diagrams/latest/last-mile-delivery/last-mile-delivery.pdf
Leveraging AWS Marketplace Storage Solutions for Microsoft SharePoint,AWS Whitepaper,https://docs.aws.amazon.com/pdfs/whitepapers/latest/marketplace-storage-softnas-sharepoint/marketplace-storage-softnas-sharepoint.pdf
"Life Sciences Data Collection, Storage, and Processing",Architecture Diagrams,https://docs.aws.amazon.com/pdfs/reference-architecture-diagrams/latest/life-sciences-data-collection-storage-processing/life-sciences-data-collection-storage-processing.pdf
Life Sciences Lens,AWS Well-Architected Framework,https://docs.aws.amazon.com/pdfs/wellarchitected/latest/life-sciences-lens/life-sciences-lens.pdf
Live Streaming on AWS,Implementation Guide,https://docs.aws.amazon.com/pdfs/solutions/latest/live-streaming-on-aws/live-streaming-on-aws.pdf
Live Streaming on AWS with Amazon S3,Implementation Guide,https://docs.aws.amazon.com/pdfs/solutions/latest/live-streaming-on-aws-with-amazon-s3/live-streaming-on-aws-with-amazon-s3.pdf
Livestock Counting at the Edge,Architecture Diagrams,https://docs.aws.amazon.com/pdfs/reference-architecture-diagrams/latest/livestock-counting-at-the-edge/livestock-counting-at-the-edge.pdf
"Load, Store, and Protect Linux- Based NFS Workloads in AWS","A Cloud Migration Guide with AWS DataSync, Amazon Elastic File System, and AWS Backup",https://docs.aws.amazon.com/pdfs/whitepapers/latest/load-store-protect-linux-nfs/load-store-protect-linux-nfs.pdf
Local Clusters for Amazon EKS on AWS Outposts,Architecture Diagrams,https://docs.aws.amazon.com/pdfs/reference-architecture-diagrams/latest/local-clusters-for-amazon-eks-on-aws-outposts/local-clusters-for-amazon-eks-on-aws-outposts.pdf
Location-enabled Data Science with Precisely on AWS,Architecture Diagrams,https://docs.aws.amazon.com/pdfs/reference-architecture-diagrams/latest/location-enabled-data-science-with-precisely/Location-enabled Data Science with Precisely on AWS.pdf
Lodging Data Platform,Architecture diagrams for hospitality,https://docs.aws.amazon.com/pdfs/reference-architecture-diagrams/latest/lodging-data-platform/lodging-data-platform.pdf
Lodging Data Platform with Master Data Management,Architecture diagrams for hospitality,https://docs.aws.amazon.com/pdfs/reference-architecture-diagrams/latest/lodging-data-platform-mdm/lodging-data-platform-mdm.pdf
Log Analytics with Open Source Patterns,Architecture Diagrams,https://docs.aws.amazon.com/pdfs/reference-architecture-diagrams/latest/log-analytics-open-source-patterns/log-analytics-open-source-patterns.pdf
Logical Separation on AWS,AWS Whitepaper,https://docs.aws.amazon.com/pdfs/whitepapers/latest/logical-separation/logical-separation.pdf
LUMINAI Refinery Advisor on AWS,Architecture Diagrams,https://docs.aws.amazon.com/pdfs/reference-architecture-diagrams/latest/luminai-refinery-advisor-on-aws/luminai-refinery-advisor-on-aws.pdf
Machine Learning Best Practices for Public Sector Organizations,AWS Whitepaper,https://docs.aws.amazon.com/pdfs/whitepapers/latest/ml-best-practices-public-sector-organizations/ml-best-practices-public-sector-organizations.pdf
Machine Learning Enabled Predictive Maintenance on AWS,Architecture diagrams for manufacturing,https://docs.aws.amazon.com/pdfs/reference-architecture-diagrams/latest/ml-predictive-maintenance/ml-predictive-maintenance.pdf
Machine Learning Lens,AWS Well-Architected Framework,https://docs.aws.amazon.com/pdfs/wellarchitected/latest/machine-learning-lens/wellarchitected-machine-learning-lens.pdf
Managed Integrations for AWS IoT Device Management,Developer Guide,https://docs.aws.amazon.com/pdfs/iot-mi/latest/devguide/iot-mi-dg.pdf
Managed Service for Apache Flink,Managed Service for Apache Flink Developer Guide,https://docs.aws.amazon.com/pdfs/managed-flink/latest/java/analytics-java-api.pdf
Management and Governance Cloud Environment Guide,AWS Well-Architected Framework,https://docs.aws.amazon.com/pdfs/wellarchitected/latest/management-and-governance-guide/management-and-governance-cloud-environment-guide.pdf
Managing Inserts and Upserts in a Serverless Data Lake,Architecture Diagrams,https://docs.aws.amazon.com/pdfs/reference-architecture-diagrams/latest/serverless-data-lake-inserts-upserts/serverless-data-lake-inserts-upserts.pdf
Manufacturing Data Lake on AWS,Architecture diagrams for manufacturing,https://docs.aws.amazon.com/pdfs/reference-architecture-diagrams/latest/manufacturing-data-lake/manufacturing-data-lake.pdf
Manufacturing on AWS,Architecture diagrams for manufacturing,https://docs.aws.amazon.com/pdfs/reference-architecture-diagrams/latest/manufacturing-on-aws/manufacturing-on-aws.pdf
Massive Scale Real-Time Messaging for Multiplayer Games,Architecture Diagrams Game Tech,https://docs.aws.amazon.com/pdfs/reference-architecture-diagrams/latest/massive-scale-real-time-messaging-multiplayer-games/massive-scale-real-time-messaging-multiplayer-games.pdf
Media Exchange on AWS,Implementation Guide,https://docs.aws.amazon.com/pdfs/solutions/latest/media-exchange-on-aws/media-exchange-on-aws.pdf
Media Services Application Mapper on AWS,Implementation Guide,https://docs.aws.amazon.com/pdfs/solutions/latest/media-services-application-mapper-on-aws/media-services-application-mapper-on-aws.pdf
Media2Cloud on AWS,Implementation Guide,https://docs.aws.amazon.com/pdfs/solutions/latest/media2cloud-on-aws/media2cloud.pdf
MediaConvert,User Guide,https://docs.aws.amazon.com/pdfs/mediaconvert/latest/ug/mediaconvert-guide.pdf
MediaLive,User Guide,https://docs.aws.amazon.com/pdfs/medialive/latest/ug/medialive-ug.pdf
Mergers and Acquisitions Lens,AWS Well-Architected Framework,https://docs.aws.amazon.com/pdfs/wellarchitected/latest/mergers-and-acquisitions-lens/mergers-and-acquisitions-lens.pdf
Meter Data Analytics for Utilities,Architecture diagrams for power and utilities,https://docs.aws.amazon.com/pdfs/reference-architecture-diagrams/latest/meter-data-analytics-utilities/meter-data-analytics-utilities.pdf
Microservices-based Headless DTC Website with Infosys Equinox on AWS,Architecture diagrams for retail,https://docs.aws.amazon.com/pdfs/reference-architecture-diagrams/latest/dtc-website-infosys-equinox/dtc-website-infosys-equinox.pdf
Microsoft SQL Server on Amazon EC2,User Guide,https://docs.aws.amazon.com/pdfs/sql-server-ec2/latest/userguide/sql-server-ec2.pdf
Microsoft Workloads Lens - AWS Well-Architected Framework,AWS Well-Architected Framework,https://docs.aws.amazon.com/pdfs/wellarchitected/latest/microsoft-workloads-lens/microsoft-workloads-lens.pdf
Migrate an ASP.NET Web Application to Elastic Beanstalk,Hands-on tutorials,https://docs.aws.amazon.com/pdfs/hands-on/latest/migrate-aspnet-web-application-elastic-beanstalk/migrate-aspnet-web-application-elastic-beanstalk.pdf
Migrate from RDS MySQL to Aurora MySQL in near zero downtime,Hands-on tutorials,https://docs.aws.amazon.com/pdfs/hands-on/latest/migrate-rdsmysql-to-auroramysql/migrate-rdsmysql-to-auroramysql.pdf
Migrating Magento Open Source or Adobe Commerce on Cloud Infrastructure Self-Service to AWS,AWS Whitepaper,https://docs.aws.amazon.com/pdfs/whitepapers/latest/migrating-magento-open-source-adobe-commerce-to-aws/migrating-magento-open-source-adobe-commerce-to-aws.pdf
Migrating Oracle E-Business Suite on AWS,AWS Whitepaper,https://docs.aws.amazon.com/pdfs/whitepapers/latest/migrating-oracle-e-business-suite/migrating-oracle-e-business-suite.pdf
Migrating to Apache HBase on Amazon S3 on Amazon EMR,Guidelines and Best Practices,https://docs.aws.amazon.com/pdfs/whitepapers/latest/migrate-apache-hbase-s3/migrate-apache-hbase-s3.pdf
Migration and Modernization Strategy for Integrated Eligibility Systems,AWS Whitepaper,https://docs.aws.amazon.com/pdfs/whitepapers/latest/migration-modernization-strategy-for-ies/migration-modernization-strategy-for-ies.pdf
Migration Assistant for Amazon OpenSearch Service,Implementation Guide,https://docs.aws.amazon.com/pdfs/solutions/latest/migration-assistant-for-amazon-opensearch-service/migration-assistant-for-amazon-opensearch-service.pdf
Migration from MongoDB to Amazon DocumentDB,Architecture Diagrams,https://docs.aws.amazon.com/pdfs/reference-architecture-diagrams/latest/migration-mongodb-documentdb/migration-mongodb-documentdb.pdf
Migration Hub Strategy Recommendations,User Guide,https://docs.aws.amazon.com/pdfs/migrationhub-strategy/latest/userguide/mhub-strategy-ug.pdf
Migration Launch Guide,,https://docs.aws.amazon.com/pdfs/transform/latest/launchguide/migration-launch-guide.pdf
Migration Lens,AWS Well-Architected Framework,https://docs.aws.amazon.com/pdfs/wellarchitected/latest/migration-lens/migration-lens.pdf
Mobile Apps for Location-based Engagement,AWS Reference Architecture Diagram,https://docs.aws.amazon.com/pdfs/architecture-diagrams/latest/mobile-apps-location-based-engagement/mobile-apps-location-based-engagement.pdf
Mobile Apps for Location-based Engagement,AWS Reference Architecture Diagram,https://docs.aws.amazon.com/pdfs/reference-architecture-diagrams/latest/mobile-apps-location-based-engagement/mobile-apps-location-based-engagement.pdf
Mobile In-App Purchase Validation on AWS,Architecture Diagrams Game Tech,https://docs.aws.amazon.com/pdfs/reference-architecture-diagrams/latest/mobile-in-app-purchase-validation/mobile-in-app-purchase-validation.pdf
Model Based Systems Engineering (MBSE) on AWS: From Migration to Innovation,AWS Whitepaper,https://docs.aws.amazon.com/pdfs/whitepapers/latest/model-based-systems-engineering/model-based-systems-engineering.pdf
Model Explainability with AWS Artificial Intelligence and Machine Learning Solutions,AWS Whitepaper,https://docs.aws.amazon.com/pdfs/whitepapers/latest/model-explainability-aws-ai-ml/model-explainability-aws-ai-ml.pdf
Moderating Image Content in Slack with Amazon Rekognition and Amazon AppFlow,Technical guide,https://docs.aws.amazon.com/pdfs/whitepapers/latest/moderating-image-content-in-slack/moderating-image-content-in-slack.pdf
Modern Application Development on AWS,AWS Whitepaper,https://d1.awsstatic.com/whitepapers/modern-application-development-on-aws.pdf
Modern Data Analytics Reference Architecture on AWS,Architecture Diagrams,https://docs.aws.amazon.com/pdfs/reference-architecture-diagrams/latest/modern-data-analytics-on-aws/modern-data-analytics-on-aws.pdf
Modern Data Architecture Accelerator,Implementation Guide,https://docs.aws.amazon.com/pdfs/solutions/latest/modern-data-architecture-accelerator/modern-data-architecture-accelerator.pdf
Modern Data Architecture Rationales on AWS,AWS Whitepaper,https://docs.aws.amazon.com/pdfs/whitepapers/latest/modern-data-architecture-rationales-on-aws/modern-data-architecture-rationales-on-aws.pdf
Modern Data Platform Using AWS and Snowflake,Architecture Diagrams,https://docs.aws.amazon.com/pdfs/reference-architecture-diagrams/latest/data-platform-aws-snowflake/data-platform-aws-snowflake.pdf
Modern Data Platform Using AWS and Teradata,Architecture Diagrams,https://docs.aws.amazon.com/pdfs/reference-architecture-diagrams/latest/data-platform-aws-teradata/data-platform-aws-teradata.pdf
Modern Industrial Data Technology Lens,AWS Well-Architected Framework,https://docs.aws.amazon.com/pdfs/wellarchitected/latest/modern-industrial-data-technology-lens/modern-industrial-data-technology-lens.pdf
Modern Serverless Mobile/Web Application Architecture,Architecture Diagrams,https://docs.aws.amazon.com/pdfs/reference-architecture-diagrams/latest/modern-serverless-mobile-web/modern-serverless-mobile-web.pdf
Modernize Applications with Microservices Using Amazon EKS,Architecture Diagrams,https://docs.aws.amazon.com/pdfs/reference-architecture-diagrams/latest/modernize-applications-with-microservices-using-amazon-eks/modernize-applications-with-microservices-using-amazon-eks.pdf
Modular Cloud Studio on AWS,Implementation Guide,https://docs.aws.amazon.com/pdfs/solutions/latest/modular-cloud-studio-on-aws/modular-cloud-studio-on-aws.pdf
Monitoring River Levels Using LoRaWAN,Implementation Guide,https://docs.aws.amazon.com/pdfs/whitepapers/latest/monitoring-river-levels-using-lorawan/monitoring-river-levels-using-lorawan.pdf
Moodle for High Availability on AWS,"Highly available, scalable and elastic open source Learning Management System",https://docs.aws.amazon.com/pdfs/reference-architecture-diagrams/latest/moodle-for-high-availability-on-aws/moodle-for-high-availability-on-aws.pdf
Moodle Reference Architecture,Moodle Reference Architecture,https://docs.aws.amazon.com/pdfs/reference-architecture-diagrams/latest/moodle-learning-management-system-on-aws/moodle-learning-management-system-on-aws.pdf
Multi-Model Inference Workflow Orchestration,Architecture Diagrams,https://docs.aws.amazon.com/pdfs/reference-architecture-diagrams/latest/multi-model-inference-orchestration/multi-model-inference-orchestration.pdf
Multi-party approval,User Guide,https://docs.aws.amazon.com/pdfs/mpa/latest/userguide/mpa-ug.pdf
Multi-region API Gateway with CloudFront,AWS Reference Architecture Diagram,https://docs.aws.amazon.com/pdfs/architecture-diagrams/latest/multi-region-api-gateway-with-cloudfront/multi-region-api-gateway-with-cloudfront.pdf
Multi-region API Gateway with CloudFront,AWS Reference Architecture Diagram,https://docs.aws.amazon.com/pdfs/reference-architecture-diagrams/latest/multi-region-api-gateway-with-cloudfront/multi-region-api-gateway-with-cloudfront.pdf
Multi-Region CQRS for On-Premises Monoliths,Architecture Diagrams,https://docs.aws.amazon.com/pdfs/reference-architecture-diagrams/latest/multi-region-cqrs-monoliths/multi-region-cqrs-monoliths.pdf
Multi-Region Custom-Domain AppSync Proxy API,Architecture Diagrams,https://docs.aws.amazon.com/pdfs/reference-architecture-diagrams/latest/multi-region-appsync-proxy/multi-region-appsync-proxy.pdf
Multi-Region GraphQL API with CloudFront,Architecture Diagrams,https://docs.aws.amazon.com/pdfs/reference-architecture-diagrams/latest/multi-region-graphql-cloudfront/multi-region-graphql-cloudfront.pdf
Multicast Reference Architectures with AWS Transit Gateway,Architecture Diagrams,https://docs.aws.amazon.com/pdfs/reference-architecture-diagrams/latest/multicast-transit-gateway/multicast-transit-gateway.pdf
Multiplayer Session-based Game Hosting on AWS,Architecture Diagrams Game Tech,https://docs.aws.amazon.com/pdfs/reference-architecture-diagrams/latest/multiplayer-session-based-game-hosting-on-aws/multiplayer-session-based-game-hosting-on-aws.pdf
Māori Data Lens,AWS Well-Architected Framework,https://docs.aws.amazon.com/pdfs/wellarchitected/latest/maori-data-lens/maori-data-lens.pdf
Navigating GDPR Compliance on AWS,AWS Whitepaper,https://docs.aws.amazon.com/pdfs/whitepapers/latest/navigating-gdpr-compliance/navigating-gdpr-compliance.pdf
Navigating the security landscape of generative AI,AWS Whitepaper,https://d1.awsstatic.com/whitepapers/compliance/Navigating_the_security_landscape_of_generative_AI.pdf
Near Real-Time IoT Analytics with AWS and IBM CP4D,Architecture Diagrams,https://docs.aws.amazon.com/pdfs/reference-architecture-diagrams/latest/iot-analytics-with-aws-ibm-cp4d/iot-analytics-with-aws-ibm-cp4d.pdf
Neptune Analytics,Neptune Analytics User Guide,https://docs.aws.amazon.com/pdfs/neptune-analytics/latest/userguide/graph-guide.pdf
Neptune Data API,Welcome,https://docs.aws.amazon.com/pdfs/neptune/latest/data-api/neptunedata.pdf
NeptuneAnalyticsAPI,Welcome,https://docs.aws.amazon.com/pdfs/neptune-analytics/latest/apiref/neptune-graph-api.pdf
Netcracker Active Resource Inventory on AWS,AWS Whitepaper,https://docs.aws.amazon.com/pdfs/whitepapers/latest/netcracker-active-resource-inventory-on-aws/netcracker-active-resource-inventory-on-aws.pdf
Next-Generation Mobile Private Networks Powered by AWS,AWS Whitepaper,https://docs.aws.amazon.com/pdfs/whitepapers/latest/mobile-private-networks/mobile-private-networks.pdf
Next-Generation OSS with AWS,AWS Whitepaper,https://docs.aws.amazon.com/pdfs/whitepapers/latest/next-generation-oss/next-generation-oss.pdf
o9 Demand Planning for CPG,Architecture diagrams for retail,https://docs.aws.amazon.com/pdfs/reference-architecture-diagrams/latest/o9-demand-planning-cpg/o9-demand-planning-cpg.pdf
"Observability with Logs, Traces, and Metrics",Architecture Diagrams,https://docs.aws.amazon.com/pdfs/reference-architecture-diagrams/latest/observability-logs-traces-metrics/observability-logs-traces-metrics.pdf
Omni-channel Customer Engagement for Airlines,Architecture Diagrams,https://docs.aws.amazon.com/pdfs/reference-architecture-diagrams/latest/omni-channel-customer-engagement-for-airlines/omni-channel-customer-engagement-for-airlines.pdf
Omni-channel Customer Engagement for Lodging,Architecture diagrams for hospitality,https://docs.aws.amazon.com/pdfs/reference-architecture-diagrams/latest/omni-channel-customer-engagement-lodging/omni-channel-customer-engagement-lodging.pdf
Open Banking on AWS,Architecture diagrams for financial services,https://docs.aws.amazon.com/pdfs/reference-architecture-diagrams/latest/open-banking-on-aws/open-banking-on-aws.pdf
Open edX on AWS,Architecture Diagrams,https://docs.aws.amazon.com/pdfs/reference-architecture-diagrams/latest/open-edx-for-high-availability-on-aws/open-edx-for-high-availability-on-aws.pdf
Open Radio Access Network Architecture on AWS,AWS Whitepaper,https://docs.aws.amazon.com/pdfs/whitepapers/latest/open-radio-access-network-architecture-on-aws/open-radio-access-network-architecture-on-aws.pdf
OpenText InfoArchive Architecture Using Amazon EKS and Amazon RDS,Architecture Diagrams,https://docs.aws.amazon.com/pdfs/reference-architecture-diagrams/latest/opentext-infoarchive-architecture-using-amazon-eks/opentext-infoarchive-architecture-using-amazon-eks.pdf
Operational Analytics Pipeline on AWS,Batch and real-time operational analytics on a modern data architecture,https://docs.aws.amazon.com/pdfs/reference-architecture-diagrams/latest/operational-analytics-pipeline/operational-analytics-pipeline.pdf
Operational Excellence Pillar,AWS Well-Architected Framework,https://docs.aws.amazon.com/pdfs/wellarchitected/latest/operational-excellence-pillar/wellarchitected-operational-excellence-pillar.pdf
Operational Readiness Reviews (ORR),AWS Well-Architected Framework,https://docs.aws.amazon.com/pdfs/wellarchitected/latest/operational-readiness-reviews/operational-readiness-reviews.pdf
Optimizing Enterprise Economics with Serverless Architectures,AWS Whitepaper,https://docs.aws.amazon.com/pdfs/whitepapers/latest/optimizing-enterprise-economics-with-serverless/optimizing-enterprise-economics-with-serverless.pdf
Optimizing MySQL Running on Amazon EC2 Using Amazon EBS,AWS Whitepaper,https://docs.aws.amazon.com/pdfs/whitepapers/latest/optimizing-mysql-on-ec2-using-amazon-ebs/optimizing-mysql-on-ec2-using-amazon-ebs.pdf
Optimizing PostgreSQL Running on Amazon EC2 Using Amazon EBS,AWS Whitepaper,https://docs.aws.amazon.com/pdfs/whitepapers/latest/optimizing-postgresql-on-ec2-using-ebs/optimizing-postgresql-on-ec2-using-ebs.pdf
Oracle Commerce Lift-and-Shift to AWS,Architecture diagrams for retail,https://docs.aws.amazon.com/pdfs/reference-architecture-diagrams/latest/oracle-commerce-lift-shift/oracle-commerce-lift-shift.pdf
Oracle Data Workload Migration to AWS Cloud,Architecture Diagrams,https://docs.aws.amazon.com/pdfs/reference-architecture-diagrams/latest/oracle-data-workload-migration/oracle-data-workload-migration.pdf
Oracle Database@AWS,Oracle Database@AWS User Guide,https://docs.aws.amazon.com/pdfs/odb/latest/UserGuide/odb-ug.pdf
Oracle E-Business Suite on AWS,Architecture Diagrams,https://docs.aws.amazon.com/pdfs/reference-architecture-diagrams/latest/oracle-e-business-suite-on-aws/oracle-e-business-suite-on-aws.pdf
Oracle PeopleSoft on AWS,Architecture Diagrams,https://docs.aws.amazon.com/pdfs/reference-architecture-diagrams/latest/oracle-peoplesoft-on-aws/oracle-peoplesoft-on-aws.pdf
Oracle to Aurora MySQL Migration Playbook,Oracle Database 19c to Amazon Aurora MySQL Migration Playbook,https://docs.aws.amazon.com/pdfs/dms/latest/oracle-to-aurora-mysql-migration-playbook/dms-mpb-oracle-to-aurora-mysql.pdf
Oracle to Aurora PostgreSQL Migration Playbook,Oracle Database 19c to Amazon Aurora PostgreSQL Migration Playbook,https://docs.aws.amazon.com/pdfs/dms/latest/oracle-to-aurora-postgresql-migration-playbook/dms-mpb-oracle-to-aurora-postgresql.pdf
Organizing Your AWS Environment Using Multiple Accounts,AWS Whitepaper,https://docs.aws.amazon.com/pdfs/whitepapers/latest/organizing-your-aws-environment/organizing-your-aws-environment.pdf
Overview of Amazon Web Services,AWS Whitepaper,https://docs.aws.amazon.com/pdfs/whitepapers/latest/aws-overview/aws-overview.pdf
Overview of Deployment Options on AWS,AWS Whitepaper,https://docs.aws.amazon.com/pdfs/whitepapers/latest/overview-deployment-options/overview-deployment-options.pdf
Overview of Oracle E-Business Suite on AWS,AWS Whitepaper,https://docs.aws.amazon.com/pdfs/whitepapers/latest/overview-oracle-e-business-suite/overview-oracle-e-business-suite.pdf
Overview of the AWS European Sovereign Cloud,AWS Whitepaper,https://d1.awsstatic.com/onedam/marketing-channels/website/aws/en_US/whitepapers/compliance/Overview_of_the_AWS_European_Sovereign_Cloud.pdf
Overview of the Samsung Push to Talk (PTT) Solution on AWS,AWS Whitepaper,https://docs.aws.amazon.com/pdfs/whitepapers/latest/samsung-ptt-aws/samsung-ptt-aws.pdf
Paginated Search with Purpose-Built Databases,Architecture Diagrams,https://docs.aws.amazon.com/pdfs/reference-architecture-diagrams/latest/paginated-search-databases/paginated-search-databases.pdf
Parallel API Composition in AWS,Architecture Diagrams,https://docs.aws.amazon.com/pdfs/reference-architecture-diagrams/latest/parallel-api-composition/parallel-api-composition.pdf
Patient Outcome Prediction,Architecture diagrams for healthcare,https://docs.aws.amazon.com/pdfs/reference-architecture-diagrams/latest/patient-outcome-prediction/patient-outcome-prediction.pdf
Patterns for Ingesting SaaS Data into AWS Data Lakes,AWS Whitepaper,https://docs.aws.amazon.com/pdfs/whitepapers/latest/patterns-for-ingesting-saas-data-into-aws-data-lakes/patterns-for-ingesting-saas-data-into-aws-data-lakes.pdf
Payment Card Industry Data Security Standard (PCI DSS) 3.2.1 on AWS,Compliance Guide,https://docs.aws.amazon.com/pdfs/whitepapers/latest/pci-dss-3-2-1-on-aws/pci-dss-3-2-1-on-aws.pdf
Payment System Interface Modernization on AWS,Modern Cloud-Native Payment Systems,https://docs.aws.amazon.com/pdfs/reference-architecture-diagrams/latest/payment-system-interface-modernization/payment-system-interface-modernization.pdf
Payor Strategic Focus Areas,"Unleash data-driven innovation to modernize core payor functions, leverage advanced analytics for business value, and deliver superior customer experiences on AWS",https://docs.aws.amazon.com/pdfs/reference-architecture-diagrams/latest/healthcare-payor-strategic-focus-areas/healthcare-payor-strategic-focus-areas.pdf
Performance Dashboard on AWS,Implementation Guide,https://docs.aws.amazon.com/pdfs/solutions/latest/performance-dashboard-on-aws/performance-dashboard-on-aws.pdf
Performance Efficiency Pillar,AWS Well-Architected Framework,https://docs.aws.amazon.com/pdfs/wellarchitected/latest/performance-efficiency-pillar/wellarchitected-performance-efficiency-pillar.pdf
Performance Testing on AWS,AWS Journey,https://docs.aws.amazon.com/pdfs/solutions/latest/performance-testing/performance-testing-journey.pdf
Personalization and Predictive Consumer Engagement for CPG,Architecture diagrams for retail,https://docs.aws.amazon.com/pdfs/reference-architecture-diagrams/latest/predictive-consumer-engagement-cpg/predictive-consumer-engagement-cpg.pdf
Personalization in Magento eCommerce on AWS for CPG,Architecture diagrams for retail,https://docs.aws.amazon.com/pdfs/reference-architecture-diagrams/latest/magento-personalization-cpg/magento-personalization-cpg.pdf
Personalization Using AI/ML for Airlines,Architecture diagrams for travel,https://docs.aws.amazon.com/pdfs/reference-architecture-diagrams/latest/personalization-ai-ml-airlines/personalization-ai-ml-airlines.pdf
Personalization Using AI/ML for Lodging,Architecture diagrams for hospitality,https://docs.aws.amazon.com/pdfs/reference-architecture-diagrams/latest/personalization-ai-ml-lodging/personalization-ai-ml-lodging.pdf
Plagiarism Detection Architecture,Architecture Diagrams,https://docs.aws.amazon.com/pdfs/reference-architecture-diagrams/latest/plagiarism-detection-architecture/plagiarism-detection-architecture.pdf
Planning your AI-Powered Business Journey with Accenture on AWS,AWS Whitepaper,https://docs.aws.amazon.com/pdfs/whitepapers/latest/planning-ai-business-journey-with-accenture-on-aws/planning-ai-business-journey-with-accenture-on-aws.pdf
Player Churn Prediction and Retention,Architecture Diagrams Game Tech,https://docs.aws.amazon.com/pdfs/reference-architecture-diagrams/latest/player-churn-prediction-retention/player-churn-prediction-retention.pdf
Porting Assistant for .NET,User Guide,https://docs.aws.amazon.com/pdfs/portingassistant/latest/userguide/portingassistant-ug.pdf
Power Grid Simulation with High Performance Computing on AWS,Architecture Diagrams,https://docs.aws.amazon.com/pdfs/reference-architecture-diagrams/latest/power-grid-simulation-with-high-performance-computing/power-grid-simulation-with-high-performance-computing.pdf
Powering Multiple Contact Centers with GenAI Using Amazon Bedrock,Architecture Diagrams,https://docs.aws.amazon.com/pdfs/reference-architecture-diagrams/latest/powering-multiple-contact-centers-with-gen-ai-using-amazon-bedrock/powering-multiple-contact-centers-with-gen-ai-using-amazon-bedrock.pdf
Practicing Continuous Integration and Continuous Delivery on AWS,AWS Whitepaper,https://docs.aws.amazon.com/pdfs/whitepapers/latest/practicing-continuous-integration-continuous-delivery/practicing-continuous-integration-continuous-delivery.pdf
Predict Vessel Time of Arrival at Berth,Architecture diagrams for transportation and logistics,https://docs.aws.amazon.com/pdfs/reference-architecture-diagrams/latest/predict-vessel-time-of-arrival/predict-vessel-time-of-arrival.pdf
Predictive Equipment Health for Utilities,Architecture diagrams for power and utilities,https://docs.aws.amazon.com/pdfs/reference-architecture-diagrams/latest/predictive-equipment-health-utilities/predictive-equipment-health-utilities.pdf
Predictive Maintenance for Fleets,Architecture diagrams for transportation and logistics,https://docs.aws.amazon.com/pdfs/reference-architecture-diagrams/latest/predictive-maintenance-for-fleets/predictive-maintenance-for-fleets.pdf
Predictive Maintenance on AWS using Aspen Mtell,Architecture diagrams for manufacturing,https://docs.aws.amazon.com/pdfs/reference-architecture-diagrams/latest/aspen-mtell-predictive-maintenance/aspen-mtell-predictive-maintenance.pdf
Predictive Modeling for Automotive Retail,Architecture Diagrams Automotive,https://docs.aws.amazon.com/pdfs/reference-architecture-diagrams/latest/predictive-modeling-automotive-retail/predictive-modeling-automotive-retail.pdf
Prepare Training Data for Machine Learning with Minimal Code,Hands-on tutorials,https://docs.aws.amazon.com/pdfs/hands-on/latest/machine-learning-tutorial-prepare-data-with-minimal-code/machine-learning-tutorial-prepare-data-with-minimal-code.pdf
Producing Data to InforOS over SFTP,Architecture diagrams for manufacturing,https://docs.aws.amazon.com/pdfs/reference-architecture-diagrams/latest/producing-data-to-inforos/producing-data-to-inforos.pdf
Product Recommendations Powered by Neo4j,Architecture diagrams for financial services,https://docs.aws.amazon.com/pdfs/reference-architecture-diagrams/latest/product-recommendations-neo4j/product-recommendations-neo4j.pdf
Property Optimizer for Lodging,Architecture diagrams for hospitality,https://docs.aws.amazon.com/pdfs/reference-architecture-diagrams/latest/property-optimizer-lodging/property-optimizer-lodging.pdf
PROS Revenue Management Platform on AWS,Architecture diagrams for travel,https://docs.aws.amazon.com/pdfs/reference-architecture-diagrams/latest/pros-revenue-management/pros-revenue-management.pdf
Protect Your Data with HYOK Solutions by Baffle DPS,Architecture Diagrams,https://docs.aws.amazon.com/pdfs/reference-architecture-diagrams/latest/hyok-baffle-dps/hyok-baffle-dps.pdf
Protegrity Data Protection for Amazon S3 and Snowflake,Architecture Diagrams,https://docs.aws.amazon.com/pdfs/reference-architecture-diagrams/latest/protegrity-data-protection-for-amazon-s3-and-snowflake/protegrity-data-protection-for-amazon-s3-and-snowflake.pdf
Provide DaaS to Fleet Customers,Architecture diagrams for transportation and logistics,https://docs.aws.amazon.com/pdfs/reference-architecture-diagrams/latest/provide-daas-to-fleet-customers/provide-daas-to-fleet-customers.pdf
PTC Creo on Amazon WorkSpaces Applications – Amazon EC2-based File Share for Users,Architecture Diagrams,https://docs.aws.amazon.com/pdfs/reference-architecture-diagrams/latest/ptc-creo-deployment-options-on-aws/ptc-creo-deployment-options-on-aws.pdf
PTC Windchill Product Lifecycle Management on AWS,Architecture diagrams for manufacturing,https://docs.aws.amazon.com/pdfs/reference-architecture-diagrams/latest/ptc-windchill-plm/ptc-windchill-plm.pdf
Public Sector Cloud Transformation,An AWS how-to guide,https://docs.aws.amazon.com/pdfs/whitepapers/latest/public-sector-cloud-transformation/public-sector-cloud-transformation.pdf
Publish a .NET Application to a Windows Server 2022 Instance in Amazon Lightsail,Hands-on tutorials,https://docs.aws.amazon.com/pdfs/hands-on/latest/host-net-web-app/host-net-web-app.pdf
Pull Request Continuous Integration,Architecture Diagrams,https://docs.aws.amazon.com/pdfs/reference-architecture-diagrams/latest/pull-request-continuous-integration/pull-request-continuous-integration.pdf
QnABot on AWS,Implementation guide,https://docs.aws.amazon.com/pdfs/solutions/latest/qnabot-on-aws/qnabot-on-aws.pdf
Quantum Computing Exploration for Drug Discovery on AWS,Implementation Guide,https://docs.aws.amazon.com/pdfs/solutions/latest/quantum-computing-exploration-for-drug-discovery-on-aws/quantum-computing-exploration-for-drug-discovery-on-aws.pdf
Quota Monitor for AWS,Implementation Guide,https://docs.aws.amazon.com/pdfs/solutions/latest/quota-monitor-for-aws/quota-monitor-for-aws.pdf
Ransomware Risk Management on AWS Using the NIST Cyber Security Framework (CSF),AWS Whitepaper,https://docs.aws.amazon.com/pdfs/whitepapers/latest/ransomware-risk-management-on-aws-using-nist-csf/ransomware-risk-management-on-aws-using-nist-csf.pdf
Reactive Systems on AWS,AWS Whitepaper,https://docs.aws.amazon.com/pdfs/whitepapers/latest/reactive-systems-on-aws/reactive-systems-on-aws.pdf
ReadForMe,Architecture Diagrams,https://docs.aws.amazon.com/pdfs/reference-architecture-diagrams/latest/readforme/readforme.pdf
Real-Time Casino Player Analytics,AWS Reference Architecture Diagram,https://docs.aws.amazon.com/pdfs/reference-architecture-diagrams/latest/real-time-player-casino-analytics/real-time-player-casino-analytics.pdf
Real-Time Communication on AWS,AWS Whitepaper,https://docs.aws.amazon.com/pdfs/whitepapers/latest/real-time-communication-on-aws/real-time-communication-on-aws.pdf
Real-Time Fraud Detection Powered by Redis Enterprise Cloud,Architecture diagrams for financial services,https://docs.aws.amazon.com/pdfs/reference-architecture-diagrams/latest/realtime-fraud-detection-redis/realtime-fraud-detection-redis.pdf
Red Hat OpenShift Service on AWS,User Guide,https://docs.aws.amazon.com/pdfs/rosa/latest/userguide/ROSA-guide.pdf
Reducing the Scope of Impact with Cell-Based Architecture,AWS Well-Architected,https://docs.aws.amazon.com/pdfs/wellarchitected/latest/reducing-scope-of-impact-with-cell-based-architecture/reducing-scope-of-impact-with-cell-based-architecture.pdf
Reference Architectures for Implementing SD-WAN Solutions on AWS,Architecture Diagrams,https://docs.aws.amazon.com/pdfs/reference-architecture-diagrams/latest/sd-wan-solutions/sd-wan-solutions.pdf
Rekognition,Custom Labels Guide,https://docs.aws.amazon.com/pdfs/rekognition/latest/customlabels-dg/Rekognition Custom Labels.pdf
Reliability Pillar,AWS Well-Architected Framework,https://docs.aws.amazon.com/pdfs/wellarchitected/latest/reliability-pillar/wellarchitected-reliability-pillar.pdf
Remote Desktop for Electronic Design Automation,Architecture diagrams for electronics,https://docs.aws.amazon.com/pdfs/reference-architecture-diagrams/latest/remote-desktop-eda/remote-desktop-eda.pdf
Render Farm Deployment Kit on AWS,Developer Guide,https://docs.aws.amazon.com/pdfs/rfdk/latest/guide/rfdk-guide.pdf
Replatform .NET Applications with Windows Containers,AWS Technical Guide,https://docs.aws.amazon.com/pdfs/whitepapers/latest/replatform-dotnet-apps-with-windows-containers/replatform-dotnet-apps-with-windows-containers.pdf
Replaying Parallel Requests to Break a Monolith,Architecture Diagrams,https://docs.aws.amazon.com/pdfs/reference-architecture-diagrams/latest/replaying-parallel-requests/replaying-parallel-requests.pdf
Research and Engineering Studio,User Guide,https://docs.aws.amazon.com/pdfs/res/archive/release-minus-1/ug/res-ug-minus-1.pdf
Research and Engineering Studio,User Guide,https://docs.aws.amazon.com/pdfs/res/archive/release-minus-3/ug/res-ug-minus-3.pdf
Research and Engineering Studio,User Guide,https://docs.aws.amazon.com/pdfs/res/archive/release-minus-2/ug/res-ug-minus-2.pdf
Research and Engineering Studio,User Guide,https://docs.aws.amazon.com/pdfs/res/archive/release-minus-4/ug/res-ug-minus-4.pdf
Research and Engineering Studio,User Guide,https://docs.aws.amazon.com/pdfs/res/latest/ug/res-ug.pdf
Research Service Workbench on AWS,Implementation Guide,https://docs.aws.amazon.com/pdfs/solutions/latest/research-service-workbench-on-aws/research-service-workbench-on-aws.pdf
Resilient AWS IoT Events Alarm for AWS IoT SiteWise,Architecture diagrams for manufacturing,https://docs.aws.amazon.com/pdfs/reference-architecture-diagrams/latest/resilient-iot-events-alarm-sitewise/resilient-iot-events-alarm-sitewise.pdf
Response Planning on AWS using Aera,Architecture diagrams for retail,https://docs.aws.amazon.com/pdfs/reference-architecture-diagrams/latest/response-planning-aera/response-planning-aera.pdf
Responsible AI Lens,AWS Whitepaper,https://docs.aws.amazon.com/pdfs/wellarchitected/latest/responsible-ai-lens/responsible-ai-lens.pdf
Retail Customer Service Contact Center,Architecture diagrams for retail,https://docs.aws.amazon.com/pdfs/reference-architecture-diagrams/latest/retail-contact-center/retail-contact-center.pdf
Retail Customer Service Contact Center Using Amazon Connect,Architecture Diagrams,https://docs.aws.amazon.com/pdfs/reference-architecture-diagrams/latest/retail-customer-service-contact-center/retail-customer-service-contact-center.pdf
Revenue Growth Management System on AWS,Architecture diagrams for retail,https://docs.aws.amazon.com/pdfs/reference-architecture-diagrams/latest/revenue-growth-management-system/revenue-growth-management-system.pdf
Revenue Management Architecture for Airlines,Architecture diagrams for travel,https://docs.aws.amazon.com/pdfs/reference-architecture-diagrams/latest/revenue-management-airlines/revenue-management-airlines.pdf
Revenue Management Architecture for Lodging,Architecture diagrams for hospitality,https://docs.aws.amazon.com/pdfs/reference-architecture-diagrams/latest/revenue-management-lodging/revenue-management-lodging.pdf
Right Sizing: Provisioning Instances to Match Workloads,AWS Whitepaper,https://d1.awsstatic.com/whitepapers/cost-optimization-right-sizing.pdf
Robotic Processing: Automation and VDI on AWS,Architecture diagrams for manufacturing,https://docs.aws.amazon.com/pdfs/reference-architecture-diagrams/latest/robotic-processing-automation-vdi/robotic-processing-automation-vdi.pdf
Run Machine Learning Algorithms with Satellite Data,Architecture Diagrams,https://docs.aws.amazon.com/pdfs/reference-architecture-diagrams/latest/ml-satellite-data/ml-satellite-data.pdf
Run Semiconductor Design Workflows on AWS,AWS Technical Guide,https://docs.aws.amazon.com/pdfs/whitepapers/latest/run-semiconductor-workflows-on-aws/run-semiconductor-workflows-on-aws.pdf
Running Containerized Microservices on AWS,AWS Whitepaper,https://docs.aws.amazon.com/pdfs/whitepapers/latest/running-containerized-microservices/running-containerized-microservices.pdf
Running SAS Grid on AWS,Architecture Diagrams,https://docs.aws.amazon.com/pdfs/reference-architecture-diagrams/latest/sas-grid-on-aws/sas-grid-on-aws.pdf
SaaS Architecture Fundamentals,AWS Whitepaper,https://docs.aws.amazon.com/pdfs/whitepapers/latest/saas-architecture-fundamentals/saas-architecture-fundamentals.pdf
SaaS Journey Framework: Building a New SaaS Solution on AWS,AWS Whitepaper,https://docs.aws.amazon.com/pdfs/whitepapers/latest/saas-journey-framework/saas-journey-framework.pdf
SaaS Lens,AWS Well-Architected Framework,https://docs.aws.amazon.com/pdfs/wellarchitected/latest/saas-lens/wellarchitected-saas-lens.pdf
SaaS Solutions on AWS: Tenant Isolation Architectures,AWS Whitepaper,https://docs.aws.amazon.com/pdfs/whitepapers/latest/saas-solutions-tenant-isolation-architectures/saas-solutions-tenant-isolation-architectures.pdf
SaaS Storage Strategies,Building a multitenant storage model on AWS,https://docs.aws.amazon.com/pdfs/whitepapers/latest/multi-tenant-saas-storage-strategies/multi-tenant-saas-storage-strategies.pdf
SaaS Tenant Isolation Strategies: Isolating Resources in a Multi-Tenant Environment,AWS Whitepaper,https://docs.aws.amazon.com/pdfs/whitepapers/latest/saas-tenant-isolation-strategies/saas-tenant-isolation-strategies.pdf
SageMaker Studio Administration Best Practices,AWS Whitepaper,https://docs.aws.amazon.com/pdfs/whitepapers/latest/sagemaker-studio-admin-best-practices/sagemaker-studio-admin-best-practices.pdf
SAP BusinessObjects on AWS,SAP BusinessObjects Guides,https://docs.aws.amazon.com/pdfs/sap/latest/sap-businessobjects/sap-businessobjects.pdf
SAP HANA on AWS,SAP HANA Guides,https://docs.aws.amazon.com/pdfs/sap/latest/sap-hana/sap-hana.pdf
SAP Lens,AWS Well-Architected Framework,https://docs.aws.amazon.com/pdfs/wellarchitected/latest/sap-lens/sap-lens.pdf
SAP NetWeaver on AWS,SAP NetWeaver Guides,https://docs.aws.amazon.com/pdfs/sap/latest/sap-netweaver/sap-netweaver.pdf
Satellite Mission Operations Center,Architecture Diagrams,https://docs.aws.amazon.com/pdfs/reference-architecture-diagrams/latest/satellite-mission-operations-center/satellite-mission-operations-center.pdf
Satellite Operator Development and Test Resiliency,Architecture diagrams for aerospace,https://docs.aws.amazon.com/pdfs/reference-architecture-diagrams/latest/satellite-operator-dev-test-resiliency/satellite-operator-dev-test-resiliency.pdf
Savings Plans,User Guide,https://docs.aws.amazon.com/pdfs/savingsplans/latest/userguide/savingsplans.pdf
Scale Geospatial Data Lakes on AWS,Architecture Diagrams,https://docs.aws.amazon.com/pdfs/reference-architecture-diagrams/latest/scale-geospatial-data-lakes/scale-geospatial-data-lakes.pdf
Scaling PHP Applications on AWS,Architecture Diagrams,https://docs.aws.amazon.com/pdfs/reference-architecture-diagrams/latest/scaling-php-applications/scaling-php-applications.pdf
Scaling Synopsys SiliconSmart on AWS,Architecture diagrams for electronics,https://docs.aws.amazon.com/pdfs/reference-architecture-diagrams/latest/scaling-synopsys-siliconsmart/scaling-synopsys-siliconsmart.pdf
Scene Intelligence with Rosbag on AWS,Implementation Guide,https://docs.aws.amazon.com/pdfs/solutions/latest/scene-intelligence-with-rosbag-on-aws/scene-intelligence-with-rosbag-on-aws.pdf
SDDC Deployment and Best Practices Guide on AWS,AWS Whitepaper,https://docs.aws.amazon.com/pdfs/whitepapers/latest/sddc-deployment-and-best-practices/sddc-deployment-and-best-practices.pdf
Search and Booking Metrics in Travel and Hospitality,Architecture diagrams for hospitality,https://docs.aws.amazon.com/pdfs/reference-architecture-diagrams/latest/search-booking-metrics/search-booking-metrics.pdf
Search-Backed Applications,Architecture Diagrams,https://docs.aws.amazon.com/pdfs/reference-architecture-diagrams/latest/search-backed-applications/search-backed-applications.pdf
Secure Cloud Computing Architecture (SCCA) on AWS GovCloud,Architecture Diagrams,https://docs.aws.amazon.com/pdfs/reference-architecture-diagrams/latest/scca-govcloud/scca-govcloud.pdf
Secure HTAP Data Architecture Using TiDB Cloud,Architecture Diagrams,https://docs.aws.amazon.com/pdfs/reference-architecture-diagrams/latest/secure-htap-data-architecture-with-tidb-cloud/secure-htap-data-architecture-with-tidb-cloud.pdf
Secure Media Delivery at the Edge on AWS,Implementation Guide,https://docs.aws.amazon.com/pdfs/solutions/latest/secure-media-delivery-at-the-edge-on-aws/secure-media-delivery-at-the-edge-on-aws.pdf
Secure Packager and Encoder Key Exchange API Specification,Partner and customer guide,https://docs.aws.amazon.com/pdfs/speke/latest/documentation/speke.pdf
Secure Remote Worker Environment,Architecture Diagrams,https://docs.aws.amazon.com/pdfs/reference-architecture-diagrams/latest/secure-remote-worker/secure-remote-worker.pdf
Securely Access Services Over AWS PrivateLink,AWS Whitepaper,https://docs.aws.amazon.com/pdfs/whitepapers/latest/aws-privatelink/aws-privatelink.pdf
Securely Access TiDB Using AWS PrivateLink,Architecture Diagrams,https://docs.aws.amazon.com/pdfs/reference-architecture-diagrams/latest/tidb-privatelink/tidb-privatelink.pdf
Securing Custom Origins with AWS WAF,Architecture Diagrams,https://docs.aws.amazon.com/pdfs/reference-architecture-diagrams/latest/securing-custom-origins-waf/securing-custom-origins-waf.pdf
Securing Internet of Things (IoT) with AWS,AWS Whitepaper,https://docs.aws.amazon.com/pdfs/whitepapers/latest/securing-iot-with-aws/securing-iot-with-aws.pdf
Security at the Edge: Core Principles,AWS Whitepaper,https://docs.aws.amazon.com/pdfs/whitepapers/latest/security-at-the-edge/security-at-the-edge.pdf
Security Automations for AWS WAF,Implementation Guide,https://docs.aws.amazon.com/pdfs/solutions/latest/security-automations-for-aws-waf/security-automations-for-aws-waf.pdf
Security Best Practices for Manufacturing OT,AWS Whitepaper,https://docs.aws.amazon.com/pdfs/whitepapers/latest/security-best-practices-for-manufacturing-ot/security-best-practices-for-manufacturing-ot.pdf
Security Overview of Amazon API Gateway,AWS Whitepaper,https://docs.aws.amazon.com/pdfs/whitepapers/latest/security-overview-amazon-api-gateway/security-overview-amazon-api-gateway.pdf
Security Overview of Amazon EKS Auto Mode,AWS Whitepapers,https://d1.awsstatic.com/whitepapers/compliance/Security_Overview_of_Amazon_EKS_Auto_Mode.pdf
Security Pillar,AWS Well-Architected Framework,https://docs.aws.amazon.com/pdfs/wellarchitected/latest/security-pillar/wellarchitected-security-pillar.pdf
Security-rich API Management Using IBM API Connect on AWS,Architecture Diagrams,https://docs.aws.amazon.com/pdfs/reference-architecture-diagrams/latest/security-rich-api-management-using-ibm-api-connect/security-rich-api-management-using-ibm-api-connect.pdf
Semiconductor and Electronics on AWS,Architecture diagrams for electronics,https://docs.aws.amazon.com/pdfs/reference-architecture-diagrams/latest/semiconductor-electronics-on-aws/semiconductor-electronics-on-aws.pdf
Semiconductor Design on AWS,AWS Whitepaper,https://docs.aws.amazon.com/pdfs/whitepapers/latest/semiconductor-design-on-aws/semiconductor-design-on-aws.pdf
Send an Email with Amazon SES,Hands-on tutorials,https://docs.aws.amazon.com/pdfs/hands-on/latest/send-an-email-with-amazon-ses/send-an-email-with-amazon-ses.pdf
Send Fanout Event Notifications,Hands-on tutorials,https://docs.aws.amazon.com/pdfs/hands-on/latest/send-fanout-event-notifications/send-fanout-event-notifications.pdf
Send Messages Between Distributed Applications,Hands-on tutorials,https://docs.aws.amazon.com/pdfs/hands-on/latest/send-messages-distributed-applications/send-messages-distributed-applications.pdf
Server-Side Rendering Micro-Frontends in AWS,Architecture Diagrams,https://docs.aws.amazon.com/pdfs/reference-architecture-diagrams/latest/server-side-rendering-micro-frontends/server-side-rendering-micro-frontends.pdf
Serverless Applications Lens,AWS Well-Architected Framework,https://docs.aws.amazon.com/pdfs/wellarchitected/latest/serverless-applications-lens/wellarchitected-serverless-applications-lens.pdf
Serverless Architecture for Global Applications,Architecture Diagrams,https://docs.aws.amazon.com/pdfs/reference-architecture-diagrams/latest/serverless-global-applications/serverless-global-applications.pdf
Serverless In-Game Screenshot Processor Pipeline for Game Studios,AWS Reference Architecture Diagram,https://docs.aws.amazon.com/pdfs/architecture-diagrams/latest/serverless-in-game-screenshot-processor-pipeline-game-studios/serverless-in-game-screenshot-processor-pipeline-game-studios.pdf
Serverless In-Game Screenshot Processor Pipeline for Game Studios,AWS Reference Architecture Diagram,https://docs.aws.amazon.com/pdfs/reference-architecture-diagrams/latest/serverless-in-game-screenshot-processor-pipeline-game-studios/serverless-in-game-screenshot-processor-pipeline-game-studios.pdf
Serverless Notifications for Mobile Games,Architecture Diagrams Game Tech,https://docs.aws.amazon.com/pdfs/reference-architecture-diagrams/latest/serverless-notifications-mobile-games/serverless-notifications-mobile-games.pdf
Serverless Real-Time Analytics for Games,Architecture Diagrams Game Tech,https://docs.aws.amazon.com/pdfs/reference-architecture-diagrams/latest/serverless-real-time-analytics-games/serverless-real-time-analytics-games.pdf
Serverless Reservation System for Lodging,Architecture diagrams for hospitality,https://docs.aws.amazon.com/pdfs/reference-architecture-diagrams/latest/serverless-reservation-system-lodging/serverless-reservation-system-lodging.pdf
Serverless Strategy for Dynamic Pricing,Architecture Diagrams,https://docs.aws.amazon.com/pdfs/reference-architecture-diagrams/latest/serverless-dynamic-pricing/serverless-dynamic-pricing.pdf
Serverless Web App Real-Time Data Broadcasting,Architecture Diagrams,https://docs.aws.amazon.com/pdfs/reference-architecture-diagrams/latest/serverless-realtime-broadcasting/serverless-realtime-broadcasting.pdf
Serverless Web Hosting on AWS App Runner,Architecture Diagrams,https://docs.aws.amazon.com/pdfs/reference-architecture-diagrams/latest/serverless-web-hosting-aws-app-runner/serverless-web-hosting-aws-app-runner.pdf
Service Quotas,User Guide,https://docs.aws.amazon.com/pdfs/servicequotas/latest/userguide/ServiceQuotasUserGuide.pdf
Set Up a Continuous Deployment Pipeline Using AWS CodePipeline,Hands-on tutorials,https://docs.aws.amazon.com/pdfs/hands-on/latest/continuous-deployment-pipeline/continuous-deployment-pipeline.pdf
Set up an AWS Transfer Family server with Amazon Cognito as a custom identity provider,Hands-on tutorials,https://docs.aws.amazon.com/pdfs/hands-on/latest/set-up-an-aws-transfer-family-server-with-amazon-cognito/set-up-an-aws-transfer-family-server-with-amazon-cognito.pdf
Set up an AWS Transfer Family web app,Hands-on tutorials,https://docs.aws.amazon.com/pdfs/hands-on/latest/set-up-an-aws-transfer-family-web-app/set-up-an-aws-transfer-family-web-app.pdf
Set up the Elastic Beanstalk Command Line Interface,Hands-on tutorials,https://docs.aws.amazon.com/pdfs/hands-on/latest/set-up-command-line-elastic-beanstalk/set-up-command-line-elastic-beanstalk.pdf
Setting Up Multi-User Environments in AWS (for Classroom Training and Research),AWS Whitepaper,https://docs.aws.amazon.com/pdfs/whitepapers/latest/setting-up-multi-user-environments/setting-up-multi-user-environments.pdf
Setting Up Your AWS Environment,Hands-on tutorials,https://docs.aws.amazon.com/pdfs/hands-on/latest/setup-environment/setup-environment.pdf
Siemens Industrial Edge on AWS,Architecture diagrams for manufacturing,https://docs.aws.amazon.com/pdfs/reference-architecture-diagrams/latest/siemens-industrial-edge/siemens-industrial-edge.pdf
Siemens NX on Amazon WorkSpaces Applications,Architecture diagrams for manufacturing,https://docs.aws.amazon.com/pdfs/reference-architecture-diagrams/latest/siemens-nx-appstream/siemens-nx-appstream.pdf
Siemens Teamcenter Product Lifecycle Management on AWS,Architecture diagrams for manufacturing,https://docs.aws.amazon.com/pdfs/reference-architecture-diagrams/latest/siemens-teamcenter-plm/siemens-teamcenter-plm.pdf
Smart Factory on AWS Outposts,Architecture diagrams for manufacturing,https://docs.aws.amazon.com/pdfs/reference-architecture-diagrams/latest/smart-factory-outposts/smart-factory-outposts.pdf
Smart Farm on AWS,Smart Farm on AWS Architecture,https://docs.aws.amazon.com/pdfs/reference-architecture-diagrams/latest/smart-farm-on-aws/smart-farm-on-aws.pdf
"Smart Grocery with Scan-and-Go, Computer Vision, and IoT",Architecture diagrams for retail,https://docs.aws.amazon.com/pdfs/reference-architecture-diagrams/latest/smart-grocery-scan-and-go/smart-grocery-scan-and-go.pdf
Smart Metering for Water Utilities,AWS Reference Architecture Diagram,https://docs.aws.amazon.com/pdfs/architecture-diagrams/latest/smart-metering-for-water-utilities/smart-metering-for-water-utilities.pdf
Smart Metering for Water Utilities,AWS Reference Architecture Diagram,https://docs.aws.amazon.com/pdfs/reference-architecture-diagrams/latest/smart-metering-for-water-utilities/smart-metering-for-water-utilities.pdf
Snowball Edge Getting Started Guide,,https://docs.aws.amazon.com/pdfs/snow/latest/swsbe-pack/sbe-guide-getstart.pdf
Spatial Computing 3D Content Management,Architecture Diagrams,https://docs.aws.amazon.com/pdfs/reference-architecture-diagrams/latest/spatial-computing-3d-content-management/spatial-computing-3d-content-management.pdf
Sports Betting Architecture on AWS,Architecture Diagrams,https://docs.aws.amazon.com/pdfs/reference-architecture-diagrams/latest/sports-betting-architecture/sports-betting-architecture.pdf
SQL Based Data Processing in Amazon ECS,Architecture Diagrams,https://docs.aws.amazon.com/pdfs/reference-architecture-diagrams/latest/sql-data-processing-ecs/sql-data-processing-ecs.pdf
SQL Server to Aurora MySQL Migration Playbook,Microsoft SQL Server 2019 to Amazon Aurora MySQL Migration Playbook,https://docs.aws.amazon.com/pdfs/dms/latest/sql-server-to-aurora-mysql-migration-playbook/dms-mpb-sql-server-to-aurora-mysql.pdf
SQL Server to Aurora PostgreSQL Migration Playbook,Microsoft SQL Server 2019 to Amazon Aurora PostgreSQL Migration Playbook,https://docs.aws.amazon.com/pdfs/dms/latest/sql-server-to-aurora-postgresql-migration-playbook/dms-mpb-sql-server-to-aurora-postgresql.pdf
Storage Best Practices for Data and Analytics Applications,AWS Whitepaper,https://docs.aws.amazon.com/pdfs/whitepapers/latest/building-data-lakes/building-data-lakes.pdf
Store and Retrieve a File with Amazon S3,Hands-on tutorials,https://docs.aws.amazon.com/pdfs/hands-on/latest/backup-files-to-amazon-s3/backup-files-to-amazon-s3.pdf
Strategies for Migrating Oracle Databases to AWS,AWS Whitepaper,https://docs.aws.amazon.com/pdfs/whitepapers/latest/strategies-migrating-oracle-db-to-aws/strategies-migrating-oracle-db-to-aws.pdf
Streaming Airline Ticket Shopping Insights,Architecture diagrams for travel,https://docs.aws.amazon.com/pdfs/reference-architecture-diagrams/latest/airline-ticket-shopping/airline-ticket-shopping.pdf
Streaming Data Solution for Amazon Kinesis,Implementation Guide,https://docs.aws.amazon.com/pdfs/solutions/latest/streaming-data-solution-for-amazon-kinesis/streaming-data-solution-for-amazon-kinesis.pdf
Streaming Data Solution for Amazon MSK,Implementation Guide,https://docs.aws.amazon.com/pdfs/solutions/latest/streaming-data-solution-for-amazon-msk/streaming-data-solution-for-amazon-msk.pdf
Streaming Data Solutions on AWS,AWS Whitepaper,https://docs.aws.amazon.com/pdfs/whitepapers/latest/streaming-data-solutions-amazon-kinesis/streaming-data-solutions-amazon-kinesis.pdf
Streaming Media Lens,AWS Well-Architected Framework,https://docs.aws.amazon.com/pdfs/wellarchitected/latest/streaming-media-lens/wellarchitected-streaming-media-lens.pdf
Supply Chain Data Lake Solution,Architecture diagrams for transportation and logistics,https://docs.aws.amazon.com/pdfs/reference-architecture-diagrams/latest/supply-chain-data-lake/supply-chain-data-lake.pdf
Supply Chain Lens,AWS Well-Architected Framework,https://docs.aws.amazon.com/pdfs/wellarchitected/latest/supply-chain-lens/supply-chain-lens.pdf
Sustainability Pillar,AWS Well-Architected Framework,https://docs.aws.amazon.com/pdfs/wellarchitected/latest/sustainability-pillar/wellarchitected-sustainability-pillar.pdf
SWIFT Customer Security Controls Framework (v2022) on AWS,Best Practices to Implement Security Controls for SWIFT Connectivity,https://docs.aws.amazon.com/pdfs/whitepapers/latest/swift-customer-security-controls-framework-2021/swift-customer-security-controls-framework-2021.pdf
Synchronous Data Mesh for GraphQL Queries,Architecture Diagrams,https://docs.aws.amazon.com/pdfs/reference-architecture-diagrams/latest/synchronous-data-mesh-graphql/synchronous-data-mesh-graphql.pdf
Tagging AWS Resources and Tag Editor,User Guide,https://docs.aws.amazon.com/pdfs/tag-editor/latest/userguide/tag-editor-userguide.pdf
Telco Lens,AWS Whitepaper,https://docs.aws.amazon.com/pdfs/wellarchitected/latest/telco-lens/telco-lens.pdf
Telecom Charging (OCS/CHF) on AWS Outposts,Architecture Diagrams,https://docs.aws.amazon.com/pdfs/reference-architecture-diagrams/latest/telecom-charging-ocs-chf-on-aws-outposts/telecom-charging-ocs-chf-on-aws-outposts.pdf
Temenos Payments Hub,Architecture diagrams for financial services,https://docs.aws.amazon.com/pdfs/reference-architecture-diagrams/latest/temenos-payments-hub/temenos-payments-hub.pdf
Temenos T24 Transact,Architecture diagrams for financial services,https://docs.aws.amazon.com/pdfs/reference-architecture-diagrams/latest/temenos-t24-transact/temenos-t24-transact.pdf
Temenos WealthSuite Front Office on AWS,Architecture diagrams for financial services,https://docs.aws.amazon.com/pdfs/reference-architecture-diagrams/latest/temenos-wealthsuite-front-office/temenos-wealthsuite-front-office.pdf
Ten Considerations for a Cloud Procurement,AWS Whitepaper,https://docs.aws.amazon.com/pdfs/whitepapers/latest/considerations-for-cloud-procurement/considerations-for-cloud-procurement.pdf
The DigitalRoute Usage Engine Private Edition on AWS,AWS Whitepaper,https://docs.aws.amazon.com/pdfs/whitepapers/latest/digitalroute-usage-engine-private-edition-on-aws/digitalroute-usage-engine-private-edition-on-aws.pdf
The lakehouse architecture of Amazon SageMaker,User Guide,https://docs.aws.amazon.com/pdfs/sagemaker-lakehouse-architecture/latest/userguide/sagemaker-lakehouse-architecture.pdf
The Security Design of the AWS Nitro System,AWS Whitepaper,https://docs.aws.amazon.com/pdfs/whitepapers/latest/security-design-of-aws-nitro-system/security-design-of-aws-nitro-system.pdf
Timestream for InfluxDB,Welcome,https://docs.aws.amazon.com/pdfs/ts-influxdb/latest/ts-influxdb-api/TimestreamInfluxDB-API.pdf
Totogi Charging-as-a-Service for On-Premises 4G/5G,Architecture diagrams for telecommunications,https://docs.aws.amazon.com/pdfs/reference-architecture-diagrams/latest/totogi-charging-as-a-service/totogi-charging-as-a-service.pdf
TR-069 and AWS,Architecture diagrams for telecommunications,https://docs.aws.amazon.com/pdfs/reference-architecture-diagrams/latest/tr-069-and-aws/tr-069-and-aws.pdf
Traceability with Serverless Analytics,Architecture Diagrams,https://docs.aws.amazon.com/pdfs/reference-architecture-diagrams/latest/traceability-serverless-analytics/traceability-serverless-analytics.pdf
Traffic Encryption Options in AWS Direct Connect,Architecture Diagrams,https://docs.aws.amazon.com/pdfs/reference-architecture-diagrams/latest/traffic-encryption-direct-connect/traffic-encryption-direct-connect.pdf
Traffic Segmentation Options in AWS Direct Connect,Architecture Diagrams,https://docs.aws.amazon.com/pdfs/reference-architecture-diagrams/latest/traffic-segmentation-aws-direct-connect/traffic-segmentation-aws-direct-connect.pdf
Transportation and Logistics Data Lake,Architecture Diagrams,https://docs.aws.amazon.com/pdfs/reference-architecture-diagrams/latest/transportation-logistics-data-lake/transportation-logistics-data-lake.pdf
Traveler 360 Data Platform for Airlines,Architecture diagrams for travel,https://docs.aws.amazon.com/pdfs/reference-architecture-diagrams/latest/traveler-360-airlines/traveler-360-airlines.pdf
Tulip Next-Gen MES on AWS,Architecture diagrams for manufacturing,https://docs.aws.amazon.com/pdfs/reference-architecture-diagrams/latest/tulip-next-gen-mes/tulip-next-gen-mes.pdf
Unified Data Access Governance in a Data Mesh,Architecture Diagrams,https://docs.aws.amazon.com/pdfs/reference-architecture-diagrams/latest/unified-data-access-governance/unified-data-access-governance.pdf
Unified Profiles for Travelers and Guests on AWS,Implementation Guide,https://docs.aws.amazon.com/pdfs/solutions/latest/unified-profiles-for-travelers-and-guests-on-aws/unified-profiles-for-travelers-and-guests-on-aws.pdf
Unity Build Pipeline: iOS Games on AWS Cloud,Architecture Diagrams,https://docs.aws.amazon.com/pdfs/reference-architecture-diagrams/latest/unity-build-pipeline-ios/unity-build-pipeline-ios.pdf
Unpicking Vendor Lock-in,A guide to understanding and mitigating switching costs when changing your Cloud Services Provider,https://docs.aws.amazon.com/pdfs/whitepapers/latest/unpicking-vendor-lock-in/unpicking-vendor-lock-in.pdf
Unreal Engine's Pixel Streaming on AWS,Architecture Diagrams Game Tech,https://docs.aws.amazon.com/pdfs/reference-architecture-diagrams/latest/unreal-engine-pixel-streaming/unreal-engine-pixel-streaming.pdf
Use AWS WAF to Mitigate OWASP’s Top 10 Web Application Vulnerabilities,AWS Whitepaper,https://docs.aws.amazon.com/pdfs/whitepapers/latest/waf-mitigate-owasp-web-vulnerabilities/waf-mitigate-owasp-web-vulnerabilities.pdf
Using Altair Breeze for EDA Workload Migration to AWS,AWS Whitepaper,https://docs.aws.amazon.com/pdfs/whitepapers/latest/using-ellexus-breeze-eda-workload-migration/using-ellexus-breeze-eda-workload-migration.pdf
Using AWS in the Context of NHS Cloud Security Guidance,AWS Whitepaper,https://docs.aws.amazon.com/pdfs/whitepapers/latest/nhs-cloud-security-guidance-using-aws/nhs-cloud-security-guidance-using-aws.pdf
Using Microsoft Power BI with the AWS Cloud,AWS Whitepaper,https://docs.aws.amazon.com/pdfs/whitepapers/latest/using-power-bi-with-aws-cloud/using-power-bi-with-aws-cloud.pdf
Using the Federal Aviation Administration SWIM Data Lake,Architecture diagrams for travel,https://docs.aws.amazon.com/pdfs/reference-architecture-diagrams/latest/faa-swim-data-lake/faa-swim-data-lake.pdf
Utility Volt-VAR Management Framework,Architecture diagrams for power and utilities,https://docs.aws.amazon.com/pdfs/reference-architecture-diagrams/latest/utility-volt-var-management/utility-volt-var-management.pdf
Video on Demand on AWS,Implementation Guide,https://docs.aws.amazon.com/pdfs/solutions/latest/video-on-demand-on-aws/video-on-demand-on-aws.pdf
Video on Demand on AWS Foundation,Implementation Guide,https://docs.aws.amazon.com/pdfs/solutions/latest/video-on-demand-on-aws-foundation/video-on-demand-on-aws-foundation.pdf
Video Stream from Cloud to Satellite and Internet,Architecture diagrams for aerospace,https://docs.aws.amazon.com/pdfs/reference-architecture-diagrams/latest/video-stream-cloud-satellite-internet/video-stream-cloud-satellite-internet.pdf
Video Streaming Advertising Lens,AWS Well-Architected Framework,https://docs.aws.amazon.com/pdfs/wellarchitected/latest/video-streaming-advertising-lens/video-streaming-advertising-lens.pdf
Virtualize Cloud Managed Satellite Operations Centers on AWS,AWS Whitepaper,https://docs.aws.amazon.com/pdfs/whitepapers/latest/virtualize-satellite-operations-on-aws/virtualize-satellite-operations-on-aws.pdf
VM Import/Export,User Guide,https://docs.aws.amazon.com/pdfs/vm-import/latest/userguide/vm-import-ug.pdf
VMware Cloud on AWS Networking Reference Architectures,Architecture Diagrams,https://docs.aws.amazon.com/pdfs/reference-architecture-diagrams/latest/vmware-cloud-networking/vmware-cloud-networking.pdf
Wafer Inspection with Machine Learning,Architecture Diagrams,https://docs.aws.amazon.com/pdfs/reference-architecture-diagrams/latest/wafer-inspection-with-machine-learning-architecture/wafer-inspection-with-machine-learning-architecture.pdf
Web Application Architecture on AWS,Architecture Diagrams,https://docs.aws.amazon.com/pdfs/reference-architecture-diagrams/latest/web-application-architecture/web-application-architecture.pdf
Web Application Hosting in the AWS Cloud,AWS Whitepaper,https://docs.aws.amazon.com/pdfs/whitepapers/latest/web-application-hosting-best-practices/web-application-hosting-best-practices.pdf
Web3 Decentralized Applications on AWS,Architecture Diagrams,https://docs.aws.amazon.com/pdfs/reference-architecture-diagrams/latest/web3-decentralized-applications-on-aws/web3-decentralized-applications-on-aws.pdf
WebSphere Commerce on AWS,Architecture diagrams for retail,https://docs.aws.amazon.com/pdfs/reference-architecture-diagrams/latest/websphere-commerce-on-aws/websphere-commerce-on-aws.pdf
Well Log Facies Classification Using Machine Learning,Architecture Diagrams,https://docs.aws.amazon.com/pdfs/reference-architecture-diagrams/latest/well-log-facies-classification/well-log-facies-classification.pdf
Wickr Enterprise,Administration Guide,https://docs.aws.amazon.com/pdfs/wickr/latest/enterpriseadminguide/enterprise-ag.pdf
Wickr Enterprise,Automated Install Guide,https://docs.aws.amazon.com/pdfs/wickr/latest/wickrenterpriseinstall/wickr-enterprise-install-guide.pdf
Workload Discovery on AWS,Implementation Guide,https://docs.aws.amazon.com/pdfs/solutions/latest/workload-discovery-on-aws/workload-discovery-on-aws.pdf
