title,guide,pdf_url
Accenture Enterprise AI – Scaling Machine Learning and Deep Learning Models,AWS Whitepaper,https://docs.aws.amazon.com/pdfs/whitepapers/latest/accenture-ai-scaling-ml-and-deep-learning-models/accenture-ai-scaling-ml-and-deep-learning-models.pdf
Access Amazon WorkSpaces with Common Access Cards,Installation Guide,https://docs.aws.amazon.com/pdfs/whitepapers/latest/access-workspaces-with-access-cards/access-workspaces-with-access-cards.pdf
Accreditation Models for Secure Cloud Adoption,AWS Whitepaper,https://docs.aws.amazon.com/pdfs/whitepapers/latest/accreditation-models-for-secure-cloud-adoption/accreditation-models-for-secure-cloud-adoption.pdf
Active Directory Domain Services on AWS,AWS Whitepaper,https://docs.aws.amazon.com/pdfs/whitepapers/latest/active-directory-domain-services/active-directory-domain-services.pdf
Advanced Multi-AZ Resilience Patterns,Detecting and Mitigating Gray Failures,https://docs.aws.amazon.com/pdfs/whitepapers/latest/advanced-multi-az-resilience-patterns/advanced-multi-az-resilience-patterns.pdf
Agentic AI Lens,AWS Well-Architected Framework,https://docs.aws.amazon.com/pdfs/wellarchitected/latest/agentic-ai-lens/agentic-ai-lens.pdf
Amazon EC2 Overview and Networking Introduction for Telecom Companies,AWS Whitepaper,https://docs.aws.amazon.com/pdfs/whitepapers/latest/ec2-networking-for-telecom/ec2-networking-for-telecom.pdf
Amazon OpenSearch Service Lens,AWS Well-Architected Framework,https://docs.aws.amazon.com/pdfs/wellarchitected/latest/amazon-opensearch-service-lens/amazon-opensearch-service-lens.pdf
Amazon Virtual Private Cloud Connectivity Options,AWS Whitepaper,https://docs.aws.amazon.com/pdfs/whitepapers/latest/aws-vpc-connectivity-options/aws-vpc-connectivity-options.pdf
Amazon Web Services' Approach to Operational Resilience in the Financial Sector & Beyond,AWS Whitepaper,https://docs.aws.amazon.com/pdfs/whitepapers/latest/aws-operational-resilience/aws-operational-resilience.pdf
Amazon Web Services: Overview of Security Processes,AWS Whitepaper,https://docs.aws.amazon.com/pdfs/whitepapers/latest/aws-overview-security-processes/aws-overview-security-processes.pdf
Amazon Web Services: Risk and Compliance,AWS Whitepaper,https://docs.aws.amazon.com/pdfs/whitepapers/latest/aws-risk-and-compliance/aws-risk-and-compliance.pdf
Amdocs Digital Brand Experience Platform in AWS Cloud,AWS Whitepaper,https://docs.aws.amazon.com/pdfs/whitepapers/latest/amdocs-digital-brand-experience-platform/amdocs-digital-brand-experience-platform.pdf
An Overview of the AWS Cloud Adoption Framework,AWS Whitepaper,https://docs.aws.amazon.com/pdfs/whitepapers/latest/overview-aws-cloud-adoption-framework/overview-aws-cloud-adoption-framework.pdf
Applying Security Practices to a Network Workload on AWS for Communications Service Providers,AWS Whitepaper,https://docs.aws.amazon.com/pdfs/whitepapers/latest/applying-security-practices-to-network-workload-for-csps/applying-security-practices-to-network-workload-for-csps.pdf
Architecting for HIPAA Security and Compliance on Amazon EKS,AWS Whitepaper,https://docs.aws.amazon.com/pdfs/whitepapers/latest/architecting-hipaa-security-and-compliance-on-amazon-eks/architecting-hipaa-security-and-compliance-on-amazon-eks.pdf
Architecting for HIPAA Security and Compliance on Amazon Web Services,AWS Whitepaper,https://docs.aws.amazon.com/pdfs/whitepapers/latest/architecting-hipaa-security-and-compliance-on-aws/architecting-hipaa-security-and-compliance-on-aws.pdf
Architectural Patterns to Build End-to-End Data Driven Applications on AWS,AWS Whitepaper,https://docs.aws.amazon.com/pdfs/whitepapers/latest/build-e2e-data-driven-applications/build-e2e-data-driven-applications.pdf
Automating Elasticity,AWS Whitepaper,https://docs.aws.amazon.com/pdfs/whitepapers/latest/cost-optimization-automating-elasticity/cost-optimization-automating-elasticity.pdf
Automating PeopleSoft Environments in the AWS Cloud,AWS Whitepaper,https://docs.aws.amazon.com/pdfs/whitepapers/latest/automating-peoplesoft-environments/automating-peoplesoft-environments.pdf
Autosphere iRPA on AWS for Telecom Enterprise Automation,AWS Whitepaper,https://docs.aws.amazon.com/pdfs/whitepapers/latest/autosphere-irpa-on-aws-for-telecom-enterprise-automation/autosphere-irpa-on-aws-for-telecom-enterprise-automation.pdf
Availability and Beyond: Understanding and Improving the Resilience of Distributed Systems on AWS,AWS Whitepaper,https://docs.aws.amazon.com/pdfs/whitepapers/latest/availability-and-beyond-improving-resilience/availability-and-beyond-improving-resilience.pdf
AWS Best Practices for DDoS Resiliency,AWS Whitepaper,https://docs.aws.amazon.com/pdfs/whitepapers/latest/aws-best-practices-ddos-resiliency/aws-best-practices-ddos-resiliency.pdf
"AWS Cloud Adoption Framework for Artificial Intelligence, Machine Learning, and Generative AI",AWS Whitepaper,https://docs.aws.amazon.com/pdfs/whitepapers/latest/aws-caf-for-ai/aws-caf-for-ai.pdf
AWS Cloud Adoption Framework: Business Perspective,AWS Whitepaper,https://docs.aws.amazon.com/pdfs/whitepapers/latest/aws-caf-business-perspective/aws-caf-business-perspective.pdf
AWS Cloud Adoption Framework: Governance Perspective,AWS Whitepaper,https://docs.aws.amazon.com/pdfs/whitepapers/latest/aws-caf-governance-perspective/aws-caf-governance-perspective.pdf
AWS Cloud Adoption Framework: Operations Perspective,AWS Whitepaper,https://docs.aws.amazon.com/pdfs/whitepapers/latest/aws-caf-operations-perspective/aws-caf-operations-perspective.pdf
AWS Cloud Adoption Framework: People Perspective,AWS Whitepaper,https://docs.aws.amazon.com/pdfs/whitepapers/latest/aws-caf-people-perspective/aws-caf-people-perspective.pdf
AWS Cloud Adoption Framework: Security Perspective,AWS Whitepaper,https://docs.aws.amazon.com/pdfs/whitepapers/latest/aws-caf-security-perspective/aws-caf-security-perspective.pdf
AWS Cloud Data Ingestion Patterns and Practices,Patterns and Considerations for using AWS Services to Move Data into a Modern Data Architecture,https://docs.aws.amazon.com/pdfs/whitepapers/latest/aws-cloud-data-ingestion-patterns-practices/aws-cloud-data-ingestion-patterns-practices.pdf
AWS Decision Guides,Consolidated Reference,https://docs.aws.amazon.com/pdfs/decision-guides/latest/decision-guides/aws-decision-guides.pdf
AWS Direct Connect for Amazon Connect,AWS Whitepaper,https://docs.aws.amazon.com/pdfs/whitepapers/latest/aws-direct-connect-for-amazon-connect/aws-direct-connect-for-amazon-connect.pdf
AWS Fault Isolation Boundaries,AWS Whitepaper,https://docs.aws.amazon.com/pdfs/whitepapers/latest/aws-fault-isolation-boundaries/aws-fault-isolation-boundaries.pdf
AWS Graviton2 for Independent Software Vendors,How AWS Graviton helps Independent Software Vendors accelerate growth and improve their margins on AWS,https://docs.aws.amazon.com/pdfs/whitepapers/latest/aws-graviton2-for-isv/aws-graviton2-for-isv.pdf
AWS Migration Whitepaper,AWS Whitepaper,https://docs.aws.amazon.com/pdfs/whitepapers/latest/aws-migration-whitepaper/aws-migration-whitepaper.pdf
AWS Outposts High Availability Design and Architecture Considerations,AWS Whitepaper,https://docs.aws.amazon.com/pdfs/whitepapers/latest/aws-outposts-high-availability-design/aws-outposts-high-availability-design.pdf
AWS Prescriptive Guidance,A phased approach for performance engineering in the AWS Cloud,https://docs.aws.amazon.com/pdfs/prescriptive-guidance/latest/performance-engineering-aws/performance-engineering-aws.pdf
AWS Prescriptive Guidance,Accelerating observability outcomes,https://docs.aws.amazon.com/pdfs/prescriptive-guidance/latest/strategy-accelerate-observability-outcomes/strategy-accelerate-observability-outcomes.pdf
AWS Prescriptive Guidance,Accelerating software development lifecycles on AWS with generative AI,https://docs.aws.amazon.com/pdfs/prescriptive-guidance/latest/strategy-accelerate-software-dev-lifecycle-gen-ai/strategy-accelerate-software-dev-lifecycle-gen-ai.pdf
AWS Prescriptive Guidance,Accelerating your cloud ROI by adopting a strategic transformation and change methodology,https://docs.aws.amazon.com/pdfs/prescriptive-guidance/latest/strategy-enterprise-transformation/strategy-enterprise-transformation.pdf
AWS Prescriptive Guidance,Adopting the Matter standard for IoT device makers,https://docs.aws.amazon.com/pdfs/prescriptive-guidance/latest/strategy-matter-standard/strategy-matter-standard.pdf
AWS Prescriptive Guidance,"Agentic AI frameworks, platforms, protocols, and tools on AWS",https://docs.aws.amazon.com/pdfs/prescriptive-guidance/latest/agentic-ai-frameworks/agentic-ai-frameworks.pdf
AWS Prescriptive Guidance,Agentic AI patterns and workflows on AWS,https://docs.aws.amazon.com/pdfs/prescriptive-guidance/latest/agentic-ai-patterns/agentic-ai-patterns.pdf
AWS Prescriptive Guidance,AMS Accelerate operations plan governance best practices,https://docs.aws.amazon.com/pdfs/prescriptive-guidance/latest/ams-accelerate-governance-best-practices/ams-accelerate-governance-best-practices.pdf
AWS Prescriptive Guidance,Application portfolio assessment guide for AWS Cloud migration,https://docs.aws.amazon.com/pdfs/prescriptive-guidance/latest/application-portfolio-assessment-guide/application-portfolio-assessment-guide.pdf
AWS Prescriptive Guidance,Application portfolio assessment strategy for AWS Cloud migration,https://docs.aws.amazon.com/pdfs/prescriptive-guidance/latest/strategy-application-portfolio-assessment-migration/strategy-application-portfolio-assessment-migration.pdf
AWS Prescriptive Guidance,Applying the AWS Well-Architected Framework for Amazon Neptune,https://docs.aws.amazon.com/pdfs/prescriptive-guidance/latest/neptune-well-architected-framework/neptune-well-architected-framework.pdf
AWS Prescriptive Guidance,Applying the AWS Well-Architected Framework for Amazon Neptune Analytics,https://docs.aws.amazon.com/pdfs/prescriptive-guidance/latest/neptune-analytics-well-architected-framework/neptune-analytics-well-architected-framework.pdf
AWS Prescriptive Guidance,Applying the AWS Well-Architected Framework for Amazon Timestream for InfluxDB,https://docs.aws.amazon.com/pdfs/prescriptive-guidance/latest/timestream-for-influxdb-well-architected-framework/timestream-for-influxdb-well-architected-framework.pdf
AWS Prescriptive Guidance,Applying the AWS Well-Architected Framework to Amazon WorkSpaces Applications,https://docs.aws.amazon.com/pdfs/prescriptive-guidance/latest/appstream-well-architected-framework/appstream-well-architected-framework.pdf
AWS Prescriptive Guidance,"Archiving data in Amazon RDS for MySQL, Amazon RDS for MariaDB, and Aurora MySQL-Compatible",https://docs.aws.amazon.com/pdfs/prescriptive-guidance/latest/archiving-mysql-data/archiving-mysql-data.pdf
AWS Prescriptive Guidance,"Auditing SQL Server instances, database objects, and logins in Amazon RDS and Amazon EC2",https://docs.aws.amazon.com/pdfs/prescriptive-guidance/latest/sql-server-auditing-on-aws/sql-server-auditing-on-aws.pdf
AWS Prescriptive Guidance,Automate your DR solution for relational databases on AWS,https://docs.aws.amazon.com/pdfs/prescriptive-guidance/latest/automate-dr-solution-relational-database/automate-dr-solution-relational-database.pdf
AWS Prescriptive Guidance,Automated patching for mutable instances in the hybrid cloud using AWS Systems Manager,https://docs.aws.amazon.com/pdfs/prescriptive-guidance/latest/automated-patching-mutable-instances-hybrid-cloud-aws-systems-manager/automated-patching-mutable-instances-hybrid-cloud-aws-systems-manager.pdf
AWS Prescriptive Guidance,Automating AWS infrastructure documentation generation and analysis,https://docs.aws.amazon.com/pdfs/prescriptive-guidance/latest/automating-aws-infrastructure-documentation-generation-and-analysis/automating-aws-infrastructure-documentation-generation-and-analysis.pdf
AWS Prescriptive Guidance,Automating large-scale server migrations with Cloud Migration Factory,https://docs.aws.amazon.com/pdfs/prescriptive-guidance/latest/migration-factory-cloudendure/migration-factory-cloudendure.pdf
AWS Prescriptive Guidance,Automation strategy for SAP operations in the AWS Cloud,https://docs.aws.amazon.com/pdfs/prescriptive-guidance/latest/strategy-sap-automation/strategy-sap-automation.pdf
AWS Prescriptive Guidance,Autonomous Driving Data Framework (ADDF) security and operations guide,https://docs.aws.amazon.com/pdfs/prescriptive-guidance/latest/addf-security-and-operations/addf-security-and-operations.pdf
AWS Prescriptive Guidance,AWS Change Acceleration 6-Point Framework and Organizational Change Management Toolkit,https://docs.aws.amazon.com/pdfs/prescriptive-guidance/latest/strategy-ocm/strategy-ocm.pdf
AWS Prescriptive Guidance,AWS Cloud Adoption Framework: Platform perspective,https://docs.aws.amazon.com/pdfs/prescriptive-guidance/latest/aws-caf-platform-perspective/aws-caf-platform-perspective.pdf
AWS Prescriptive Guidance,AWS Key Management Service best practices,https://docs.aws.amazon.com/pdfs/prescriptive-guidance/latest/aws-kms-best-practices/aws-kms-best-practices.pdf
AWS Prescriptive Guidance,AWS multi-Region fundamentals,https://docs.aws.amazon.com/pdfs/prescriptive-guidance/latest/aws-multi-region-fundamentals/aws-multi-region-fundamentals.pdf
AWS Prescriptive Guidance,AWS Organizational Change Acceleration (OCA) 6-Point Framework - 1. Mobilize Team,https://docs.aws.amazon.com/pdfs/prescriptive-guidance/latest/oca-framework-mobilize-team/oca-framework-mobilize-team.pdf
AWS Prescriptive Guidance,AWS Organizational Change Acceleration (OCA) 6-Point Framework - 2. Align Leaders,https://docs.aws.amazon.com/pdfs/prescriptive-guidance/latest/oca-framework-align-leaders/oca-framework-align-leaders.pdf
AWS Prescriptive Guidance,AWS Organizational Change Acceleration (OCA) 6-Point Framework - 3. Envision the Future,https://docs.aws.amazon.com/pdfs/prescriptive-guidance/latest/oca-framework-envision-future/oca-framework-envision-future.pdf
AWS Prescriptive Guidance,AWS Organizational Change Acceleration (OCA) 6-Point Framework – 4. Engage the Organization,https://docs.aws.amazon.com/pdfs/prescriptive-guidance/latest/oca-framework-engage-organization/oca-framework-engage-organization.pdf
AWS Prescriptive Guidance,AWS Organizational Change Acceleration (OCA) 6-Point Framework – 5. Enable Capacity,https://docs.aws.amazon.com/pdfs/prescriptive-guidance/latest/oca-framework-enable-capacity/oca-framework-enable-capacity.pdf
AWS Prescriptive Guidance,AWS Organizational Change Acceleration (OCA) 6-Point Framework – 6. Make Culture Change Stick,https://docs.aws.amazon.com/pdfs/prescriptive-guidance/latest/oca-framework-make-culture-change-stick/oca-framework-make-culture-change-stick.pdf
AWS Prescriptive Guidance,AWS Privacy Reference Architecture,https://docs.aws.amazon.com/pdfs/prescriptive-guidance/latest/privacy-reference-architecture/privacy-reference-architecture.pdf
AWS Prescriptive Guidance,AWS Secure Migrations Framework: Mobilizing security and compliance,https://docs.aws.amazon.com/pdfs/prescriptive-guidance/latest/secure-migrations-framework/secure-migrations-framework.pdf
AWS Prescriptive Guidance,AWS Security Reference Architecture (AWS SRA) – AI security,https://docs.aws.amazon.com/pdfs/prescriptive-guidance/latest/security-reference-architecture-generative-ai/security-reference-architecture-generative-ai.pdf
AWS Prescriptive Guidance,AWS Security Reference Architecture (AWS SRA) – core architecture,https://docs.aws.amazon.com/pdfs/prescriptive-guidance/latest/security-reference-architecture/security-reference-architecture.pdf
AWS Prescriptive Guidance,AWS Security Reference Architecture (AWS SRA) – cyber forensics,https://docs.aws.amazon.com/pdfs/prescriptive-guidance/latest/security-reference-architecture-cyber-forensics/security-reference-architecture-cyber-forensics.pdf
AWS Prescriptive Guidance,AWS Security Reference Architecture (AWS SRA) – identity management,https://docs.aws.amazon.com/pdfs/prescriptive-guidance/latest/security-reference-architecture-identity-management/security-reference-architecture-identity-management.pdf
AWS Prescriptive Guidance,AWS Security Reference Architecture (AWS SRA) – Internet of Things (IoT),https://docs.aws.amazon.com/pdfs/prescriptive-guidance/latest/security-reference-architecture-iot/security-reference-architecture-iot.pdf
AWS Prescriptive Guidance,AWS Security Reference Architecture (AWS SRA) – perimeter security,https://docs.aws.amazon.com/pdfs/prescriptive-guidance/latest/security-reference-architecture-perimeter-security/security-reference-architecture-perimeter-security.pdf
AWS Prescriptive Guidance,AWS Security Reference Architecture - Payment Card Industry (PCI) Data Security Standard (DSS),https://docs.aws.amazon.com/pdfs/prescriptive-guidance/latest/aws-security-reference-architecture-pci-data-security-standard-dss/aws-security-reference-architecture-pci-data-security-standard-dss.pdf
AWS Prescriptive Guidance,AWS Startup Resiliency Baseline,https://docs.aws.amazon.com/pdfs/prescriptive-guidance/latest/startup-resiliency-baseline/startup-resiliency-baseline.pdf
AWS Prescriptive Guidance,AWS Startup Security Baseline,https://docs.aws.amazon.com/pdfs/prescriptive-guidance/latest/aws-startup-security-baseline/aws-startup-security-baseline.pdf
AWS Prescriptive Guidance,AWS storage for VMware professionals,https://docs.aws.amazon.com/pdfs/prescriptive-guidance/latest/aws-storage-for-vmware-professionals/aws-storage-for-vmware-professionals.pdf
AWS Prescriptive Guidance,Backup and restore options for SQL Server on Amazon EC2,https://docs.aws.amazon.com/pdfs/prescriptive-guidance/latest/sql-server-managing-on-aws/sql-server-managing-on-aws.pdf
AWS Prescriptive Guidance,Banking modernization strategy for client lifecycle management in the AWS Cloud,https://docs.aws.amazon.com/pdfs/prescriptive-guidance/latest/strategy-banking-modernization-clm/strategy-banking-modernization-clm.pdf
AWS Prescriptive Guidance,Bare-metal hardware monitoring on AWS by using Telegraf and Redfish,https://docs.aws.amazon.com/pdfs/prescriptive-guidance/latest/bare-metal-hardware-monitoring/bare-metal-hardware-monitoring.pdf
AWS Prescriptive Guidance,Best practices for applying the AWS Well-Architected Framework to Amazon FSx for Windows File Server,https://docs.aws.amazon.com/pdfs/prescriptive-guidance/latest/well-architected-best-practices-fsx-windows/well-architected-best-practices-fsx-windows.pdf
AWS Prescriptive Guidance,Best practices for applying the AWS Well-Architected Framework to AWS Managed Microsoft AD,https://docs.aws.amazon.com/pdfs/prescriptive-guidance/latest/aws-directory-service-for-microsoft-ad-well-architected-analysis/aws-directory-service-for-microsoft-ad-well-architected-analysis.pdf
AWS Prescriptive Guidance,Best practices for assessing applications to be retired during a migration to the AWS Cloud,https://docs.aws.amazon.com/pdfs/prescriptive-guidance/latest/migration-retiring-applications/migration-retiring-applications.pdf
AWS Prescriptive Guidance,Best practices for building a hybrid cloud architecture with AWS services,https://docs.aws.amazon.com/pdfs/prescriptive-guidance/latest/hybrid-cloud-best-practices/hybrid-cloud-best-practices.pdf
AWS Prescriptive Guidance,Best practices for cutting over network traffic to AWS during a migration,https://docs.aws.amazon.com/pdfs/prescriptive-guidance/latest/best-practices-migration-cutover/best-practices-migration-cutover.pdf
AWS Prescriptive Guidance,Best practices for designing and implementing modern data-centric architecture use cases,https://docs.aws.amazon.com/pdfs/prescriptive-guidance/latest/modern-data-centric-use-cases/modern-data-centric-use-cases.pdf
AWS Prescriptive Guidance,Best practices for performance tuning AWS Glue for Apache Spark jobs,https://docs.aws.amazon.com/pdfs/prescriptive-guidance/latest/tuning-aws-glue-for-apache-spark/tuning-aws-glue-for-apache-spark.pdf
AWS Prescriptive Guidance,Best practices for retiring applications before decommissioning infrastructure,https://docs.aws.amazon.com/pdfs/prescriptive-guidance/latest/migration-app-retirement-best-practices/migration-app-retirement-best-practices.pdf
AWS Prescriptive Guidance,Best practices for SAP on AWS greenfield implementations,https://docs.aws.amazon.com/pdfs/prescriptive-guidance/latest/sap-greenfield-implementations/sap-greenfield-implementations.pdf
AWS Prescriptive Guidance,Best practices for streamlining Amazon EKS observability,https://docs.aws.amazon.com/pdfs/prescriptive-guidance/latest/amazon-eks-observability-best-practices/amazon-eks-observability-best-practices.pdf
AWS Prescriptive Guidance,Best practices for using the AWS CDK in TypeScript to create IaC projects,https://docs.aws.amazon.com/pdfs/prescriptive-guidance/latest/best-practices-cdk-typescript-iac/best-practices-cdk-typescript-iac.pdf
AWS Prescriptive Guidance,Best practices for using the Terraform AWS Provider,https://docs.aws.amazon.com/pdfs/prescriptive-guidance/latest/terraform-aws-provider-best-practices/terraform-aws-provider-best-practices.pdf
AWS Prescriptive Guidance,Best practices with Amazon Q Developer for in-line and assistant code generation,https://docs.aws.amazon.com/pdfs/prescriptive-guidance/latest/best-practices-code-generation/best-practices-code-generation.pdf
AWS Prescriptive Guidance,Building a Cloud Center of Excellence within your organization,https://docs.aws.amazon.com/pdfs/prescriptive-guidance/latest/cloud-center-of-excellence/cloud-center-of-excellence.pdf
AWS Prescriptive Guidance,Building a high availability and disaster recovery architecture for SQL Server on Amazon EC2,https://docs.aws.amazon.com/pdfs/prescriptive-guidance/latest/sql-server-ec2-ha-dr/sql-server-ec2-ha-dr.pdf
AWS Prescriptive Guidance,Building a multicloud strategy in the financial services industry,https://docs.aws.amazon.com/pdfs/prescriptive-guidance/latest/strategy-multicloud-fsi/strategy-multicloud-fsi.pdf
AWS Prescriptive Guidance,Building a scalable vulnerability management program on AWS,https://docs.aws.amazon.com/pdfs/prescriptive-guidance/latest/vulnerability-management/vulnerability-management.pdf
AWS Prescriptive Guidance,Building a scalable web crawling system for ESG data on AWS,https://docs.aws.amazon.com/pdfs/prescriptive-guidance/latest/web-crawling-system-esg-data/web-crawling-system-esg-data.pdf
AWS Prescriptive Guidance,"Building a strategy for single, hybrid, and multicloud in education",https://docs.aws.amazon.com/pdfs/prescriptive-guidance/latest/strategy-education-hybrid-multicloud/strategy-education-hybrid-multicloud.pdf
AWS Prescriptive Guidance,Building an Enterprise Blueprint Factory by using AWS Service Catalog,https://docs.aws.amazon.com/pdfs/prescriptive-guidance/latest/enterprise-blueprint-factory/enterprise-blueprint-factory.pdf
AWS Prescriptive Guidance,Building an enterprise-ready generative AI platform on AWS,https://docs.aws.amazon.com/pdfs/prescriptive-guidance/latest/strategy-enterprise-ready-gen-ai-platform/strategy-enterprise-ready-gen-ai-platform.pdf
AWS Prescriptive Guidance,Building an industrial Internet of Things (IIoT) digital transformation strategy,https://docs.aws.amazon.com/pdfs/prescriptive-guidance/latest/strategy-iiot-transformation/strategy-iiot-transformation.pdf
AWS Prescriptive Guidance,Building an internal developer platform on AWS,https://docs.aws.amazon.com/pdfs/prescriptive-guidance/latest/internal-developer-platform/internal-developer-platform.pdf
AWS Prescriptive Guidance,Building hexagonal architectures on AWS,https://docs.aws.amazon.com/pdfs/prescriptive-guidance/latest/hexagonal-architectures/hexagonal-architectures.pdf
AWS Prescriptive Guidance,Building multi-tenant architectures for agentic AI on AWS,https://docs.aws.amazon.com/pdfs/prescriptive-guidance/latest/agentic-ai-multitenant/agentic-ai-multitenant.pdf
AWS Prescriptive Guidance,Building serverless architectures for agentic AI on AWS,https://docs.aws.amazon.com/pdfs/prescriptive-guidance/latest/agentic-ai-serverless/agentic-ai-serverless.pdf
AWS Prescriptive Guidance,Building your Cloud Operating Model,https://docs.aws.amazon.com/pdfs/prescriptive-guidance/latest/strategy-cloud-operating-model/strategy-cloud-operating-model.pdf
AWS Prescriptive Guidance,Choosing a DR capability for standard editions of Amazon RDS for Oracle and SQL Server,https://docs.aws.amazon.com/pdfs/prescriptive-guidance/latest/dr-standard-edition-amazon-rds/dr-standard-edition-amazon-rds.pdf
AWS Prescriptive Guidance,Choosing a Git branching strategy for multi-account DevOps environments,https://docs.aws.amazon.com/pdfs/prescriptive-guidance/latest/choosing-git-branch-approach/choosing-git-branch-approach.pdf
AWS Prescriptive Guidance,Choosing a migration tool for rehosting databases,https://docs.aws.amazon.com/pdfs/prescriptive-guidance/latest/migration-database-rehost-tools/migration-database-rehost-tools.pdf
AWS Prescriptive Guidance,Choosing a stickiness strategy for your load balancer,https://docs.aws.amazon.com/pdfs/prescriptive-guidance/latest/load-balancer-stickiness/load-balancer-stickiness.pdf
AWS Prescriptive Guidance,Choosing an approach for modernizing .NET applications,https://docs.aws.amazon.com/pdfs/prescriptive-guidance/latest/modernization-net-applications/modernization-net-applications.pdf
AWS Prescriptive Guidance,Choosing an AWS vector database for RAG use cases,https://docs.aws.amazon.com/pdfs/prescriptive-guidance/latest/choosing-an-aws-vector-database-for-rag-use-cases/choosing-an-aws-vector-database-for-rag-use-cases.pdf
AWS Prescriptive Guidance,Choosing an infrastructure as code tool for your organization,https://docs.aws.amazon.com/pdfs/prescriptive-guidance/latest/choose-iac-tool/choose-iac-tool.pdf
AWS Prescriptive Guidance,Choosing the hardware for your Amazon EMR cluster,https://docs.aws.amazon.com/pdfs/prescriptive-guidance/latest/amazon-emr-hardware/amazon-emr-hardware.pdf
AWS Prescriptive Guidance,Choosing the right access approach for Amazon Quick,https://docs.aws.amazon.com/pdfs/prescriptive-guidance/latest/quick-suite-access-approach/quick-suite-access-approach.pdf
AWS Prescriptive Guidance,Choosing the right AWS service for your microservice endpoints,https://docs.aws.amazon.com/pdfs/prescriptive-guidance/latest/choosing-the-right-aws-service-for-your-microservice-endpoints/choosing-the-right-aws-service-for-your-microservice-endpoints.pdf
AWS Prescriptive Guidance,Choosing the right GitOps tool for your Amazon EKS cluster,https://docs.aws.amazon.com/pdfs/prescriptive-guidance/latest/eks-gitops-tools/eks-gitops-tools.pdf
AWS Prescriptive Guidance,"Cloud design patterns, architectures, and implementations",https://docs.aws.amazon.com/pdfs/prescriptive-guidance/latest/cloud-design-patterns/cloud-design-patterns.pdf
AWS Prescriptive Guidance,"Comparing Amazon Aurora Replicas, Aurora cross-Region Replicas, and Aurora global databases",https://docs.aws.amazon.com/pdfs/prescriptive-guidance/latest/aurora-replication-options/aurora-replication-options.pdf
AWS Prescriptive Guidance,Connecting to Salesforce Hyperforce by using AWS Direct Connect with Megaport,https://docs.aws.amazon.com/pdfs/prescriptive-guidance/latest/salesforce-hyperforce-connectivity-dx-megaport/salesforce-hyperforce-connectivity-dx-megaport.pdf
AWS Prescriptive Guidance,Containerizing and migrating Java applications using AWS App2Container,https://docs.aws.amazon.com/pdfs/prescriptive-guidance/latest/containerize-java-a2c/containerize-java-a2c.pdf
AWS Prescriptive Guidance,Containerizing traditional Java EE applications for the AWS Cloud,https://docs.aws.amazon.com/pdfs/prescriptive-guidance/latest/modernization-containerize-javaee/modernization-containerize-javaee.pdf
AWS Prescriptive Guidance,Cost optimization strategy for SAP workloads in the AWS Cloud,https://docs.aws.amazon.com/pdfs/prescriptive-guidance/latest/strategy-sap-cost-optimization/strategy-sap-cost-optimization.pdf
AWS Prescriptive Guidance,"Crawl, walk, run: Accelerating security maturity in the AWS Cloud",https://docs.aws.amazon.com/pdfs/prescriptive-guidance/latest/strategy-accelerating-security-maturity/strategy-accelerating-security-maturity.pdf
AWS Prescriptive Guidance,Creating a data strategy on AWS that supports your company's goals,https://docs.aws.amazon.com/pdfs/prescriptive-guidance/latest/strategy-aws-data/strategy-aws-data.pdf
AWS Prescriptive Guidance,Creating an enterprise encryption strategy for data at rest,https://docs.aws.amazon.com/pdfs/prescriptive-guidance/latest/strategy-data-at-rest-encryption/strategy-data-at-rest-encryption.pdf
AWS Prescriptive Guidance,Creating production-ready ML pipelines on AWS,https://docs.aws.amazon.com/pdfs/prescriptive-guidance/latest/creating-production-ready-ml-pipelines-on-aws/creating-production-ready-ml-pipelines-on-aws.pdf
AWS Prescriptive Guidance,Creating Retrieval Augmented Generation solutions on AWS for healthcare,https://docs.aws.amazon.com/pdfs/prescriptive-guidance/latest/rag-healthcare-use-cases/rag-healthcare-use-cases.pdf
AWS Prescriptive Guidance,Cross-account full table copy options for Amazon DynamoDB,https://docs.aws.amazon.com/pdfs/prescriptive-guidance/latest/dynamodb-full-table-copy-options/dynamodb-full-table-copy-options.pdf
AWS Prescriptive Guidance,Cyber threat intelligence sharing on AWS,https://docs.aws.amazon.com/pdfs/prescriptive-guidance/latest/cyber-threat-intelligence-sharing/cyber-threat-intelligence-sharing.pdf
AWS Prescriptive Guidance,"Data security, lifecycle, and strategy for generative AI applications",https://docs.aws.amazon.com/pdfs/prescriptive-guidance/latest/strategy-data-considerations-gen-ai/strategy-data-considerations-gen-ai.pdf
AWS Prescriptive Guidance,Database decomposition on AWS,https://docs.aws.amazon.com/pdfs/prescriptive-guidance/latest/database-decomposition/database-decomposition.pdf
AWS Prescriptive Guidance,Deciding to adopt an AWS security service,https://docs.aws.amazon.com/pdfs/prescriptive-guidance/latest/strategy-evaluating-security-service/strategy-evaluating-security-service.pdf
AWS Prescriptive Guidance,Decomposing legacy mainframe applications by using AWS Transform,https://docs.aws.amazon.com/pdfs/prescriptive-guidance/latest/mainframe-decomposition-aws-transform/mainframe-decomposition-aws-transform.pdf
AWS Prescriptive Guidance,Decomposing monoliths into microservices,https://docs.aws.amazon.com/pdfs/prescriptive-guidance/latest/modernization-decomposing-monoliths/modernization-decomposing-monoliths.pdf
AWS Prescriptive Guidance,Decoupling data storage from SAS servers using Amazon FSx for Windows File Server,https://docs.aws.amazon.com/pdfs/prescriptive-guidance/latest/data-storage-decoupling-sas-fsx/data-storage-decoupling-sas-fsx.pdf
AWS Prescriptive Guidance,Defining Amazon S3 bucket and path names for data lake layers,https://docs.aws.amazon.com/pdfs/prescriptive-guidance/latest/defining-bucket-names-data-lakes/defining-bucket-names-data-lakes.pdf
AWS Prescriptive Guidance,Designing a data lake for growth and scale on the AWS Cloud,https://docs.aws.amazon.com/pdfs/prescriptive-guidance/latest/data-lake-for-growth-scale/data-lake-for-growth-scale.pdf
AWS Prescriptive Guidance,Designing a DevSecOps mechanism,https://docs.aws.amazon.com/pdfs/prescriptive-guidance/latest/designing-a-devsecops-mechanism/designing-a-devsecops-mechanism.pdf
AWS Prescriptive Guidance,Designing an automated solution to analyze PDF files on the AWS Cloud,https://docs.aws.amazon.com/pdfs/prescriptive-guidance/latest/automated-pdf-analysis-solution/automated-pdf-analysis-solution.pdf
AWS Prescriptive Guidance,Designing an AWS Control Tower landing zone,https://docs.aws.amazon.com/pdfs/prescriptive-guidance/latest/designing-control-tower-landing-zone/designing-control-tower-landing-zone.pdf
AWS Prescriptive Guidance,Designing and implementing logging and monitoring with Amazon CloudWatch,https://docs.aws.amazon.com/pdfs/prescriptive-guidance/latest/implementing-logging-monitoring-cloudwatch/implementing-logging-monitoring-cloudwatch.pdf
AWS Prescriptive Guidance,Designing for high availability and resiliency in Amazon EKS applications,https://docs.aws.amazon.com/pdfs/prescriptive-guidance/latest/ha-resiliency-amazon-eks-apps/ha-resiliency-amazon-eks-apps.pdf
AWS Prescriptive Guidance,Designing the foundation of a dynamic and modular IVR experience on Connect Customer,https://docs.aws.amazon.com/pdfs/prescriptive-guidance/latest/ivr-design-on-connect/ivr-design-on-connect.pdf
AWS Prescriptive Guidance,DevOps for AWS Mainframe Modernization,https://docs.aws.amazon.com/pdfs/prescriptive-guidance/latest/strategy-devops-aws-mainframe-modernization/strategy-devops-aws-mainframe-modernization.pdf
AWS Prescriptive Guidance,Disaster recovery strategy for databases on AWS,https://docs.aws.amazon.com/pdfs/prescriptive-guidance/latest/strategy-database-disaster-recovery/strategy-database-disaster-recovery.pdf
AWS Prescriptive Guidance,Economics for agentic AI on AWS,https://docs.aws.amazon.com/pdfs/prescriptive-guidance/latest/agentic-ai-economics/agentic-ai-economics.pdf
AWS Prescriptive Guidance,Effort estimation framework for migrating OpenShift to Amazon EKS,https://docs.aws.amazon.com/pdfs/prescriptive-guidance/latest/estimates-for-open-shift-to-aws-eks/estimates-for-open-shift-to-aws-eks.pdf
AWS Prescriptive Guidance,"EKS cost optimization: Scaling, sizing, and savings",https://docs.aws.amazon.com/pdfs/prescriptive-guidance/latest/eks-cost-optimization/eks-cost-optimization.pdf
AWS Prescriptive Guidance,Embracing Zero Trust: A strategy for security modernization,https://docs.aws.amazon.com/pdfs/prescriptive-guidance/latest/strategy-zero-trust-architecture/strategy-zero-trust-architecture.pdf
AWS Prescriptive Guidance,Enabling business reporting and generative AI capabilities for Amazon selling partners,https://docs.aws.amazon.com/pdfs/prescriptive-guidance/latest/strategy-gen-ai-selling-partner-api/strategy-gen-ai-selling-partner-api.pdf
AWS Prescriptive Guidance,Enabling data persistence in microservices,https://docs.aws.amazon.com/pdfs/prescriptive-guidance/latest/modernization-data-persistence/modernization-data-persistence.pdf
AWS Prescriptive Guidance,Encryption best practices and features for AWS services,https://docs.aws.amazon.com/pdfs/prescriptive-guidance/latest/encryption-best-practices/encryption-best-practices.pdf
AWS Prescriptive Guidance,Enterprise multi-account architecture for running agentic AI in production on AWS,https://docs.aws.amazon.com/pdfs/prescriptive-guidance/latest/agent-ops-maturity-roadmap-for-enterprise-ai/agent-ops-maturity-roadmap-for-enterprise-ai.pdf
AWS Prescriptive Guidance,Establishing guardrails and monitoring for presigned URLs,https://docs.aws.amazon.com/pdfs/prescriptive-guidance/latest/presigned-url-best-practices/presigned-url-best-practices.pdf
AWS Prescriptive Guidance,Evaluate downgrading Microsoft SQL Server from Enterprise edition to Standard edition on AWS,https://docs.aws.amazon.com/pdfs/prescriptive-guidance/latest/evaluate-downgrading-sql-server-edition/evaluate-downgrading-sql-server-edition.pdf
AWS Prescriptive Guidance,Evaluate downgrading Oracle databases to Standard Edition 2 on AWS,https://docs.aws.amazon.com/pdfs/prescriptive-guidance/latest/evaluate-downgrading-oracle-edition/evaluate-downgrading-oracle-edition.pdf
AWS Prescriptive Guidance,Evaluating migration readiness,https://docs.aws.amazon.com/pdfs/prescriptive-guidance/latest/evaluating-migration-readiness/evaluating-migration-readiness.pdf
AWS Prescriptive Guidance,Evaluating modernization readiness for applications in the AWS Cloud,https://docs.aws.amazon.com/pdfs/prescriptive-guidance/latest/modernization-assessing-applications/modernization-assessing-applications.pdf
AWS Prescriptive Guidance,Evaluating your ML project with the MLOps checklist,https://docs.aws.amazon.com/pdfs/prescriptive-guidance/latest/mlops-checklist/mlops-checklist.pdf
AWS Prescriptive Guidance,Failure Mode and Effects Analysis for applications on AWS,https://docs.aws.amazon.com/pdfs/prescriptive-guidance/latest/failure-mode-effects-analysis/failure-mode-effects-analysis.pdf
AWS Prescriptive Guidance,Forecasting demand for freight capacity by using Amazon SageMaker AI,https://docs.aws.amazon.com/pdfs/prescriptive-guidance/latest/forecast-demand-freight-capacity/forecast-demand-freight-capacity.pdf
AWS Prescriptive Guidance,Forecasting demand for new product introductions by using AWS machine learning services,https://docs.aws.amazon.com/pdfs/prescriptive-guidance/latest/forecast-demand-new-product/forecast-demand-new-product.pdf
AWS Prescriptive Guidance,Foundation playbook for AWS large migrations,https://docs.aws.amazon.com/pdfs/prescriptive-guidance/latest/large-migration-foundation-playbook/large-migration-foundation-playbook.pdf
AWS Prescriptive Guidance,Foundations of agentic AI on AWS,https://docs.aws.amazon.com/pdfs/prescriptive-guidance/latest/agentic-ai-foundations/agentic-ai-foundations.pdf
AWS Prescriptive Guidance,Generative AI inference architecture and best practices on AWS,https://docs.aws.amazon.com/pdfs/prescriptive-guidance/latest/gen-ai-inference-architecture-and-best-practices-on-aws/gen-ai-inference-architecture-and-best-practices-on-aws.pdf
AWS Prescriptive Guidance,Generative AI Lifecycle Operational Excellence framework on AWS,https://docs.aws.amazon.com/pdfs/prescriptive-guidance/latest/gen-ai-lifecycle-operational-excellence/gen-ai-lifecycle-operational-excellence.pdf
AWS Prescriptive Guidance,Generative AI workload assessment,https://docs.aws.amazon.com/pdfs/prescriptive-guidance/latest/gen-ai-workload-assessment/gen-ai-workload-assessment.pdf
AWS Prescriptive Guidance,Getting started with serverless ETL on AWS Glue,https://docs.aws.amazon.com/pdfs/prescriptive-guidance/latest/serverless-etl-aws-glue/serverless-etl-aws-glue.pdf
AWS Prescriptive Guidance,Getting started with Terraform: Guidance for AWS CDK and AWS CloudFormation experts,https://docs.aws.amazon.com/pdfs/prescriptive-guidance/latest/getting-started-terraform/getting-started-terraform.pdf
AWS Prescriptive Guidance,Governing and architecting the diversity of agentic AI at scale,https://docs.aws.amazon.com/pdfs/prescriptive-guidance/latest/govern-architect-agentic-ai/govern-architect-agentic-ai.pdf
AWS Prescriptive Guidance,Guide for AWS large migrations,https://docs.aws.amazon.com/pdfs/prescriptive-guidance/latest/large-migration-guide/large-migration-guide.pdf
AWS Prescriptive Guidance,Hyperscaling Aurora MySQL-Compatible to handle sudden traffic growth,https://docs.aws.amazon.com/pdfs/prescriptive-guidance/latest/hyperscale-aurora-mysql/hyperscale-aurora-mysql.pdf
AWS Prescriptive Guidance,Image classification solutions on AWS,https://docs.aws.amazon.com/pdfs/prescriptive-guidance/latest/image-classification/image-classification.pdf
AWS Prescriptive Guidance,Implementing a bot control strategy on AWS,https://docs.aws.amazon.com/pdfs/prescriptive-guidance/latest/bot-control/bot-control.pdf
AWS Prescriptive Guidance,Implementing IaP on AWS,https://docs.aws.amazon.com/pdfs/prescriptive-guidance/latest/iap-on-aws/iap-on-aws.pdf
AWS Prescriptive Guidance,Implementing inline traffic inspection using third-party security appliances,https://docs.aws.amazon.com/pdfs/prescriptive-guidance/latest/inline-traffic-inspection-third-party-appliances/inline-traffic-inspection-third-party-appliances.pdf
AWS Prescriptive Guidance,Implementing managed PostgreSQL for multi-tenant SaaS applications on AWS,https://docs.aws.amazon.com/pdfs/prescriptive-guidance/latest/saas-multitenant-managed-postgresql/saas-multitenant-managed-postgresql.pdf
AWS Prescriptive Guidance,Implementing policies for least-privilege permissions for AWS CloudFormation,https://docs.aws.amazon.com/pdfs/prescriptive-guidance/latest/least-privilege-cloudformation/least-privilege-cloudformation.pdf
AWS Prescriptive Guidance,Implementing security controls on AWS,https://docs.aws.amazon.com/pdfs/prescriptive-guidance/latest/aws-security-controls/aws-security-controls.pdf
AWS Prescriptive Guidance,Improve performance using AWS Lambda event filtering and partial batch responses for Amazon SQS,https://docs.aws.amazon.com/pdfs/prescriptive-guidance/latest/lambda-event-filtering-partial-batch-responses-for-sqs/lambda-event-filtering-partial-batch-responses-for-sqs.pdf
AWS Prescriptive Guidance,"Increasing application scalability, performance, and availability by using Amazon RDS Proxy",https://docs.aws.amazon.com/pdfs/prescriptive-guidance/latest/amazon-rds-proxy/amazon-rds-proxy.pdf
AWS Prescriptive Guidance,Increasing resilience and improving customer experience by using chaos engineering on AWS,https://docs.aws.amazon.com/pdfs/prescriptive-guidance/latest/chaos-engineering-on-aws/chaos-engineering-on-aws.pdf
AWS Prescriptive Guidance,Integrating Amazon Aurora PostgreSQL-Compatible with heterogeneous databases and AWS services,https://docs.aws.amazon.com/pdfs/prescriptive-guidance/latest/aurora-postgresql-integration/aurora-postgresql-integration.pdf
AWS Prescriptive Guidance,Integrating Amazon DynamoDB and Amazon ElastiCache by using read-through caching,https://docs.aws.amazon.com/pdfs/prescriptive-guidance/latest/dynamodb-elasticache-integration/dynamodb-elasticache-integration.pdf
AWS Prescriptive Guidance,Integrating Learning Management Systems (LMS) with AWS,https://docs.aws.amazon.com/pdfs/prescriptive-guidance/latest/lms-integration-with-aws/lms-integration-with-aws.pdf
AWS Prescriptive Guidance,Integrating microservices by using AWS serverless services,https://docs.aws.amazon.com/pdfs/prescriptive-guidance/latest/modernization-integrating-microservices/modernization-integrating-microservices.pdf
AWS Prescriptive Guidance,Integrating third-party services in the AWS Cloud,https://docs.aws.amazon.com/pdfs/prescriptive-guidance/latest/integrate-third-party-services/integrate-third-party-services.pdf
AWS Prescriptive Guidance,Introduction to governance for AWS large migrations,https://docs.aws.amazon.com/pdfs/prescriptive-guidance/latest/large-migration-intro-governance/large-migration-intro-governance.pdf
AWS Prescriptive Guidance,Investing in chaos engineering as a strategic necessity,https://docs.aws.amazon.com/pdfs/prescriptive-guidance/latest/strategy-chaos-engineering-journey/strategy-chaos-engineering-journey.pdf
AWS Prescriptive Guidance,Load testing applications,https://docs.aws.amazon.com/pdfs/prescriptive-guidance/latest/load-testing/load-testing.pdf
AWS Prescriptive Guidance,Logging and monitoring guide for application owners,https://docs.aws.amazon.com/pdfs/prescriptive-guidance/latest/logging-monitoring-for-application-owners/logging-monitoring-for-application-owners.pdf
AWS Prescriptive Guidance,Machine learning model interpretability with AWS,https://docs.aws.amazon.com/pdfs/prescriptive-guidance/latest/ml-model-interpretability/ml-model-interpretability.pdf
AWS Prescriptive Guidance,Mainframe data replication strategy for the AWS Cloud,https://docs.aws.amazon.com/pdfs/prescriptive-guidance/latest/strategy-mainframe-data-replication/strategy-mainframe-data-replication.pdf
AWS Prescriptive Guidance,Mainframe modernization: Decoupling patterns for migrating application code,https://docs.aws.amazon.com/pdfs/prescriptive-guidance/latest/modernization-mainframe-decoupling-patterns/modernization-mainframe-decoupling-patterns.pdf
AWS Prescriptive Guidance,Maintenance for PostgreSQL databases in Amazon RDS and Amazon Aurora to avoid performance issues,https://docs.aws.amazon.com/pdfs/prescriptive-guidance/latest/postgresql-maintenance-rds-aurora/postgresql-maintenance-rds-aurora.pdf
AWS Prescriptive Guidance,Managing transitive dependency conflicts during package migrations,https://docs.aws.amazon.com/pdfs/prescriptive-guidance/latest/managing-transitive-dependency-conflicts-package-migrations/managing-transitive-dependency-conflicts-package-migrations.pdf
AWS Prescriptive Guidance,Manufacturing devices at scale with AWS IoT Greengrass golden images,https://docs.aws.amazon.com/pdfs/prescriptive-guidance/latest/iot-greengrass-golden-images/iot-greengrass-golden-images.pdf
AWS Prescriptive Guidance,Maturity model for adopting generative AI on AWS,https://docs.aws.amazon.com/pdfs/prescriptive-guidance/latest/strategy-gen-ai-maturity-model/strategy-gen-ai-maturity-model.pdf
AWS Prescriptive Guidance,Migrate workloads to the AWS Cloud by using CloudEndure Migration,https://docs.aws.amazon.com/pdfs/prescriptive-guidance/latest/migration-cloudendure/migration-cloudendure.pdf
AWS Prescriptive Guidance,Migrating a Db2 for LUW database to Amazon EC2,https://docs.aws.amazon.com/pdfs/prescriptive-guidance/latest/rehost-db2-database-on-aws/rehost-db2-database-on-aws.pdf
AWS Prescriptive Guidance,Migrating an on-premises Avaya contact center to Amazon Connect Customer and Amazon Lex V2,https://docs.aws.amazon.com/pdfs/prescriptive-guidance/latest/migrate-avaya-to-connect-lex/migrate-avaya-to-connect-lex.pdf
AWS Prescriptive Guidance,Migrating an on-premises SAP ASE database to Amazon RDS for SQL Server,https://docs.aws.amazon.com/pdfs/prescriptive-guidance/latest/sap-ase-to-amazon-rds-sql-server-database-migration/sap-ase-to-amazon-rds-sql-server-database-migration.pdf
AWS Prescriptive Guidance,Migrating bulky Oracle databases to AWS for cross-platform environments,https://docs.aws.amazon.com/pdfs/prescriptive-guidance/latest/migrate-bulky-oracle-databases/migrate-bulky-oracle-databases.pdf
AWS Prescriptive Guidance,Migrating from Apache Solr to Amazon OpenSearch Service,https://docs.aws.amazon.com/pdfs/prescriptive-guidance/latest/migration-solr-opensearch/migration-solr-opensearch.pdf
AWS Prescriptive Guidance,Migrating from F5 BIG-IP to F5 BIG-IP VE on the AWS Cloud,https://docs.aws.amazon.com/pdfs/prescriptive-guidance/latest/migration-f5-big-ip/migration-f5-big-ip.pdf
AWS Prescriptive Guidance,"Migrating large, multi-terabyte MySQL or MariaDB databases to AWS",https://docs.aws.amazon.com/pdfs/prescriptive-guidance/latest/migration-large-mysql-mariadb-databases/migration-large-mysql-mariadb-databases.pdf
AWS Prescriptive Guidance,Migrating large-scale self-managed Kubernetes clusters to Amazon EKS,https://docs.aws.amazon.com/pdfs/prescriptive-guidance/latest/migrating-self-managed-kubernetes-cluster-to-amazon-eks/migrating-self-managed-kubernetes-cluster-to-amazon-eks.pdf
AWS Prescriptive Guidance,Migrating legacy ASP.NET Web Forms applications to AWS,https://docs.aws.amazon.com/pdfs/prescriptive-guidance/latest/migration-asp-net-web-forms/migration-asp-net-web-forms.pdf
AWS Prescriptive Guidance,Migrating Microsoft SQL Server databases to the AWS Cloud,https://docs.aws.amazon.com/pdfs/prescriptive-guidance/latest/migration-sql-server/migration-sql-server.pdf
AWS Prescriptive Guidance,Migrating on-premises PostgreSQL databases to Amazon EC2,https://docs.aws.amazon.com/pdfs/prescriptive-guidance/latest/migration-databases-postgresql-ec2/migration-databases-postgresql-ec2.pdf
AWS Prescriptive Guidance,Migrating on-premises servers to AWS over private networks by using AWS Transform MGN,https://docs.aws.amazon.com/pdfs/prescriptive-guidance/latest/rehost-servers-over-private-networks-mgn/rehost-servers-over-private-networks-mgn.pdf
AWS Prescriptive Guidance,Migrating on-premises Teradata environments to Teradata VantageCloud Lake on AWS,https://docs.aws.amazon.com/pdfs/prescriptive-guidance/latest/migration-teradata-vantagecloud-lake/migration-teradata-vantagecloud-lake.pdf
AWS Prescriptive Guidance,Migrating on-premises Teradata Vantage environments to Teradata VantageCloud Enterprise on AWS,https://docs.aws.amazon.com/pdfs/prescriptive-guidance/latest/migration-teradata-vantagecloud-aws/migration-teradata-vantagecloud-aws.pdf
AWS Prescriptive Guidance,Migrating OpenText TeamSite and Media Management workloads to the AWS Cloud,https://docs.aws.amazon.com/pdfs/prescriptive-guidance/latest/migration-opentext-teamsite/migration-opentext-teamsite.pdf
AWS Prescriptive Guidance,Migrating Oracle databases to the AWS Cloud,https://docs.aws.amazon.com/pdfs/prescriptive-guidance/latest/migration-oracle-database/migration-oracle-database.pdf
AWS Prescriptive Guidance,Migrating perimeter zone applications to the AWS Cloud using AWS Network Firewall,https://docs.aws.amazon.com/pdfs/prescriptive-guidance/latest/migration-perimeter-zone-apps-network-firewall/migration-perimeter-zone-apps-network-firewall.pdf
AWS Prescriptive Guidance,Migrating SAS Grid to the AWS Cloud,https://docs.aws.amazon.com/pdfs/prescriptive-guidance/latest/migration-sas-grid/migration-sas-grid.pdf
AWS Prescriptive Guidance,Migrating SAS Viya to the AWS Cloud,https://docs.aws.amazon.com/pdfs/prescriptive-guidance/latest/migrating-sas-viya-to-the-aws-cloud/migrating-sas-viya-to-the-aws-cloud.pdf
AWS Prescriptive Guidance,Migrating SSIS ETL jobs to AWS,https://docs.aws.amazon.com/pdfs/prescriptive-guidance/latest/migration-ssis-etl/migration-ssis-etl.pdf
AWS Prescriptive Guidance,Migrating to Amazon OpenSearch Service,https://docs.aws.amazon.com/pdfs/prescriptive-guidance/latest/opensearch-service-migration/opensearch-service-migration.pdf
AWS Prescriptive Guidance,Migrating to MongoDB Atlas on AWS,https://docs.aws.amazon.com/pdfs/prescriptive-guidance/latest/migration-mongodb-atlas/migration-mongodb-atlas.pdf
AWS Prescriptive Guidance,Migration playbook for AWS large migrations,https://docs.aws.amazon.com/pdfs/prescriptive-guidance/latest/large-migration-migration-playbook/large-migration-migration-playbook.pdf
AWS Prescriptive Guidance,Mobilize your organization to accelerate large-scale migrations,https://docs.aws.amazon.com/pdfs/prescriptive-guidance/latest/strategy-migration/strategy-migration.pdf
AWS Prescriptive Guidance,Model Context Protocol strategies on AWS,https://docs.aws.amazon.com/pdfs/prescriptive-guidance/latest/mcp-strategies/mcp-strategies.pdf
AWS Prescriptive Guidance,Model Context Protocol (MCP) Deployment Patterns on AWS,https://docs.aws.amazon.com/pdfs/prescriptive-guidance/latest/mcp-deployment-patterns-on-aws/mcp-deployment-patterns-on-aws.pdf
AWS Prescriptive Guidance,Modeling data with Amazon DynamoDB,https://docs.aws.amazon.com/pdfs/prescriptive-guidance/latest/dynamodb-data-modeling/dynamodb-data-modeling.pdf
AWS Prescriptive Guidance,Modernizing ASP.NET (ASMX) web services incrementally by using containers and Amazon API Gateway,https://docs.aws.amazon.com/pdfs/prescriptive-guidance/latest/modernization-aspnet-web-services/modernization-aspnet-web-services.pdf
AWS Prescriptive Guidance,Modernizing data historians for the manufacturing industry in the AWS Cloud,https://docs.aws.amazon.com/pdfs/prescriptive-guidance/latest/strategy-iiot-historian-modernization/strategy-iiot-historian-modernization.pdf
AWS Prescriptive Guidance,Modernizing manufacturing execution systems (MES) in the AWS Cloud,https://docs.aws.amazon.com/pdfs/prescriptive-guidance/latest/mes-on-aws/mes-on-aws.pdf
AWS Prescriptive Guidance,Modernizing operations in the AWS Cloud,https://docs.aws.amazon.com/pdfs/prescriptive-guidance/latest/migration-operations-integration/migration-operations-integration.pdf
AWS Prescriptive Guidance,Modernizing your application by migrating from an RDBMS to Amazon DynamoDB,https://docs.aws.amazon.com/pdfs/prescriptive-guidance/latest/modernization-rdbms-dynamodb/modernization-rdbms-dynamodb.pdf
AWS Prescriptive Guidance,Modernizing your healthcare-data strategy,https://docs.aws.amazon.com/pdfs/prescriptive-guidance/latest/strategy-modern-healthcare-data/strategy-modern-healthcare-data.pdf
AWS Prescriptive Guidance,Monitoring and alerting tools and best practices for Amazon RDS for MySQL and MariaDB,https://docs.aws.amazon.com/pdfs/prescriptive-guidance/latest/amazon-rds-monitoring-alerting/amazon-rds-monitoring-alerting.pdf
AWS Prescriptive Guidance,"Monitoring AWS CloudHSM by using metrics, audit logs, and alarms",https://docs.aws.amazon.com/pdfs/prescriptive-guidance/latest/monitoring-cloudhsm/monitoring-cloudhsm.pdf
AWS Prescriptive Guidance,Multi-tenancy guidance for ISVs running Amazon Neptune databases,https://docs.aws.amazon.com/pdfs/prescriptive-guidance/latest/multi-tenancy-amazon-neptune/multi-tenancy-amazon-neptune.pdf
AWS Prescriptive Guidance,Multi-tenant SaaS authorization and API access control: Implementation options and best practices,https://docs.aws.amazon.com/pdfs/prescriptive-guidance/latest/saas-multitenant-api-access-authorization/saas-multitenant-api-access-authorization.pdf
AWS Prescriptive Guidance,Networking connectivity options on AWS for SaaS offerings,https://docs.aws.amazon.com/pdfs/prescriptive-guidance/latest/saas-network-access-options/saas-network-access-options.pdf
AWS Prescriptive Guidance,Operationalizing agentic AI on AWS,https://docs.aws.amazon.com/pdfs/prescriptive-guidance/latest/strategy-operationalizing-agentic-ai/strategy-operationalizing-agentic-ai.pdf
AWS Prescriptive Guidance,Optimize costs for Microsoft workloads on AWS,https://docs.aws.amazon.com/pdfs/prescriptive-guidance/latest/optimize-costs-microsoft-workloads/optimize-costs-microsoft-workloads.pdf
AWS Prescriptive Guidance,Optimizing PostgreSQL query performance,https://docs.aws.amazon.com/pdfs/prescriptive-guidance/latest/postgresql-query-tuning/postgresql-query-tuning.pdf
AWS Prescriptive Guidance,Optimizing SQL Server on Amazon EC2 for Oracle JD Edwards EnterpriseOne,https://docs.aws.amazon.com/pdfs/prescriptive-guidance/latest/sql-server-optimization-for-enterpriseone/sql-server-optimization-for-enterpriseone.pdf
AWS Prescriptive Guidance,"Options, tools, and best practices for migrating Microsoft workloads to AWS",https://docs.aws.amazon.com/pdfs/prescriptive-guidance/latest/migration-microsoft-workloads-aws/migration-microsoft-workloads-aws.pdf
AWS Prescriptive Guidance,OU structure in regulated AWS landing zones: an example from the pharmaceutical industry,https://docs.aws.amazon.com/pdfs/prescriptive-guidance/latest/ou-structure-landing-zone/ou-structure-landing-zone.pdf
AWS Prescriptive Guidance,Overcoming common cloud transformation challenges,https://docs.aws.amazon.com/pdfs/prescriptive-guidance/latest/strategy-cloud-transformation/strategy-cloud-transformation.pdf
AWS Prescriptive Guidance,Patterns,https://docs.aws.amazon.com/pdfs/prescriptive-guidance/latest/patterns/prescriptive-guidance.pdf
AWS Prescriptive Guidance,Planning for successful MLOps,https://docs.aws.amazon.com/pdfs/prescriptive-guidance/latest/ml-operations-planning/ml-operations-planning.pdf
AWS Prescriptive Guidance,Planning large VDI migrations to the AWS Cloud,https://docs.aws.amazon.com/pdfs/prescriptive-guidance/latest/large-migration-vdi/large-migration-vdi.pdf
AWS Prescriptive Guidance,Portfolio playbook for AWS large migrations,https://docs.aws.amazon.com/pdfs/prescriptive-guidance/latest/large-migration-portfolio-playbook/large-migration-portfolio-playbook.pdf
AWS Prescriptive Guidance,Positive risk within cybersecurity,https://docs.aws.amazon.com/pdfs/prescriptive-guidance/latest/strategy-cybersecurity-positive-risk/strategy-cybersecurity-positive-risk.pdf
AWS Prescriptive Guidance,Preparation guide for CMMC Level 2 on AWS,https://docs.aws.amazon.com/pdfs/prescriptive-guidance/latest/cmmc-level-2-compliance-on-aws/cmmc-level-2-compliance-on-aws.pdf
AWS Prescriptive Guidance,Prioritization guide for refactoring Microsoft SQL Server and Oracle databases on AWS,https://docs.aws.amazon.com/pdfs/prescriptive-guidance/latest/database-refactor-prioritization/database-refactor-prioritization.pdf
AWS Prescriptive Guidance,Project governance playbook for AWS large migrations,https://docs.aws.amazon.com/pdfs/prescriptive-guidance/latest/large-migration-governance-playbook/large-migration-governance-playbook.pdf
AWS Prescriptive Guidance,Prompt engineering best practices to avoid prompt injection attacks on modern LLMs,https://docs.aws.amazon.com/pdfs/prescriptive-guidance/latest/llm-prompt-engineering-best-practices/llm-prompt-engineering-best-practices.pdf
AWS Prescriptive Guidance,Query best practices for Amazon Redshift,https://docs.aws.amazon.com/pdfs/prescriptive-guidance/latest/query-best-practices-redshift/query-best-practices-redshift.pdf
AWS Prescriptive Guidance,Reaching Essential Eight maturity on AWS: Security and compliance for Australian organizations,https://docs.aws.amazon.com/pdfs/prescriptive-guidance/latest/essential-eight-maturity/essential-eight-maturity.pdf
AWS Prescriptive Guidance,Recommended security controls for implementing AWS CAF security capabilities,https://docs.aws.amazon.com/pdfs/prescriptive-guidance/latest/security-controls-by-caf-capability/security-controls-by-caf-capability.pdf
AWS Prescriptive Guidance,Red Hat OpenShift on AWS implementation strategies,https://docs.aws.amazon.com/pdfs/prescriptive-guidance/latest/red-hat-openshift-on-aws-implementation/red-hat-openshift-on-aws-implementation.pdf
AWS Prescriptive Guidance,Rehosting your applications in a multi-account architecture on AWS by using VPC interface endpoints,https://docs.aws.amazon.com/pdfs/prescriptive-guidance/latest/rehost-multi-account-architecture-interface-endpoints/rehost-multi-account-architecture-interface-endpoints.pdf
AWS Prescriptive Guidance,Replatform options for Oracle Database on AWS,https://docs.aws.amazon.com/pdfs/prescriptive-guidance/latest/replatform-oracle-database-options/replatform-oracle-database-options.pdf
AWS Prescriptive Guidance,Replatforming COTS and in-house applications during a migration to the AWS Cloud,https://docs.aws.amazon.com/pdfs/prescriptive-guidance/latest/migration-replatforming-cots-applications/migration-replatforming-cots-applications.pdf
AWS Prescriptive Guidance,Replatforming mainframe applications using a shared IBM Db2 for z/OS database for gradual migration,https://docs.aws.amazon.com/pdfs/prescriptive-guidance/latest/replatform-mainframe-apps-shared-db2/replatform-mainframe-apps-shared-db2.pdf
AWS Prescriptive Guidance,Required endpoints for AWS IoT SiteWise Edge gateways,https://docs.aws.amazon.com/pdfs/prescriptive-guidance/latest/endpoints-for-iot-sitewise-edge-gateways/endpoints-for-iot-sitewise-edge-gateways.pdf
AWS Prescriptive Guidance,Resilience analysis framework,https://docs.aws.amazon.com/pdfs/prescriptive-guidance/latest/resilience-analysis-framework/resilience-analysis-framework.pdf
AWS Prescriptive Guidance,Resilience lifecycle framework: A continuous approach to resilience improvement,https://docs.aws.amazon.com/pdfs/prescriptive-guidance/latest/resilience-lifecycle-framework/resilience-lifecycle-framework.pdf
AWS Prescriptive Guidance,Retrieval Augmented Generation options and architectures on AWS,https://docs.aws.amazon.com/pdfs/prescriptive-guidance/latest/retrieval-augmented-generation-options/retrieval-augmented-generation-options.pdf
AWS Prescriptive Guidance,Robust network design with AWS Control Tower,https://docs.aws.amazon.com/pdfs/prescriptive-guidance/latest/robust-network-design-control-tower/robust-network-design-control-tower.pdf
AWS Prescriptive Guidance,Running modernized Blu Age mainframe workloads on serverless AWS infrastructure,https://docs.aws.amazon.com/pdfs/prescriptive-guidance/latest/run-bluage-modernized-mainframes/run-bluage-modernized-mainframes.pdf
AWS Prescriptive Guidance,SAP on AWS migration methodology,https://docs.aws.amazon.com/pdfs/prescriptive-guidance/latest/strategy-sap-migration/strategy-sap-migration.pdf
AWS Prescriptive Guidance,"Scaling Amazon EKS infrastructure to optimize compute, workloads, and network performance",https://docs.aws.amazon.com/pdfs/prescriptive-guidance/latest/scaling-amazon-eks-infrastructure/scaling-amazon-eks-infrastructure.pdf
AWS Prescriptive Guidance,Secure Cloud Computing Architecture on AWS for the US Department of Defense,https://docs.aws.amazon.com/pdfs/prescriptive-guidance/latest/secure-architecture-dod/secure-architecture-dod.pdf
AWS Prescriptive Guidance,Secure your VPC’s outbound network traffic in the AWS Cloud,https://docs.aws.amazon.com/pdfs/prescriptive-guidance/latest/secure-outbound-network-traffic/secure-outbound-network-traffic.pdf
AWS Prescriptive Guidance,Securing semiconductor development environments on AWS,https://docs.aws.amazon.com/pdfs/prescriptive-guidance/latest/strategy-aws-semicon-workloads/strategy-aws-semicon-workloads.pdf
AWS Prescriptive Guidance,Securing sensitive data by using AWS Secrets Manager and HashiCorp Terraform,https://docs.aws.amazon.com/pdfs/prescriptive-guidance/latest/secure-sensitive-data-secrets-manager-terraform/secure-sensitive-data-secrets-manager-terraform.pdf
AWS Prescriptive Guidance,Security for agentic AI on AWS,https://docs.aws.amazon.com/pdfs/prescriptive-guidance/latest/agentic-ai-security/agentic-ai-security.pdf
AWS Prescriptive Guidance,"Semantic Layer for Agentic AI using Ontology, Symbolic Reasoning, and Virtual Knowledge Graph",https://docs.aws.amazon.com/pdfs/prescriptive-guidance/latest/semantic-layer-agentic-ai-ontology-reasoning-virtual-knowledge-graph/semantic-layer-agentic-ai-ontology-reasoning-virtual-knowledge-graph.pdf
AWS Prescriptive Guidance,Setting up an agile program to accelerate cloud migrations,https://docs.aws.amazon.com/pdfs/prescriptive-guidance/latest/migration-program-implementation/migration-program-implementation.pdf
AWS Prescriptive Guidance,Standardizing IaC pipelines by using the AWS DevOps Pipeline Accelerator,https://docs.aws.amazon.com/pdfs/prescriptive-guidance/latest/devops-pipeline-accelerator/devops-pipeline-accelerator.pdf
AWS Prescriptive Guidance,Strategies for building a data mesh-based enterprise solution on AWS,https://docs.aws.amazon.com/pdfs/prescriptive-guidance/latest/strategy-data-mesh/strategy-data-mesh.pdf
AWS Prescriptive Guidance,Strategies for homogeneous migration of Oracle databases to the AWS Cloud,https://docs.aws.amazon.com/pdfs/prescriptive-guidance/latest/strategy-oracle-database-homogeneous-migration/strategy-oracle-database-homogeneous-migration.pdf
AWS Prescriptive Guidance,Strategies for migrating your contact center to Connect Customer,https://docs.aws.amazon.com/pdfs/prescriptive-guidance/latest/strategy-migration-connect/strategy-migration-connect.pdf
AWS Prescriptive Guidance,Strategy and best practices for AWS large migrations,https://docs.aws.amazon.com/pdfs/prescriptive-guidance/latest/strategy-large-scale-migrations/strategy-large-scale-migrations.pdf
AWS Prescriptive Guidance,Strengthening security in IAM Roles Anywhere by using certificate-based access controls,https://docs.aws.amazon.com/pdfs/prescriptive-guidance/latest/certificate-based-access-controls/certificate-based-access-controls.pdf
AWS Prescriptive Guidance,Supply chain calculations for Amazon Quick,https://docs.aws.amazon.com/pdfs/prescriptive-guidance/latest/supply-chain-calculations-quick-suite/supply-chain-calculations-quick-suite.pdf
AWS Prescriptive Guidance,Synchronizing infrastructure as code (IaC) with event-driven programming (EDP),https://docs.aws.amazon.com/pdfs/prescriptive-guidance/latest/iac-edp-combo-approach/iac-edp-combo-approach.pdf
AWS Prescriptive Guidance,Testing serverless applications on AWS,https://docs.aws.amazon.com/pdfs/prescriptive-guidance/latest/serverless-application-testing/serverless-application-testing.pdf
AWS Prescriptive Guidance,The AWS CDK layer guide,https://docs.aws.amazon.com/pdfs/prescriptive-guidance/latest/aws-cdk-layers/aws-cdk-layers.pdf
AWS Prescriptive Guidance,The CI/CD litmus test: Is your pipeline fully CI/CD?,https://docs.aws.amazon.com/pdfs/prescriptive-guidance/latest/strategy-cicd-litmus/strategy-cicd-litmus.pdf
AWS Prescriptive Guidance,Tools for migrating to the AWS Cloud,https://docs.aws.amazon.com/pdfs/prescriptive-guidance/latest/migration-tools/migration-tools.pdf
AWS Prescriptive Guidance,Top 10 security best practices for securing backups in AWS,https://docs.aws.amazon.com/pdfs/prescriptive-guidance/latest/security-best-practices/security-best-practices.pdf
AWS Prescriptive Guidance,Transferring Oracle Database dump files from on premises to AWS,https://docs.aws.amazon.com/pdfs/prescriptive-guidance/latest/oracle-dump-files-aws/oracle-dump-files-aws.pdf
AWS Prescriptive Guidance,Transforming application development and maintenance operating models on AWS with generative AI,https://docs.aws.amazon.com/pdfs/prescriptive-guidance/latest/strategy-transform-adm-operating-model-gen-ai/strategy-transform-adm-operating-model-gen-ai.pdf
AWS Prescriptive Guidance,Transitioning from AWS Landing Zone to AWS Control Tower,https://docs.aws.amazon.com/pdfs/prescriptive-guidance/latest/aws-control-tower/aws-control-tower.pdf
AWS Prescriptive Guidance,Transitioning from VMware to the AWS Cloud,https://docs.aws.amazon.com/pdfs/prescriptive-guidance/latest/transitioning-from-vmware-to-the-aws-cloud/transitioning-from-vmware-to-the-aws-cloud.pdf
AWS Prescriptive Guidance,Transitioning to multiple AWS accounts,https://docs.aws.amazon.com/pdfs/prescriptive-guidance/latest/transitioning-to-multiple-aws-accounts/transitioning-to-multiple-aws-accounts.pdf
AWS Prescriptive Guidance,Tuning Spark SQL queries for AWS Glue and Amazon EMR Spark jobs,https://docs.aws.amazon.com/pdfs/prescriptive-guidance/latest/spark-tuning-glue-emr/spark-tuning-glue-emr.pdf
AWS Prescriptive Guidance,Understanding and implementing micro-frontends on AWS,https://docs.aws.amazon.com/pdfs/prescriptive-guidance/latest/micro-frontends-aws/micro-frontends-aws.pdf
AWS Prescriptive Guidance,Understanding the query lifecycle in Amazon Redshift,https://docs.aws.amazon.com/pdfs/prescriptive-guidance/latest/query-lifecycle-redshift/query-lifecycle-redshift.pdf
AWS Prescriptive Guidance,Unlocking the value of your data at scale in the financial services industry,https://docs.aws.amazon.com/pdfs/prescriptive-guidance/latest/strategy-unlock-value-data-financial-services/strategy-unlock-value-data-financial-services.pdf
AWS Prescriptive Guidance,Use CCM and QPM to optimize recovery performance and execution plans in Amazon Aurora PostgreSQL,https://docs.aws.amazon.com/pdfs/prescriptive-guidance/latest/ccm-and-qpm-aurora-postgresql/ccm-and-qpm-aurora-postgresql.pdf
AWS Prescriptive Guidance,Using Amazon Comprehend Medical and LLMs for healthcare and life sciences,https://docs.aws.amazon.com/pdfs/prescriptive-guidance/latest/generative-ai-nlp-healthcare/generative-ai-nlp-healthcare.pdf
AWS Prescriptive Guidance,Using Amazon DynamoDB global tables,https://docs.aws.amazon.com/pdfs/prescriptive-guidance/latest/dynamodb-global-tables/dynamodb-global-tables.pdf
AWS Prescriptive Guidance,Using Apache Iceberg on AWS,https://docs.aws.amazon.com/pdfs/prescriptive-guidance/latest/apache-iceberg-on-aws/apache-iceberg-on-aws.pdf
AWS Prescriptive Guidance,Using architectural decision records to streamline decision-making during development,https://docs.aws.amazon.com/pdfs/prescriptive-guidance/latest/architectural-decision-records/architectural-decision-records.pdf
AWS Prescriptive Guidance,Using AWS Managed Services to achieve target business outcomes,https://docs.aws.amazon.com/pdfs/prescriptive-guidance/latest/strategy-aws-managed-services-outcomes/strategy-aws-managed-services-outcomes.pdf
AWS Prescriptive Guidance,"Using best practices when tagging for monitoring, reporting, and cost optimization",https://docs.aws.amazon.com/pdfs/prescriptive-guidance/latest/tagging-best-practices/tagging-best-practices.pdf
AWS Prescriptive Guidance,Using Control-M workflow orchestrator integration with AWS Mainframe Modernization,https://docs.aws.amazon.com/pdfs/prescriptive-guidance/latest/control-m-batch-scheduler/control-m-batch-scheduler.pdf
AWS Prescriptive Guidance,Using development value stream mapping to identify constraints to DevOps outcomes,https://docs.aws.amazon.com/pdfs/prescriptive-guidance/latest/strategy-devops-value-stream-mapping/strategy-devops-value-stream-mapping.pdf
AWS Prescriptive Guidance,Using materialized views in Amazon Redshift,https://docs.aws.amazon.com/pdfs/prescriptive-guidance/latest/materialized-views-redshift/materialized-views-redshift.pdf
AWS Prescriptive Guidance,Version-controlled AWS CloudFormation deployments using commit ID tagging,https://docs.aws.amazon.com/pdfs/prescriptive-guidance/latest/cloud-formation-version-control-guide/cloud-formation-version-control-guide.pdf
AWS Prescriptive Guidance,Working around Terraform data source limitations on AWS,https://docs.aws.amazon.com/pdfs/prescriptive-guidance/latest/terraform-data-limitations/terraform-data-limitations.pdf
AWS Prescriptive Guidance,Writing best practices to optimize RAG applications,https://docs.aws.amazon.com/pdfs/prescriptive-guidance/latest/writing-best-practices-rag/writing-best-practices-rag.pdf
AWS Security Incident Response Guide,AWS Technical Guide,https://docs.aws.amazon.com/pdfs/whitepapers/latest/aws-security-incident-response-guide/aws-security-incident-response-guide.pdf
AWS Serverless Data Analytics Pipeline,AWS Whitepaper,https://docs.aws.amazon.com/pdfs/whitepapers/latest/aws-serverless-data-analytics-pipeline/aws-serverless-data-analytics-pipeline.pdf
AWS Serverless Multi-Tier Architectures with Amazon API Gateway and AWS Lambda,AWS Whitepaper,https://docs.aws.amazon.com/pdfs/whitepapers/latest/serverless-multi-tier-architectures-api-gateway-lambda/serverless-multi-tier-architectures-api-gateway-lambda.pdf
AWS Storage Services Overview,AWS Whitepaper,https://docs.aws.amazon.com/pdfs/whitepapers/latest/aws-storage-services-overview/aws-storage-services-overview.pdf
AWS User Guide to Financial Services Regulations and Guidelines in Australia,AWS Whitepaper,https://docs.aws.amazon.com/pdfs/whitepapers/latest/aws-financial-services-guidance-australia/aws-financial-services-guidance-australia.pdf
AWS Well-Architected,User Guide,https://docs.aws.amazon.com/pdfs/wellarchitected/latest/userguide/wellarchitected-ug.pdf
AWS Well-Architected Framework,Framework,https://docs.aws.amazon.com/pdfs/wellarchitected/2023-10-03/framework/wellarchitected-framework-2023-10-03.pdf
AWS Well-Architected Framework,Framework,https://docs.aws.amazon.com/pdfs/wellarchitected/2025-02-25/framework/wellarchitected-framework-2025-02-25.pdf
AWS Well-Architected Framework,Framework,https://docs.aws.amazon.com/pdfs/wellarchitected/2024-06-27/framework/wellarchitected-framework-2024-06-27.pdf
AWS Well-Architected Framework,Framework,https://docs.aws.amazon.com/pdfs/wellarchitected/latest/framework/wellarchitected-framework.pdf
AWS Well-Architected Framework (2022-03-31),,https://docs.aws.amazon.com/pdfs/wellarchitected/2022-03-31/framework/wellarchitected-framework-2022-03-31.pdf
AWS Well-Architected Framework (2023-04-10),,https://docs.aws.amazon.com/pdfs/wellarchitected/2023-04-10/framework/wellarchitected-framework-2023-04-10.pdf
Best Practices for Building a Data Lake on AWS for Games,AWS Whitepaper,https://docs.aws.amazon.com/pdfs/whitepapers/latest/best-practices-building-data-lake-for-games/best-practices-building-data-lake-for-games.pdf
Best Practices for Deploying Amazon WorkSpaces Applications,,https://docs.aws.amazon.com/pdfs/whitepapers/latest/best-practices-for-deploying-amazon-appstream-2/best-practices-for-deploying-amazon-appstream-2.pdf
Best Practices for Deploying ClioSoft SOS on AWS,AWS Whitepapers,https://docs.aws.amazon.com/pdfs/whitepapers/latest/best-practices-deploying-cliosoft-sos-on-aws/best-practices-deploying-cliosoft-sos-on-aws.pdf
Best Practices for Deploying SAS Server on AWS,AWS Whitepaper,https://docs.aws.amazon.com/pdfs/whitepapers/latest/best-practices-for-deploying-sas-server/best-practices-for-deploying-sas-server.pdf
Best Practices for Deploying WorkSpaces,AWS Whitepaper,https://docs.aws.amazon.com/pdfs/whitepapers/latest/best-practices-deploying-amazon-workspaces/best-practices-deploying-amazon-workspaces.pdf
Best Practices for Designing Amazon API Gateway Private APIs and Private Integration,AWS Whitepaper,https://docs.aws.amazon.com/pdfs/whitepapers/latest/best-practices-api-gateway-private-apis-integration/best-practices-api-gateway-private-apis-integration.pdf
Best Practices for Running Oracle Database on AWS,AWS Whitepaper,https://docs.aws.amazon.com/pdfs/whitepapers/latest/oracle-database-aws-best-practices/oracle-database-aws-best-practices.pdf
Best Practices for Tagging AWS Resources,AWS Whitepaper,https://docs.aws.amazon.com/pdfs/whitepapers/latest/tagging-best-practices/tagging-best-practices.pdf
Best Practices for WordPress on AWS,AWS Whitepaper,https://docs.aws.amazon.com/pdfs/whitepapers/latest/best-practices-wordpress/best-practices-wordpress.pdf
Big Data Analytics Options on AWS,AWS Whitepaper,https://docs.aws.amazon.com/pdfs/whitepapers/latest/big-data-analytics-options/big-data-analytics-options.pdf
Blue/Green Deployments on AWS,AWS Whitepaper,https://docs.aws.amazon.com/pdfs/whitepapers/latest/blue-green-deployments/blue-green-deployments.pdf
Build a Secure Enterprise Machine Learning Platform on AWS,AWS Technical Guide,https://docs.aws.amazon.com/pdfs/whitepapers/latest/build-secure-enterprise-ml-platform/build-secure-enterprise-ml-platform.pdf
Build Modern Data Streaming Architectures on AWS,AWS Whitepaper,https://docs.aws.amazon.com/pdfs/whitepapers/latest/build-modern-data-streaming-analytics-architectures/build-modern-data-streaming-analytics-architectures.pdf
Building A Data Perimeter on AWS,AWS Whitepaper,https://docs.aws.amazon.com/pdfs/whitepapers/latest/building-a-data-perimeter-on-aws/building-a-data-perimeter-on-aws.pdf
Building a Scalable and Secure Multi-VPC AWS Network Infrastructure,AWS Whitepaper,https://docs.aws.amazon.com/pdfs/whitepapers/latest/building-scalable-secure-multi-vpc-network-infrastructure/building-scalable-secure-multi-vpc-network-infrastructure.pdf
Cerner HealtheDataLab Overview,AWS Whitepaper,https://docs.aws.amazon.com/pdfs/whitepapers/latest/cerner-healthedatalab-overview/cerner-healthedatalab-overview.pdf
Change Enablement in the Cloud,AWS Well-Architected,https://docs.aws.amazon.com/pdfs/wellarchitected/latest/change-enablement-in-the-cloud/change-enablement-in-the-cloud.pdf
Choosing an AWS NoSQL Database,AWS Whitepaper,https://docs.aws.amazon.com/pdfs/whitepapers/latest/choosing-an-aws-nosql-database/choosing-an-aws-nosql-database.pdf
Classic Intrusion Analysis Frameworks for AWS Environments: Application and Enhancement,AWS Whitepapers,https://docs.aws.amazon.com/pdfs/whitepapers/latest/classic-intrusion-analysis-frameworks-for-aws-environments/classic-intrusion-analysis-frameworks-for-aws-environments.pdf
Cloud Automation for 5G Network,AWS Whitepaper,https://docs.aws.amazon.com/pdfs/whitepapers/latest/cloud-automation-5g-network/cloud-automation-5g-network.pdf
Cloud-Driven Enterprise Transformation on AWS,AWS Whitepaper,https://docs.aws.amazon.com/pdfs/whitepapers/latest/cloud-driven-enterprise-transformation-on-aws/cloud-driven-enterprise-transformation-on-aws.pdf
Computational Fluid Dynamics on AWS,AWS Whitepaper,https://docs.aws.amazon.com/pdfs/whitepapers/latest/computational-fluid-dynamics-on-aws/computational-fluid-dynamics-on-aws.pdf
Connected Mobility Lens,AWS Well-Architected Framework,https://docs.aws.amazon.com/pdfs/wellarchitected/latest/connected-mobility-lens/connected-mobility-lens.pdf
Container Build Lens,AWS Well-Architected Framework,https://docs.aws.amazon.com/pdfs/wellarchitected/latest/container-build-lens/container-build-lens.pdf
Containers on AWS,AWS Whitepaper,https://docs.aws.amazon.com/pdfs/whitepapers/latest/containers-on-aws/containers-on-aws.pdf
Continuous Integration and Continuous Delivery for 5G Networks on AWS,AWS Whitepaper,https://docs.aws.amazon.com/pdfs/whitepapers/latest/cicd_for_5g_networks_on_aws/cicd_for_5g_networks_on_aws.pdf
Cost Management in the AWS Cloud,AWS Whitepaper,https://docs.aws.amazon.com/pdfs/whitepapers/latest/cost-management/cost-management.pdf
Cost Modeling Data Lakes for Beginners,How to start your journey into data analytics,https://docs.aws.amazon.com/pdfs/whitepapers/latest/cost-modeling-data-lakes/cost-modeling-data-lakes.pdf
Cost Optimization Pillar,AWS Well-Architected Framework,https://docs.aws.amazon.com/pdfs/wellarchitected/latest/cost-optimization-pillar/wellarchitected-cost-optimization-pillar.pdf
Creating a Culture of Cost Transparency and Accountability,AWS Whitepaper,https://docs.aws.amazon.com/pdfs/whitepapers/latest/cost-optimization-transparency-accountability/cost-optimization-transparency-accountability.pdf
Cross-Domain Solutions with AWS,AWS Whitepaper,https://docs.aws.amazon.com/pdfs/whitepapers/latest/cross-domain-solutions/cross-domain-solutions.pdf
Data Analytics Lens,AWS Well-Architected Framework,https://docs.aws.amazon.com/pdfs/wellarchitected/latest/analytics-lens/analytics-lens.pdf
Data Classification,AWS Whitepaper,https://docs.aws.amazon.com/pdfs/whitepapers/latest/data-classification/data-classification.pdf
Data Residency and Hybrid Cloud Lens,AWS Well-Architected Framework,https://docs.aws.amazon.com/pdfs/wellarchitected/latest/data-residency-hybrid-cloud-services-lens/data-residency-hybrid-cloud-services-lens.pdf
Data Warehousing on AWS,AWS Whitepaper,https://docs.aws.amazon.com/pdfs/whitepapers/latest/data-warehousing-on-aws/data-warehousing-on-aws.pdf
Database Caching Strategies Using Redis,AWS Whitepaper,https://docs.aws.amazon.com/pdfs/whitepapers/latest/database-caching-strategies-using-redis/database-caching-strategies-using-redis.pdf
Demand Forecasting,AWS Whitepaper,https://docs.aws.amazon.com/pdfs/whitepapers/latest/demand-forecasting/demand-forecasting.pdf
Deploying Oracle SOA Suite 12c on AWS,AWS Whitepaper,https://docs.aws.amazon.com/pdfs/whitepapers/latest/deploying-oracle-soa-suite-12c/deploying-oracle-soa-suite-12c.pdf
Derive Insights from AWS Modern Data,AWS Whitepaper,https://docs.aws.amazon.com/pdfs/whitepapers/latest/derive-insights-from-aws-modern-data/derive-insights-from-aws-modern-data.pdf
Designing MQTT Topics for AWS IoT Core,AWS Whitepaper,https://docs.aws.amazon.com/pdfs/whitepapers/latest/designing-mqtt-topics-aws-iot-core/designing-mqtt-topics-aws-iot-core.pdf
Designing Next Generation Vehicle Communication with AWS IoT Core and MQTT,AWS Whitepaper,https://docs.aws.amazon.com/pdfs/whitepapers/latest/designing-next-generation-vehicle-communication-aws-iot/designing-next-generation-vehicle-communication-aws-iot.pdf
Determining IOPS Needs for Oracle Database on AWS,AWS Whitepaper,https://docs.aws.amazon.com/pdfs/whitepapers/latest/determining-iops-needs-oracle-db-on-aws/determining-iops-needs-oracle-db-on-aws.pdf
Developing and Deploying .NET Applications on AWS,AWS Whitepaper,https://docs.aws.amazon.com/pdfs/whitepapers/latest/develop-deploy-dotnet-apps-on-aws/develop-deploy-dotnet-apps-on-aws.pdf
Development and Test on Amazon Web Services,AWS Whitepaper,https://docs.aws.amazon.com/pdfs/whitepapers/latest/development-and-test-on-aws/development-and-test-on-aws.pdf
Device Manufacturing and Provisioning with X.509 Certificates in AWS IoT Core,AWS Whitepaper,https://docs.aws.amazon.com/pdfs/whitepapers/latest/device-manufacturing-provisioning/device-manufacturing-provisioning.pdf
DevOps Guidance,AWS Well-Architected,https://docs.aws.amazon.com/pdfs/wellarchitected/latest/devops-guidance/devops-guidance.pdf
Digital Sovereignty Lens,AWS Well-Architected Framework,https://docs.aws.amazon.com/pdfs/wellarchitected/latest/digital-sovereignty-lens/digital-sovereignty-lens.pdf
Digital Strategies for Vaccine Distribution and Administration,AWS Whitepaper,https://docs.aws.amazon.com/pdfs/whitepapers/latest/covid-19-vaccine-digital-communication/covid-19-vaccine-digital-communication.pdf
Digital Transformation and IT Modernization for Elections in AWS,AWS Whitepaper,https://docs.aws.amazon.com/pdfs/whitepapers/latest/digital-transformation-it-modernization-elections/digital-transformation-it-modernization-elections.pdf
Disaster Recovery of On-Premises Applications to AWS,AWS Whitepaper,https://docs.aws.amazon.com/pdfs/whitepapers/latest/disaster-recovery-of-on-premises-applications-to-aws/disaster-recovery-of-on-premises-applications-to-aws.pdf
Disaster Recovery of Workloads on AWS: Recovery in the Cloud,AWS Well-Architected Framework,https://docs.aws.amazon.com/pdfs/whitepapers/latest/disaster-recovery-workloads-on-aws/disaster-recovery-workloads-on-aws.pdf
End User Computing (EUC) Lens,AWS Well-Architected Framework,https://docs.aws.amazon.com/pdfs/wellarchitected/latest/end-user-computing-lens/end-user-computing-lens.pdf
Enterprise Data Governance Catalog,AWS Whitepaper,https://docs.aws.amazon.com/pdfs/whitepapers/latest/enterprise-data-governance-catalog/enterprise-data-governance-catalog.pdf
Establishing Your Cloud Foundation on AWS,AWS Whitepaper,https://docs.aws.amazon.com/pdfs/whitepapers/latest/establishing-your-cloud-foundation-on-aws/establishing-your-cloud-foundation-on-aws.pdf
ETSI NFVO Compliant Orchestration in the Kubernetes/Cloud Native World,AWS Whitepaper,https://docs.aws.amazon.com/pdfs/whitepapers/latest/ETSI-NFVO-compliant-orchestration-in-kubernetes/ETSI-NFVO-compliant-orchestration-in-kubernetes.pdf
Fault-Tolerant Components on AWS,AWS Whitepaper,https://docs.aws.amazon.com/pdfs/whitepapers/latest/fault-tolerant-components/fault-tolerant-components.pdf
File Gateway for Hybrid Cloud Storage Architectures,AWS Whitepaper,https://docs.aws.amazon.com/pdfs/whitepapers/latest/file-gateway-hybrid-cloud-storage-architectures/file-gateway-hybrid-cloud-storage-architectures.pdf
Financial Services Grid Computing on AWS,AWS Whitepaper,https://docs.aws.amazon.com/pdfs/whitepapers/latest/financial-services-grid-computing/financial-services-grid-computing.pdf
Financial Services Industry Lens,AWS Well-Architected Framework,https://docs.aws.amazon.com/pdfs/wellarchitected/latest/financial-services-industry-lens/wellarchitected-financial-services-industry-lens.pdf
Games Industry Lens,AWS Whitepaper,https://docs.aws.amazon.com/pdfs/wellarchitected/latest/games-industry-lens/games-industry-lens.pdf
Generative AI Lens,AWS Well-Architected Framework,https://docs.aws.amazon.com/pdfs/wellarchitected/latest/generative-ai-lens/generative-ai-lens.pdf
"Genomics Data Transfer, Analytics, and Machine Learning using AWS Services",AWS Whitepaper,https://docs.aws.amazon.com/pdfs/whitepapers/latest/genomics-data-transfer-analytics-and-machine-learning/genomics-data-transfer-analytics-and-machine-learning.pdf
Government Lens,AWS Well-Architected Framework,https://docs.aws.amazon.com/pdfs/wellarchitected/latest/government-lens/government-lens.pdf
Guavus 5G-IQ NWDAF on AWS,AWS Whitepaper,https://docs.aws.amazon.com/pdfs/whitepapers/latest/guavus-5G-iq-nwdaf-on-aws/guavus-5G-iq-nwdaf-on-aws.pdf
Guidance for NHS Trusts Adopting AWS Cloud Services,AWS Whitepaper,https://docs.aws.amazon.com/pdfs/whitepapers/latest/guidance-for-nhs-trusts-adopting-aws/guidance-for-nhs-trusts-adopting-aws.pdf
GxP Systems on AWS,AWS Whitepapers,https://docs.aws.amazon.com/pdfs/whitepapers/latest/gxp-systems-on-aws/gxp-systems-on-aws.pdf
Healthcare Data Analytics Framework for the Opioid Crisis,AWS Whitepaper,https://docs.aws.amazon.com/pdfs/whitepapers/latest/healthcare-data-analytics-framework-opioid-crisis/healthcare-data-analytics-framework-opioid-crisis.pdf
Healthcare Digital Signage Using Amazon Kindle,AWS Whitepaper,https://docs.aws.amazon.com/pdfs/whitepapers/latest/healthcare-digital-signage-using-amazon-kindle/healthcare-digital-signage-using-amazon-kindle.pdf
Healthcare Industry Lens,AWS Well-Architected Framework,https://docs.aws.amazon.com/pdfs/wellarchitected/latest/healthcare-industry-lens/healthcare-industry-lens.pdf
High Performance Computing Lens,AWS Well-Architected Framework,https://docs.aws.amazon.com/pdfs/wellarchitected/latest/high-performance-computing-lens/wellarchitected-high-performance-computing-lens.pdf
Hosting Static Websites on AWS,AWS Whitepaper,https://docs.aws.amazon.com/pdfs/whitepapers/latest/build-static-websites-aws/build-static-websites-aws.pdf
How AWS Pricing Works,AWS Whitepaper,https://docs.aws.amazon.com/pdfs/whitepapers/latest/how-aws-pricing-works/how-aws-pricing-works.pdf
Hybrid Architectures to Address Personal Data Processing Requirements,AWS Whitepaper,https://docs.aws.amazon.com/pdfs/whitepapers/latest/hybrid-architectures-to-address-personal-data-processing-requirements/hybrid-architectures-to-address-personal-data-processing-requirements.pdf
Hybrid Cloud DNS Options for Amazon VPC,AWS Whitepaper,https://docs.aws.amazon.com/pdfs/whitepapers/latest/hybrid-cloud-dns-options-for-vpc/hybrid-cloud-dns-options-for-vpc.pdf
Hybrid Cloud with AWS,AWS Whitepaper,https://docs.aws.amazon.com/pdfs/whitepapers/latest/hybrid-cloud-with-aws/hybrid-cloud-with-aws.pdf
Hybrid Connectivity,AWS Whitepaper,https://docs.aws.amazon.com/pdfs/whitepapers/latest/hybrid-connectivity/hybrid-connectivity.pdf
Hybrid Machine Learning,AWS Whitepaper,https://docs.aws.amazon.com/pdfs/whitepapers/latest/hybrid-machine-learning/hybrid-machine-learning.pdf
Hybrid Networking Lens - AWS Well-Architected Framework,AWS Whitepaper,https://docs.aws.amazon.com/pdfs/wellarchitected/latest/hybrid-networking-lens/hybrid-networking-lens.pdf
Implementing Low-Power Wide-Area Network (LPWAN) Solutions with AWS IoT,AWS Whitepaper,https://docs.aws.amazon.com/pdfs/whitepapers/latest/implementing-lpwan-solutions-with-aws/implementing-lpwan-solutions-with-aws.pdf
Implementing Microservices on AWS,AWS Whitepaper,https://docs.aws.amazon.com/pdfs/whitepapers/latest/microservices-on-aws/microservices-on-aws.pdf
Internal Revenue Service Publication 1075 Compliance in AWS,Internal Revenue Service Publication 1075 Compliance in AWS,https://docs.aws.amazon.com/pdfs/whitepapers/latest/internal-revenue-service-publication-1075-compliance-in-aws/internal-revenue-service-publication-1075-compliance-in-aws.pdf
Internet of Things (IoT) Lens,AWS Well-Architected Framework,https://docs.aws.amazon.com/pdfs/wellarchitected/latest/iot-lens/wellarchitected-iot-lens.pdf
Introduction to AWS Security,AWS Whitepaper,https://docs.aws.amazon.com/pdfs/whitepapers/latest/introduction-aws-security/introduction-aws-security.pdf
Introduction to AWS Security by Design,AWS Whitepaper,https://docs.aws.amazon.com/pdfs/whitepapers/latest/intro-security-by-design/intro-security-by-design.pdf
Introduction to DevOps on AWS,AWS Whitepaper,https://docs.aws.amazon.com/pdfs/whitepapers/latest/introduction-devops-aws/introduction-devops-aws.pdf
IPv6 on AWS,Best practices for adopting and designing IPv6-based networks on AWS,https://docs.aws.amazon.com/pdfs/whitepapers/latest/ipv6-on-aws/ipv6-on-aws.pdf
It’s Time to Evolve: End User Windows Application Delivery In the 2020s,Introduction to a software binary taxonomy,https://docs.aws.amazon.com/pdfs/whitepapers/latest/its-time-to-evolve-end-user-windows-application-delivery-in-the-2020s/its-time-to-evolve-end-user-windows-application-delivery-in-the-2020s.pdf
Leveraging AWS Marketplace Storage Solutions for Microsoft SharePoint,AWS Whitepaper,https://docs.aws.amazon.com/pdfs/whitepapers/latest/marketplace-storage-softnas-sharepoint/marketplace-storage-softnas-sharepoint.pdf
Life Sciences Lens,AWS Well-Architected Framework,https://docs.aws.amazon.com/pdfs/wellarchitected/latest/life-sciences-lens/life-sciences-lens.pdf
"Load, Store, and Protect Linux- Based NFS Workloads in AWS","A Cloud Migration Guide with AWS DataSync, Amazon Elastic File System, and AWS Backup",https://docs.aws.amazon.com/pdfs/whitepapers/latest/load-store-protect-linux-nfs/load-store-protect-linux-nfs.pdf
Logical Separation on AWS,AWS Whitepaper,https://docs.aws.amazon.com/pdfs/whitepapers/latest/logical-separation/logical-separation.pdf
Machine Learning Best Practices for Public Sector Organizations,AWS Whitepaper,https://docs.aws.amazon.com/pdfs/whitepapers/latest/ml-best-practices-public-sector-organizations/ml-best-practices-public-sector-organizations.pdf
Machine Learning Lens,AWS Well-Architected Framework,https://docs.aws.amazon.com/pdfs/wellarchitected/latest/machine-learning-lens/wellarchitected-machine-learning-lens.pdf
Management and Governance Cloud Environment Guide,AWS Well-Architected Framework,https://docs.aws.amazon.com/pdfs/wellarchitected/latest/management-and-governance-guide/management-and-governance-cloud-environment-guide.pdf
Mergers and Acquisitions Lens,AWS Well-Architected Framework,https://docs.aws.amazon.com/pdfs/wellarchitected/latest/mergers-and-acquisitions-lens/mergers-and-acquisitions-lens.pdf
Microsoft Workloads Lens - AWS Well-Architected Framework,AWS Well-Architected Framework,https://docs.aws.amazon.com/pdfs/wellarchitected/latest/microsoft-workloads-lens/microsoft-workloads-lens.pdf
Migrating Magento Open Source or Adobe Commerce on Cloud Infrastructure Self-Service to AWS,AWS Whitepaper,https://docs.aws.amazon.com/pdfs/whitepapers/latest/migrating-magento-open-source-adobe-commerce-to-aws/migrating-magento-open-source-adobe-commerce-to-aws.pdf
Migrating Oracle E-Business Suite on AWS,AWS Whitepaper,https://docs.aws.amazon.com/pdfs/whitepapers/latest/migrating-oracle-e-business-suite/migrating-oracle-e-business-suite.pdf
Migrating to Apache HBase on Amazon S3 on Amazon EMR,Guidelines and Best Practices,https://docs.aws.amazon.com/pdfs/whitepapers/latest/migrate-apache-hbase-s3/migrate-apache-hbase-s3.pdf
Migration and Modernization Strategy for Integrated Eligibility Systems,AWS Whitepaper,https://docs.aws.amazon.com/pdfs/whitepapers/latest/migration-modernization-strategy-for-ies/migration-modernization-strategy-for-ies.pdf
Migration Lens,AWS Well-Architected Framework,https://docs.aws.amazon.com/pdfs/wellarchitected/latest/migration-lens/migration-lens.pdf
Model Based Systems Engineering (MBSE) on AWS: From Migration to Innovation,AWS Whitepaper,https://docs.aws.amazon.com/pdfs/whitepapers/latest/model-based-systems-engineering/model-based-systems-engineering.pdf
Model Explainability with AWS Artificial Intelligence and Machine Learning Solutions,AWS Whitepaper,https://docs.aws.amazon.com/pdfs/whitepapers/latest/model-explainability-aws-ai-ml/model-explainability-aws-ai-ml.pdf
Moderating Image Content in Slack with Amazon Rekognition and Amazon AppFlow,Technical guide,https://docs.aws.amazon.com/pdfs/whitepapers/latest/moderating-image-content-in-slack/moderating-image-content-in-slack.pdf
Modern Data Architecture Rationales on AWS,AWS Whitepaper,https://docs.aws.amazon.com/pdfs/whitepapers/latest/modern-data-architecture-rationales-on-aws/modern-data-architecture-rationales-on-aws.pdf
Modern Industrial Data Technology Lens,AWS Well-Architected Framework,https://docs.aws.amazon.com/pdfs/wellarchitected/latest/modern-industrial-data-technology-lens/modern-industrial-data-technology-lens.pdf
Monitoring River Levels Using LoRaWAN,Implementation Guide,https://docs.aws.amazon.com/pdfs/whitepapers/latest/monitoring-river-levels-using-lorawan/monitoring-river-levels-using-lorawan.pdf
Māori Data Lens,AWS Well-Architected Framework,https://docs.aws.amazon.com/pdfs/wellarchitected/latest/maori-data-lens/maori-data-lens.pdf
Navigating GDPR Compliance on AWS,AWS Whitepaper,https://docs.aws.amazon.com/pdfs/whitepapers/latest/navigating-gdpr-compliance/navigating-gdpr-compliance.pdf
Netcracker Active Resource Inventory on AWS,AWS Whitepaper,https://docs.aws.amazon.com/pdfs/whitepapers/latest/netcracker-active-resource-inventory-on-aws/netcracker-active-resource-inventory-on-aws.pdf
Next-Generation Mobile Private Networks Powered by AWS,AWS Whitepaper,https://docs.aws.amazon.com/pdfs/whitepapers/latest/mobile-private-networks/mobile-private-networks.pdf
Next-Generation OSS with AWS,AWS Whitepaper,https://docs.aws.amazon.com/pdfs/whitepapers/latest/next-generation-oss/next-generation-oss.pdf
Open Radio Access Network Architecture on AWS,AWS Whitepaper,https://docs.aws.amazon.com/pdfs/whitepapers/latest/open-radio-access-network-architecture-on-aws/open-radio-access-network-architecture-on-aws.pdf
Operational Excellence Pillar,AWS Well-Architected Framework,https://docs.aws.amazon.com/pdfs/wellarchitected/latest/operational-excellence-pillar/wellarchitected-operational-excellence-pillar.pdf
Operational Readiness Reviews (ORR),AWS Well-Architected Framework,https://docs.aws.amazon.com/pdfs/wellarchitected/latest/operational-readiness-reviews/operational-readiness-reviews.pdf
Optimizing Enterprise Economics with Serverless Architectures,AWS Whitepaper,https://docs.aws.amazon.com/pdfs/whitepapers/latest/optimizing-enterprise-economics-with-serverless/optimizing-enterprise-economics-with-serverless.pdf
Optimizing MySQL Running on Amazon EC2 Using Amazon EBS,AWS Whitepaper,https://docs.aws.amazon.com/pdfs/whitepapers/latest/optimizing-mysql-on-ec2-using-amazon-ebs/optimizing-mysql-on-ec2-using-amazon-ebs.pdf
Optimizing PostgreSQL Running on Amazon EC2 Using Amazon EBS,AWS Whitepaper,https://docs.aws.amazon.com/pdfs/whitepapers/latest/optimizing-postgresql-on-ec2-using-ebs/optimizing-postgresql-on-ec2-using-ebs.pdf
Organizing Your AWS Environment Using Multiple Accounts,AWS Whitepaper,https://docs.aws.amazon.com/pdfs/whitepapers/latest/organizing-your-aws-environment/organizing-your-aws-environment.pdf
Overview of Amazon Web Services,AWS Whitepaper,https://docs.aws.amazon.com/pdfs/whitepapers/latest/aws-overview/aws-overview.pdf
Overview of Deployment Options on AWS,AWS Whitepaper,https://docs.aws.amazon.com/pdfs/whitepapers/latest/overview-deployment-options/overview-deployment-options.pdf
Overview of Oracle E-Business Suite on AWS,AWS Whitepaper,https://docs.aws.amazon.com/pdfs/whitepapers/latest/overview-oracle-e-business-suite/overview-oracle-e-business-suite.pdf
Overview of the Samsung Push to Talk (PTT) Solution on AWS,AWS Whitepaper,https://docs.aws.amazon.com/pdfs/whitepapers/latest/samsung-ptt-aws/samsung-ptt-aws.pdf
Patterns for Ingesting SaaS Data into AWS Data Lakes,AWS Whitepaper,https://docs.aws.amazon.com/pdfs/whitepapers/latest/patterns-for-ingesting-saas-data-into-aws-data-lakes/patterns-for-ingesting-saas-data-into-aws-data-lakes.pdf
Payment Card Industry Data Security Standard (PCI DSS) 3.2.1 on AWS,Compliance Guide,https://docs.aws.amazon.com/pdfs/whitepapers/latest/pci-dss-3-2-1-on-aws/pci-dss-3-2-1-on-aws.pdf
Performance Efficiency Pillar,AWS Well-Architected Framework,https://docs.aws.amazon.com/pdfs/wellarchitected/latest/performance-efficiency-pillar/wellarchitected-performance-efficiency-pillar.pdf
Planning your AI-Powered Business Journey with Accenture on AWS,AWS Whitepaper,https://docs.aws.amazon.com/pdfs/whitepapers/latest/planning-ai-business-journey-with-accenture-on-aws/planning-ai-business-journey-with-accenture-on-aws.pdf
Practicing Continuous Integration and Continuous Delivery on AWS,AWS Whitepaper,https://docs.aws.amazon.com/pdfs/whitepapers/latest/practicing-continuous-integration-continuous-delivery/practicing-continuous-integration-continuous-delivery.pdf
Public Sector Cloud Transformation,An AWS how-to guide,https://docs.aws.amazon.com/pdfs/whitepapers/latest/public-sector-cloud-transformation/public-sector-cloud-transformation.pdf
Ransomware Risk Management on AWS Using the NIST Cyber Security Framework (CSF),AWS Whitepaper,https://docs.aws.amazon.com/pdfs/whitepapers/latest/ransomware-risk-management-on-aws-using-nist-csf/ransomware-risk-management-on-aws-using-nist-csf.pdf
Reactive Systems on AWS,AWS Whitepaper,https://docs.aws.amazon.com/pdfs/whitepapers/latest/reactive-systems-on-aws/reactive-systems-on-aws.pdf
Real-Time Communication on AWS,AWS Whitepaper,https://docs.aws.amazon.com/pdfs/whitepapers/latest/real-time-communication-on-aws/real-time-communication-on-aws.pdf
Reducing the Scope of Impact with Cell-Based Architecture,AWS Well-Architected,https://docs.aws.amazon.com/pdfs/wellarchitected/latest/reducing-scope-of-impact-with-cell-based-architecture/reducing-scope-of-impact-with-cell-based-architecture.pdf
Reliability Pillar,AWS Well-Architected Framework,https://docs.aws.amazon.com/pdfs/wellarchitected/latest/reliability-pillar/wellarchitected-reliability-pillar.pdf
Replatform .NET Applications with Windows Containers,AWS Technical Guide,https://docs.aws.amazon.com/pdfs/whitepapers/latest/replatform-dotnet-apps-with-windows-containers/replatform-dotnet-apps-with-windows-containers.pdf
Responsible AI Lens,AWS Whitepaper,https://docs.aws.amazon.com/pdfs/wellarchitected/latest/responsible-ai-lens/responsible-ai-lens.pdf
Run Semiconductor Design Workflows on AWS,AWS Technical Guide,https://docs.aws.amazon.com/pdfs/whitepapers/latest/run-semiconductor-workflows-on-aws/run-semiconductor-workflows-on-aws.pdf
Running Containerized Microservices on AWS,AWS Whitepaper,https://docs.aws.amazon.com/pdfs/whitepapers/latest/running-containerized-microservices/running-containerized-microservices.pdf
SaaS Architecture Fundamentals,AWS Whitepaper,https://docs.aws.amazon.com/pdfs/whitepapers/latest/saas-architecture-fundamentals/saas-architecture-fundamentals.pdf
SaaS Journey Framework: Building a New SaaS Solution on AWS,AWS Whitepaper,https://docs.aws.amazon.com/pdfs/whitepapers/latest/saas-journey-framework/saas-journey-framework.pdf
SaaS Lens,AWS Well-Architected Framework,https://docs.aws.amazon.com/pdfs/wellarchitected/latest/saas-lens/wellarchitected-saas-lens.pdf
SaaS Solutions on AWS: Tenant Isolation Architectures,AWS Whitepaper,https://docs.aws.amazon.com/pdfs/whitepapers/latest/saas-solutions-tenant-isolation-architectures/saas-solutions-tenant-isolation-architectures.pdf
SaaS Storage Strategies,Building a multitenant storage model on AWS,https://docs.aws.amazon.com/pdfs/whitepapers/latest/multi-tenant-saas-storage-strategies/multi-tenant-saas-storage-strategies.pdf
SaaS Tenant Isolation Strategies: Isolating Resources in a Multi-Tenant Environment,AWS Whitepaper,https://docs.aws.amazon.com/pdfs/whitepapers/latest/saas-tenant-isolation-strategies/saas-tenant-isolation-strategies.pdf
SageMaker Studio Administration Best Practices,AWS Whitepaper,https://docs.aws.amazon.com/pdfs/whitepapers/latest/sagemaker-studio-admin-best-practices/sagemaker-studio-admin-best-practices.pdf
SAP Lens,AWS Well-Architected Framework,https://docs.aws.amazon.com/pdfs/wellarchitected/latest/sap-lens/sap-lens.pdf
SDDC Deployment and Best Practices Guide on AWS,AWS Whitepaper,https://docs.aws.amazon.com/pdfs/whitepapers/latest/sddc-deployment-and-best-practices/sddc-deployment-and-best-practices.pdf
Securely Access Services Over AWS PrivateLink,AWS Whitepaper,https://docs.aws.amazon.com/pdfs/whitepapers/latest/aws-privatelink/aws-privatelink.pdf
Securing Internet of Things (IoT) with AWS,AWS Whitepaper,https://docs.aws.amazon.com/pdfs/whitepapers/latest/securing-iot-with-aws/securing-iot-with-aws.pdf
Security at the Edge: Core Principles,AWS Whitepaper,https://docs.aws.amazon.com/pdfs/whitepapers/latest/security-at-the-edge/security-at-the-edge.pdf
Security Best Practices for Manufacturing OT,AWS Whitepaper,https://docs.aws.amazon.com/pdfs/whitepapers/latest/security-best-practices-for-manufacturing-ot/security-best-practices-for-manufacturing-ot.pdf
Security Overview of Amazon API Gateway,AWS Whitepaper,https://docs.aws.amazon.com/pdfs/whitepapers/latest/security-overview-amazon-api-gateway/security-overview-amazon-api-gateway.pdf
Security Pillar,AWS Well-Architected Framework,https://docs.aws.amazon.com/pdfs/wellarchitected/latest/security-pillar/wellarchitected-security-pillar.pdf
Semiconductor Design on AWS,AWS Whitepaper,https://docs.aws.amazon.com/pdfs/whitepapers/latest/semiconductor-design-on-aws/semiconductor-design-on-aws.pdf
Serverless Applications Lens,AWS Well-Architected Framework,https://docs.aws.amazon.com/pdfs/wellarchitected/latest/serverless-applications-lens/wellarchitected-serverless-applications-lens.pdf
Setting Up Multi-User Environments in AWS (for Classroom Training and Research),AWS Whitepaper,https://docs.aws.amazon.com/pdfs/whitepapers/latest/setting-up-multi-user-environments/setting-up-multi-user-environments.pdf
Storage Best Practices for Data and Analytics Applications,AWS Whitepaper,https://docs.aws.amazon.com/pdfs/whitepapers/latest/building-data-lakes/building-data-lakes.pdf
Strategies for Migrating Oracle Databases to AWS,AWS Whitepaper,https://docs.aws.amazon.com/pdfs/whitepapers/latest/strategies-migrating-oracle-db-to-aws/strategies-migrating-oracle-db-to-aws.pdf
Streaming Data Solutions on AWS,AWS Whitepaper,https://docs.aws.amazon.com/pdfs/whitepapers/latest/streaming-data-solutions-amazon-kinesis/streaming-data-solutions-amazon-kinesis.pdf
Streaming Media Lens,AWS Well-Architected Framework,https://docs.aws.amazon.com/pdfs/wellarchitected/latest/streaming-media-lens/wellarchitected-streaming-media-lens.pdf
Supply Chain Lens,AWS Well-Architected Framework,https://docs.aws.amazon.com/pdfs/wellarchitected/latest/supply-chain-lens/supply-chain-lens.pdf
Sustainability Pillar,AWS Well-Architected Framework,https://docs.aws.amazon.com/pdfs/wellarchitected/latest/sustainability-pillar/wellarchitected-sustainability-pillar.pdf
SWIFT Customer Security Controls Framework (v2022) on AWS,Best Practices to Implement Security Controls for SWIFT Connectivity,https://docs.aws.amazon.com/pdfs/whitepapers/latest/swift-customer-security-controls-framework-2021/swift-customer-security-controls-framework-2021.pdf
Telco Lens,AWS Whitepaper,https://docs.aws.amazon.com/pdfs/wellarchitected/latest/telco-lens/telco-lens.pdf
Ten Considerations for a Cloud Procurement,AWS Whitepaper,https://docs.aws.amazon.com/pdfs/whitepapers/latest/considerations-for-cloud-procurement/considerations-for-cloud-procurement.pdf
The DigitalRoute Usage Engine Private Edition on AWS,AWS Whitepaper,https://docs.aws.amazon.com/pdfs/whitepapers/latest/digitalroute-usage-engine-private-edition-on-aws/digitalroute-usage-engine-private-edition-on-aws.pdf
The Security Design of the AWS Nitro System,AWS Whitepaper,https://docs.aws.amazon.com/pdfs/whitepapers/latest/security-design-of-aws-nitro-system/security-design-of-aws-nitro-system.pdf
Unpicking Vendor Lock-in,A guide to understanding and mitigating switching costs when changing your Cloud Services Provider,https://docs.aws.amazon.com/pdfs/whitepapers/latest/unpicking-vendor-lock-in/unpicking-vendor-lock-in.pdf
Use AWS WAF to Mitigate OWASP’s Top 10 Web Application Vulnerabilities,AWS Whitepaper,https://docs.aws.amazon.com/pdfs/whitepapers/latest/waf-mitigate-owasp-web-vulnerabilities/waf-mitigate-owasp-web-vulnerabilities.pdf
Using Altair Breeze for EDA Workload Migration to AWS,AWS Whitepaper,https://docs.aws.amazon.com/pdfs/whitepapers/latest/using-ellexus-breeze-eda-workload-migration/using-ellexus-breeze-eda-workload-migration.pdf
Using AWS in the Context of NHS Cloud Security Guidance,AWS Whitepaper,https://docs.aws.amazon.com/pdfs/whitepapers/latest/nhs-cloud-security-guidance-using-aws/nhs-cloud-security-guidance-using-aws.pdf
Using Microsoft Power BI with the AWS Cloud,AWS Whitepaper,https://docs.aws.amazon.com/pdfs/whitepapers/latest/using-power-bi-with-aws-cloud/using-power-bi-with-aws-cloud.pdf
Video Streaming Advertising Lens,AWS Well-Architected Framework,https://docs.aws.amazon.com/pdfs/wellarchitected/latest/video-streaming-advertising-lens/video-streaming-advertising-lens.pdf
Virtualize Cloud Managed Satellite Operations Centers on AWS,AWS Whitepaper,https://docs.aws.amazon.com/pdfs/whitepapers/latest/virtualize-satellite-operations-on-aws/virtualize-satellite-operations-on-aws.pdf
Web Application Hosting in the AWS Cloud,AWS Whitepaper,https://docs.aws.amazon.com/pdfs/whitepapers/latest/web-application-hosting-best-practices/web-application-hosting-best-practices.pdf
